threshold_T,rule,healthy_rise_samples,healthy_rise_false_alarms,healthy_rise_false_alarm_rate,d01_samples,d01_detected,d01_coverage,simulator_calls,margin_selection
0,D_M > T,360,176,0.4888888888888889,30,30,1.0,0,diagnostic_only
1,D_M > T,360,176,0.4888888888888889,30,30,1.0,0,diagnostic_only
2,D_M > T,360,176,0.4888888888888889,30,30,1.0,0,diagnostic_only
3,D_M > T,360,176,0.4888888888888889,30,30,1.0,0,diagnostic_only
4,D_M > T,360,176,0.4888888888888889,30,30,1.0,0,diagnostic_only
5,D_M > T,360,110,0.3055555555555556,30,30,1.0,0,diagnostic_only
6,D_M > T,360,70,0.19444444444444445,30,30,1.0,0,diagnostic_only
7,D_M > T,360,70,0.19444444444444445,30,30,1.0,0,diagnostic_only
8,D_M > T,360,70,0.19444444444444445,30,30,1.0,0,diagnostic_only
9,D_M > T,360,70,0.19444444444444445,30,30,1.0,0,diagnostic_only
10,D_M > T,360,58,0.16111111111111112,30,30,1.0,0,diagnostic_only
11,D_M > T,360,58,0.16111111111111112,30,30,1.0,0,diagnostic_only
12,D_M > T,360,58,0.16111111111111112,30,30,1.0,0,diagnostic_only
13,D_M > T,360,58,0.16111111111111112,30,30,1.0,0,diagnostic_only
14,D_M > T,360,58,0.16111111111111112,30,30,1.0,0,diagnostic_only
15,D_M > T,360,51,0.14166666666666666,30,30,1.0,0,diagnostic_only
16,D_M > T,360,25,0.06944444444444445,30,30,1.0,0,diagnostic_only
17,D_M > T,360,15,0.041666666666666664,30,30,1.0,0,diagnostic_only
18,D_M > T,360,8,0.022222222222222223,30,30,1.0,0,diagnostic_only
19,D_M > T,360,8,0.022222222222222223,30,30,1.0,0,diagnostic_only
20,D_M > T,360,8,0.022222222222222223,30,29,0.9666666666666667,0,diagnostic_only
21,D_M > T,360,6,0.016666666666666666,30,23,0.7666666666666667,0,diagnostic_only
22,D_M > T,360,0,0.0,30,22,0.7333333333333333,0,diagnostic_only
23,D_M > T,360,0,0.0,30,21,0.7,0,diagnostic_only
24,D_M > T,360,0,0.0,30,21,0.7,0,diagnostic_only
25,D_M > T,360,0,0.0,30,21,0.7,0,diagnostic_only
26,D_M > T,360,0,0.0,30,20,0.6666666666666666,0,diagnostic_only
27,D_M > T,360,0,0.0,30,16,0.5333333333333333,0,diagnostic_only
28,D_M > T,360,0,0.0,30,15,0.5,0,diagnostic_only
29,D_M > T,360,0,0.0,30,13,0.43333333333333335,0,diagnostic_only
30,D_M > T,360,0,0.0,30,13,0.43333333333333335,0,diagnostic_only
31,D_M > T,360,0,0.0,30,13,0.43333333333333335,0,diagnostic_only
32,D_M > T,360,0,0.0,30,13,0.43333333333333335,0,diagnostic_only
33,D_M > T,360,0,0.0,30,13,0.43333333333333335,0,diagnostic_only
34,D_M > T,360,0,0.0,30,13,0.43333333333333335,0,diagnostic_only
35,D_M > T,360,0,0.0,30,13,0.43333333333333335,0,diagnostic_only
36,D_M > T,360,0,0.0,30,12,0.4,0,diagnostic_only
37,D_M > T,360,0,0.0,30,12,0.4,0,diagnostic_only
38,D_M > T,360,0,0.0,30,9,0.3,0,diagnostic_only
39,D_M > T,360,0,0.0,30,9,0.3,0,diagnostic_only
40,D_M > T,360,0,0.0,30,7,0.23333333333333334,0,diagnostic_only
41,D_M > T,360,0,0.0,30,7,0.23333333333333334,0,diagnostic_only
42,D_M > T,360,0,0.0,30,7,0.23333333333333334,0,diagnostic_only
43,D_M > T,360,0,0.0,30,2,0.06666666666666667,0,diagnostic_only
44,D_M > T,360,0,0.0,30,2,0.06666666666666667,0,diagnostic_only
45,D_M > T,360,0,0.0,30,0,0.0,0,diagnostic_only
46,D_M > T,360,0,0.0,30,0,0.0,0,diagnostic_only
47,D_M > T,360,0,0.0,30,0,0.0,0,diagnostic_only
48,D_M > T,360,0,0.0,30,0,0.0,0,diagnostic_only
49,D_M > T,360,0,0.0,30,0,0.0,0,diagnostic_only
50,D_M > T,360,0,0.0,30,0,0.0,0,diagnostic_only
51,D_M > T,360,0,0.0,30,0,0.0,0,diagnostic_only
52,D_M > T,360,0,0.0,30,0,0.0,0,diagnostic_only
53,D_M > T,360,0,0.0,30,0,0.0,0,diagnostic_only
54,D_M > T,360,0,0.0,30,0,0.0,0,diagnostic_only
55,D_M > T,360,0,0.0,30,0,0.0,0,diagnostic_only
56,D_M > T,360,0,0.0,30,0,0.0,0,diagnostic_only
57,D_M > T,360,0,0.0,30,0,0.0,0,diagnostic_only
58,D_M > T,360,0,0.0,30,0,0.0,0,diagnostic_only
59,D_M > T,360,0,0.0,30,0,0.0,0,diagnostic_only
60,D_M > T,360,0,0.0,30,0,0.0,0,diagnostic_only
61,D_M > T,360,0,0.0,30,0,0.0,0,diagnostic_only
62,D_M > T,360,0,0.0,30,0,0.0,0,diagnostic_only
63,D_M > T,360,0,0.0,30,0,0.0,0,diagnostic_only
64,D_M > T,360,0,0.0,30,0,0.0,0,diagnostic_only
65,D_M > T,360,0,0.0,30,0,0.0,0,diagnostic_only
66,D_M > T,360,0,0.0,30,0,0.0,0,diagnostic_only
67,D_M > T,360,0,0.0,30,0,0.0,0,diagnostic_only
68,D_M > T,360,0,0.0,30,0,0.0,0,diagnostic_only
69,D_M > T,360,0,0.0,30,0,0.0,0,diagnostic_only
70,D_M > T,360,0,0.0,30,0,0.0,0,diagnostic_only
71,D_M > T,360,0,0.0,30,0,0.0,0,diagnostic_only
72,D_M > T,360,0,0.0,30,0,0.0,0,diagnostic_only
73,D_M > T,360,0,0.0,30,0,0.0,0,diagnostic_only
74,D_M > T,360,0,0.0,30,0,0.0,0,diagnostic_only
75,D_M > T,360,0,0.0,30,0,0.0,0,diagnostic_only
76,D_M > T,360,0,0.0,30,0,0.0,0,diagnostic_only
77,D_M > T,360,0,0.0,30,0,0.0,0,diagnostic_only
78,D_M > T,360,0,0.0,30,0,0.0,0,diagnostic_only
79,D_M > T,360,0,0.0,30,0,0.0,0,diagnostic_only
80,D_M > T,360,0,0.0,30,0,0.0,0,diagnostic_only
81,D_M > T,360,0,0.0,30,0,0.0,0,diagnostic_only
82,D_M > T,360,0,0.0,30,0,0.0,0,diagnostic_only
83,D_M > T,360,0,0.0,30,0,0.0,0,diagnostic_only
84,D_M > T,360,0,0.0,30,0,0.0,0,diagnostic_only
85,D_M > T,360,0,0.0,30,0,0.0,0,diagnostic_only
86,D_M > T,360,0,0.0,30,0,0.0,0,diagnostic_only
87,D_M > T,360,0,0.0,30,0,0.0,0,diagnostic_only
88,D_M > T,360,0,0.0,30,0,0.0,0,diagnostic_only
89,D_M > T,360,0,0.0,30,0,0.0,0,diagnostic_only
90,D_M > T,360,0,0.0,30,0,0.0,0,diagnostic_only
91,D_M > T,360,0,0.0,30,0,0.0,0,diagnostic_only
92,D_M > T,360,0,0.0,30,0,0.0,0,diagnostic_only
93,D_M > T,360,0,0.0,30,0,0.0,0,diagnostic_only
94,D_M > T,360,0,0.0,30,0,0.0,0,diagnostic_only
95,D_M > T,360,0,0.0,30,0,0.0,0,diagnostic_only
96,D_M > T,360,0,0.0,30,0,0.0,0,diagnostic_only
97,D_M > T,360,0,0.0,30,0,0.0,0,diagnostic_only
98,D_M > T,360,0,0.0,30,0,0.0,0,diagnostic_only
99,D_M > T,360,0,0.0,30,0,0.0,0,diagnostic_only
100,D_M > T,360,0,0.0,30,0,0.0,0,diagnostic_only
101,D_M > T,360,0,0.0,30,0,0.0,0,diagnostic_only
102,D_M > T,360,0,0.0,30,0,0.0,0,diagnostic_only
103,D_M > T,360,0,0.0,30,0,0.0,0,diagnostic_only
104,D_M > T,360,0,0.0,30,0,0.0,0,diagnostic_only
105,D_M > T,360,0,0.0,30,0,0.0,0,diagnostic_only
106,D_M > T,360,0,0.0,30,0,0.0,0,diagnostic_only
107,D_M > T,360,0,0.0,30,0,0.0,0,diagnostic_only
108,D_M > T,360,0,0.0,30,0,0.0,0,diagnostic_only
109,D_M > T,360,0,0.0,30,0,0.0,0,diagnostic_only
110,D_M > T,360,0,0.0,30,0,0.0,0,diagnostic_only
111,D_M > T,360,0,0.0,30,0,0.0,0,diagnostic_only
112,D_M > T,360,0,0.0,30,0,0.0,0,diagnostic_only
113,D_M > T,360,0,0.0,30,0,0.0,0,diagnostic_only
114,D_M > T,360,0,0.0,30,0,0.0,0,diagnostic_only
115,D_M > T,360,0,0.0,30,0,0.0,0,diagnostic_only
116,D_M > T,360,0,0.0,30,0,0.0,0,diagnostic_only
117,D_M > T,360,0,0.0,30,0,0.0,0,diagnostic_only
118,D_M > T,360,0,0.0,30,0,0.0,0,diagnostic_only
119,D_M > T,360,0,0.0,30,0,0.0,0,diagnostic_only
120,D_M > T,360,0,0.0,30,0,0.0,0,diagnostic_only
121,D_M > T,360,0,0.0,30,0,0.0,0,diagnostic_only
122,D_M > T,360,0,0.0,30,0,0.0,0,diagnostic_only
123,D_M > T,360,0,0.0,30,0,0.0,0,diagnostic_only
124,D_M > T,360,0,0.0,30,0,0.0,0,diagnostic_only
125,D_M > T,360,0,0.0,30,0,0.0,0,diagnostic_only
126,D_M > T,360,0,0.0,30,0,0.0,0,diagnostic_only
127,D_M > T,360,0,0.0,30,0,0.0,0,diagnostic_only
128,D_M > T,360,0,0.0,30,0,0.0,0,diagnostic_only
129,D_M > T,360,0,0.0,30,0,0.0,0,diagnostic_only
130,D_M > T,360,0,0.0,30,0,0.0,0,diagnostic_only
131,D_M > T,360,0,0.0,30,0,0.0,0,diagnostic_only
132,D_M > T,360,0,0.0,30,0,0.0,0,diagnostic_only
133,D_M > T,360,0,0.0,30,0,0.0,0,diagnostic_only
134,D_M > T,360,0,0.0,30,0,0.0,0,diagnostic_only
135,D_M > T,360,0,0.0,30,0,0.0,0,diagnostic_only
136,D_M > T,360,0,0.0,30,0,0.0,0,diagnostic_only
137,D_M > T,360,0,0.0,30,0,0.0,0,diagnostic_only
138,D_M > T,360,0,0.0,30,0,0.0,0,diagnostic_only
139,D_M > T,360,0,0.0,30,0,0.0,0,diagnostic_only
140,D_M > T,360,0,0.0,30,0,0.0,0,diagnostic_only
141,D_M > T,360,0,0.0,30,0,0.0,0,diagnostic_only
142,D_M > T,360,0,0.0,30,0,0.0,0,diagnostic_only
143,D_M > T,360,0,0.0,30,0,0.0,0,diagnostic_only
144,D_M > T,360,0,0.0,30,0,0.0,0,diagnostic_only
145,D_M > T,360,0,0.0,30,0,0.0,0,diagnostic_only
146,D_M > T,360,0,0.0,30,0,0.0,0,diagnostic_only
147,D_M > T,360,0,0.0,30,0,0.0,0,diagnostic_only
148,D_M > T,360,0,0.0,30,0,0.0,0,diagnostic_only
149,D_M > T,360,0,0.0,30,0,0.0,0,diagnostic_only
150,D_M > T,360,0,0.0,30,0,0.0,0,diagnostic_only
151,D_M > T,360,0,0.0,30,0,0.0,0,diagnostic_only
152,D_M > T,360,0,0.0,30,0,0.0,0,diagnostic_only
153,D_M > T,360,0,0.0,30,0,0.0,0,diagnostic_only
154,D_M > T,360,0,0.0,30,0,0.0,0,diagnostic_only
155,D_M > T,360,0,0.0,30,0,0.0,0,diagnostic_only
156,D_M > T,360,0,0.0,30,0,0.0,0,diagnostic_only
157,D_M > T,360,0,0.0,30,0,0.0,0,diagnostic_only
158,D_M > T,360,0,0.0,30,0,0.0,0,diagnostic_only
159,D_M > T,360,0,0.0,30,0,0.0,0,diagnostic_only
160,D_M > T,360,0,0.0,30,0,0.0,0,diagnostic_only
161,D_M > T,360,0,0.0,30,0,0.0,0,diagnostic_only
162,D_M > T,360,0,0.0,30,0,0.0,0,diagnostic_only
163,D_M > T,360,0,0.0,30,0,0.0,0,diagnostic_only
164,D_M > T,360,0,0.0,30,0,0.0,0,diagnostic_only
165,D_M > T,360,0,0.0,30,0,0.0,0,diagnostic_only
166,D_M > T,360,0,0.0,30,0,0.0,0,diagnostic_only
167,D_M > T,360,0,0.0,30,0,0.0,0,diagnostic_only
168,D_M > T,360,0,0.0,30,0,0.0,0,diagnostic_only
169,D_M > T,360,0,0.0,30,0,0.0,0,diagnostic_only
170,D_M > T,360,0,0.0,30,0,0.0,0,diagnostic_only
171,D_M > T,360,0,0.0,30,0,0.0,0,diagnostic_only
172,D_M > T,360,0,0.0,30,0,0.0,0,diagnostic_only
173,D_M > T,360,0,0.0,30,0,0.0,0,diagnostic_only
174,D_M > T,360,0,0.0,30,0,0.0,0,diagnostic_only
175,D_M > T,360,0,0.0,30,0,0.0,0,diagnostic_only
176,D_M > T,360,0,0.0,30,0,0.0,0,diagnostic_only
177,D_M > T,360,0,0.0,30,0,0.0,0,diagnostic_only
178,D_M > T,360,0,0.0,30,0,0.0,0,diagnostic_only
179,D_M > T,360,0,0.0,30,0,0.0,0,diagnostic_only
180,D_M > T,360,0,0.0,30,0,0.0,0,diagnostic_only
181,D_M > T,360,0,0.0,30,0,0.0,0,diagnostic_only
182,D_M > T,360,0,0.0,30,0,0.0,0,diagnostic_only
183,D_M > T,360,0,0.0,30,0,0.0,0,diagnostic_only
184,D_M > T,360,0,0.0,30,0,0.0,0,diagnostic_only
185,D_M > T,360,0,0.0,30,0,0.0,0,diagnostic_only
186,D_M > T,360,0,0.0,30,0,0.0,0,diagnostic_only
187,D_M > T,360,0,0.0,30,0,0.0,0,diagnostic_only
188,D_M > T,360,0,0.0,30,0,0.0,0,diagnostic_only
189,D_M > T,360,0,0.0,30,0,0.0,0,diagnostic_only
190,D_M > T,360,0,0.0,30,0,0.0,0,diagnostic_only
191,D_M > T,360,0,0.0,30,0,0.0,0,diagnostic_only
192,D_M > T,360,0,0.0,30,0,0.0,0,diagnostic_only
193,D_M > T,360,0,0.0,30,0,0.0,0,diagnostic_only
194,D_M > T,360,0,0.0,30,0,0.0,0,diagnostic_only
195,D_M > T,360,0,0.0,30,0,0.0,0,diagnostic_only
196,D_M > T,360,0,0.0,30,0,0.0,0,diagnostic_only
197,D_M > T,360,0,0.0,30,0,0.0,0,diagnostic_only
198,D_M > T,360,0,0.0,30,0,0.0,0,diagnostic_only
199,D_M > T,360,0,0.0,30,0,0.0,0,diagnostic_only
200,D_M > T,360,0,0.0,30,0,0.0,0,diagnostic_only
201,D_M > T,360,0,0.0,30,0,0.0,0,diagnostic_only
202,D_M > T,360,0,0.0,30,0,0.0,0,diagnostic_only
203,D_M > T,360,0,0.0,30,0,0.0,0,diagnostic_only
204,D_M > T,360,0,0.0,30,0,0.0,0,diagnostic_only
205,D_M > T,360,0,0.0,30,0,0.0,0,diagnostic_only
206,D_M > T,360,0,0.0,30,0,0.0,0,diagnostic_only
207,D_M > T,360,0,0.0,30,0,0.0,0,diagnostic_only
208,D_M > T,360,0,0.0,30,0,0.0,0,diagnostic_only
209,D_M > T,360,0,0.0,30,0,0.0,0,diagnostic_only
210,D_M > T,360,0,0.0,30,0,0.0,0,diagnostic_only
211,D_M > T,360,0,0.0,30,0,0.0,0,diagnostic_only
212,D_M > T,360,0,0.0,30,0,0.0,0,diagnostic_only
213,D_M > T,360,0,0.0,30,0,0.0,0,diagnostic_only
214,D_M > T,360,0,0.0,30,0,0.0,0,diagnostic_only
215,D_M > T,360,0,0.0,30,0,0.0,0,diagnostic_only
216,D_M > T,360,0,0.0,30,0,0.0,0,diagnostic_only
217,D_M > T,360,0,0.0,30,0,0.0,0,diagnostic_only
218,D_M > T,360,0,0.0,30,0,0.0,0,diagnostic_only
219,D_M > T,360,0,0.0,30,0,0.0,0,diagnostic_only
220,D_M > T,360,0,0.0,30,0,0.0,0,diagnostic_only
221,D_M > T,360,0,0.0,30,0,0.0,0,diagnostic_only
222,D_M > T,360,0,0.0,30,0,0.0,0,diagnostic_only
223,D_M > T,360,0,0.0,30,0,0.0,0,diagnostic_only
224,D_M > T,360,0,0.0,30,0,0.0,0,diagnostic_only
225,D_M > T,360,0,0.0,30,0,0.0,0,diagnostic_only
226,D_M > T,360,0,0.0,30,0,0.0,0,diagnostic_only
227,D_M > T,360,0,0.0,30,0,0.0,0,diagnostic_only
228,D_M > T,360,0,0.0,30,0,0.0,0,diagnostic_only
229,D_M > T,360,0,0.0,30,0,0.0,0,diagnostic_only
230,D_M > T,360,0,0.0,30,0,0.0,0,diagnostic_only
231,D_M > T,360,0,0.0,30,0,0.0,0,diagnostic_only
232,D_M > T,360,0,0.0,30,0,0.0,0,diagnostic_only
233,D_M > T,360,0,0.0,30,0,0.0,0,diagnostic_only
234,D_M > T,360,0,0.0,30,0,0.0,0,diagnostic_only
235,D_M > T,360,0,0.0,30,0,0.0,0,diagnostic_only
236,D_M > T,360,0,0.0,30,0,0.0,0,diagnostic_only
237,D_M > T,360,0,0.0,30,0,0.0,0,diagnostic_only
238,D_M > T,360,0,0.0,30,0,0.0,0,diagnostic_only
239,D_M > T,360,0,0.0,30,0,0.0,0,diagnostic_only
240,D_M > T,360,0,0.0,30,0,0.0,0,diagnostic_only
241,D_M > T,360,0,0.0,30,0,0.0,0,diagnostic_only
242,D_M > T,360,0,0.0,30,0,0.0,0,diagnostic_only
243,D_M > T,360,0,0.0,30,0,0.0,0,diagnostic_only
244,D_M > T,360,0,0.0,30,0,0.0,0,diagnostic_only
245,D_M > T,360,0,0.0,30,0,0.0,0,diagnostic_only
246,D_M > T,360,0,0.0,30,0,0.0,0,diagnostic_only
247,D_M > T,360,0,0.0,30,0,0.0,0,diagnostic_only
248,D_M > T,360,0,0.0,30,0,0.0,0,diagnostic_only
249,D_M > T,360,0,0.0,30,0,0.0,0,diagnostic_only
250,D_M > T,360,0,0.0,30,0,0.0,0,diagnostic_only
251,D_M > T,360,0,0.0,30,0,0.0,0,diagnostic_only
252,D_M > T,360,0,0.0,30,0,0.0,0,diagnostic_only
253,D_M > T,360,0,0.0,30,0,0.0,0,diagnostic_only
254,D_M > T,360,0,0.0,30,0,0.0,0,diagnostic_only
255,D_M > T,360,0,0.0,30,0,0.0,0,diagnostic_only
256,D_M > T,360,0,0.0,30,0,0.0,0,diagnostic_only
257,D_M > T,360,0,0.0,30,0,0.0,0,diagnostic_only
258,D_M > T,360,0,0.0,30,0,0.0,0,diagnostic_only
259,D_M > T,360,0,0.0,30,0,0.0,0,diagnostic_only
260,D_M > T,360,0,0.0,30,0,0.0,0,diagnostic_only
261,D_M > T,360,0,0.0,30,0,0.0,0,diagnostic_only
262,D_M > T,360,0,0.0,30,0,0.0,0,diagnostic_only
263,D_M > T,360,0,0.0,30,0,0.0,0,diagnostic_only
264,D_M > T,360,0,0.0,30,0,0.0,0,diagnostic_only
265,D_M > T,360,0,0.0,30,0,0.0,0,diagnostic_only
266,D_M > T,360,0,0.0,30,0,0.0,0,diagnostic_only
267,D_M > T,360,0,0.0,30,0,0.0,0,diagnostic_only
268,D_M > T,360,0,0.0,30,0,0.0,0,diagnostic_only
269,D_M > T,360,0,0.0,30,0,0.0,0,diagnostic_only
270,D_M > T,360,0,0.0,30,0,0.0,0,diagnostic_only
271,D_M > T,360,0,0.0,30,0,0.0,0,diagnostic_only
272,D_M > T,360,0,0.0,30,0,0.0,0,diagnostic_only
273,D_M > T,360,0,0.0,30,0,0.0,0,diagnostic_only
274,D_M > T,360,0,0.0,30,0,0.0,0,diagnostic_only
275,D_M > T,360,0,0.0,30,0,0.0,0,diagnostic_only
276,D_M > T,360,0,0.0,30,0,0.0,0,diagnostic_only
277,D_M > T,360,0,0.0,30,0,0.0,0,diagnostic_only
278,D_M > T,360,0,0.0,30,0,0.0,0,diagnostic_only
279,D_M > T,360,0,0.0,30,0,0.0,0,diagnostic_only
280,D_M > T,360,0,0.0,30,0,0.0,0,diagnostic_only
281,D_M > T,360,0,0.0,30,0,0.0,0,diagnostic_only
282,D_M > T,360,0,0.0,30,0,0.0,0,diagnostic_only
283,D_M > T,360,0,0.0,30,0,0.0,0,diagnostic_only
284,D_M > T,360,0,0.0,30,0,0.0,0,diagnostic_only
285,D_M > T,360,0,0.0,30,0,0.0,0,diagnostic_only
286,D_M > T,360,0,0.0,30,0,0.0,0,diagnostic_only
287,D_M > T,360,0,0.0,30,0,0.0,0,diagnostic_only
288,D_M > T,360,0,0.0,30,0,0.0,0,diagnostic_only
289,D_M > T,360,0,0.0,30,0,0.0,0,diagnostic_only
290,D_M > T,360,0,0.0,30,0,0.0,0,diagnostic_only
291,D_M > T,360,0,0.0,30,0,0.0,0,diagnostic_only
292,D_M > T,360,0,0.0,30,0,0.0,0,diagnostic_only
293,D_M > T,360,0,0.0,30,0,0.0,0,diagnostic_only
294,D_M > T,360,0,0.0,30,0,0.0,0,diagnostic_only
295,D_M > T,360,0,0.0,30,0,0.0,0,diagnostic_only
296,D_M > T,360,0,0.0,30,0,0.0,0,diagnostic_only
297,D_M > T,360,0,0.0,30,0,0.0,0,diagnostic_only
298,D_M > T,360,0,0.0,30,0,0.0,0,diagnostic_only
299,D_M > T,360,0,0.0,30,0,0.0,0,diagnostic_only
300,D_M > T,360,0,0.0,30,0,0.0,0,diagnostic_only
301,D_M > T,360,0,0.0,30,0,0.0,0,diagnostic_only
302,D_M > T,360,0,0.0,30,0,0.0,0,diagnostic_only
303,D_M > T,360,0,0.0,30,0,0.0,0,diagnostic_only
304,D_M > T,360,0,0.0,30,0,0.0,0,diagnostic_only
305,D_M > T,360,0,0.0,30,0,0.0,0,diagnostic_only
306,D_M > T,360,0,0.0,30,0,0.0,0,diagnostic_only
307,D_M > T,360,0,0.0,30,0,0.0,0,diagnostic_only
308,D_M > T,360,0,0.0,30,0,0.0,0,diagnostic_only
309,D_M > T,360,0,0.0,30,0,0.0,0,diagnostic_only
310,D_M > T,360,0,0.0,30,0,0.0,0,diagnostic_only
311,D_M > T,360,0,0.0,30,0,0.0,0,diagnostic_only
312,D_M > T,360,0,0.0,30,0,0.0,0,diagnostic_only
313,D_M > T,360,0,0.0,30,0,0.0,0,diagnostic_only
314,D_M > T,360,0,0.0,30,0,0.0,0,diagnostic_only
315,D_M > T,360,0,0.0,30,0,0.0,0,diagnostic_only
316,D_M > T,360,0,0.0,30,0,0.0,0,diagnostic_only
317,D_M > T,360,0,0.0,30,0,0.0,0,diagnostic_only
318,D_M > T,360,0,0.0,30,0,0.0,0,diagnostic_only
319,D_M > T,360,0,0.0,30,0,0.0,0,diagnostic_only
320,D_M > T,360,0,0.0,30,0,0.0,0,diagnostic_only
321,D_M > T,360,0,0.0,30,0,0.0,0,diagnostic_only
322,D_M > T,360,0,0.0,30,0,0.0,0,diagnostic_only
323,D_M > T,360,0,0.0,30,0,0.0,0,diagnostic_only
324,D_M > T,360,0,0.0,30,0,0.0,0,diagnostic_only
325,D_M > T,360,0,0.0,30,0,0.0,0,diagnostic_only
326,D_M > T,360,0,0.0,30,0,0.0,0,diagnostic_only
327,D_M > T,360,0,0.0,30,0,0.0,0,diagnostic_only
328,D_M > T,360,0,0.0,30,0,0.0,0,diagnostic_only
329,D_M > T,360,0,0.0,30,0,0.0,0,diagnostic_only
330,D_M > T,360,0,0.0,30,0,0.0,0,diagnostic_only
331,D_M > T,360,0,0.0,30,0,0.0,0,diagnostic_only
332,D_M > T,360,0,0.0,30,0,0.0,0,diagnostic_only
333,D_M > T,360,0,0.0,30,0,0.0,0,diagnostic_only
334,D_M > T,360,0,0.0,30,0,0.0,0,diagnostic_only
335,D_M > T,360,0,0.0,30,0,0.0,0,diagnostic_only
336,D_M > T,360,0,0.0,30,0,0.0,0,diagnostic_only
337,D_M > T,360,0,0.0,30,0,0.0,0,diagnostic_only
338,D_M > T,360,0,0.0,30,0,0.0,0,diagnostic_only
339,D_M > T,360,0,0.0,30,0,0.0,0,diagnostic_only
340,D_M > T,360,0,0.0,30,0,0.0,0,diagnostic_only
341,D_M > T,360,0,0.0,30,0,0.0,0,diagnostic_only
342,D_M > T,360,0,0.0,30,0,0.0,0,diagnostic_only
343,D_M > T,360,0,0.0,30,0,0.0,0,diagnostic_only
344,D_M > T,360,0,0.0,30,0,0.0,0,diagnostic_only
345,D_M > T,360,0,0.0,30,0,0.0,0,diagnostic_only
346,D_M > T,360,0,0.0,30,0,0.0,0,diagnostic_only
347,D_M > T,360,0,0.0,30,0,0.0,0,diagnostic_only
348,D_M > T,360,0,0.0,30,0,0.0,0,diagnostic_only
349,D_M > T,360,0,0.0,30,0,0.0,0,diagnostic_only
350,D_M > T,360,0,0.0,30,0,0.0,0,diagnostic_only
351,D_M > T,360,0,0.0,30,0,0.0,0,diagnostic_only
352,D_M > T,360,0,0.0,30,0,0.0,0,diagnostic_only
353,D_M > T,360,0,0.0,30,0,0.0,0,diagnostic_only
354,D_M > T,360,0,0.0,30,0,0.0,0,diagnostic_only
355,D_M > T,360,0,0.0,30,0,0.0,0,diagnostic_only
356,D_M > T,360,0,0.0,30,0,0.0,0,diagnostic_only
357,D_M > T,360,0,0.0,30,0,0.0,0,diagnostic_only
358,D_M > T,360,0,0.0,30,0,0.0,0,diagnostic_only
359,D_M > T,360,0,0.0,30,0,0.0,0,diagnostic_only
360,D_M > T,360,0,0.0,30,0,0.0,0,diagnostic_only
361,D_M > T,360,0,0.0,30,0,0.0,0,diagnostic_only
362,D_M > T,360,0,0.0,30,0,0.0,0,diagnostic_only
363,D_M > T,360,0,0.0,30,0,0.0,0,diagnostic_only
364,D_M > T,360,0,0.0,30,0,0.0,0,diagnostic_only
365,D_M > T,360,0,0.0,30,0,0.0,0,diagnostic_only
366,D_M > T,360,0,0.0,30,0,0.0,0,diagnostic_only
367,D_M > T,360,0,0.0,30,0,0.0,0,diagnostic_only
368,D_M > T,360,0,0.0,30,0,0.0,0,diagnostic_only
369,D_M > T,360,0,0.0,30,0,0.0,0,diagnostic_only
370,D_M > T,360,0,0.0,30,0,0.0,0,diagnostic_only
371,D_M > T,360,0,0.0,30,0,0.0,0,diagnostic_only
372,D_M > T,360,0,0.0,30,0,0.0,0,diagnostic_only
373,D_M > T,360,0,0.0,30,0,0.0,0,diagnostic_only
374,D_M > T,360,0,0.0,30,0,0.0,0,diagnostic_only
375,D_M > T,360,0,0.0,30,0,0.0,0,diagnostic_only
376,D_M > T,360,0,0.0,30,0,0.0,0,diagnostic_only
377,D_M > T,360,0,0.0,30,0,0.0,0,diagnostic_only
378,D_M > T,360,0,0.0,30,0,0.0,0,diagnostic_only
379,D_M > T,360,0,0.0,30,0,0.0,0,diagnostic_only
380,D_M > T,360,0,0.0,30,0,0.0,0,diagnostic_only
381,D_M > T,360,0,0.0,30,0,0.0,0,diagnostic_only
382,D_M > T,360,0,0.0,30,0,0.0,0,diagnostic_only
383,D_M > T,360,0,0.0,30,0,0.0,0,diagnostic_only
384,D_M > T,360,0,0.0,30,0,0.0,0,diagnostic_only
385,D_M > T,360,0,0.0,30,0,0.0,0,diagnostic_only
386,D_M > T,360,0,0.0,30,0,0.0,0,diagnostic_only
387,D_M > T,360,0,0.0,30,0,0.0,0,diagnostic_only
388,D_M > T,360,0,0.0,30,0,0.0,0,diagnostic_only
389,D_M > T,360,0,0.0,30,0,0.0,0,diagnostic_only
390,D_M > T,360,0,0.0,30,0,0.0,0,diagnostic_only
391,D_M > T,360,0,0.0,30,0,0.0,0,diagnostic_only
392,D_M > T,360,0,0.0,30,0,0.0,0,diagnostic_only
393,D_M > T,360,0,0.0,30,0,0.0,0,diagnostic_only
394,D_M > T,360,0,0.0,30,0,0.0,0,diagnostic_only
395,D_M > T,360,0,0.0,30,0,0.0,0,diagnostic_only
396,D_M > T,360,0,0.0,30,0,0.0,0,diagnostic_only
397,D_M > T,360,0,0.0,30,0,0.0,0,diagnostic_only
398,D_M > T,360,0,0.0,30,0,0.0,0,diagnostic_only
399,D_M > T,360,0,0.0,30,0,0.0,0,diagnostic_only
400,D_M > T,360,0,0.0,30,0,0.0,0,diagnostic_only
401,D_M > T,360,0,0.0,30,0,0.0,0,diagnostic_only
402,D_M > T,360,0,0.0,30,0,0.0,0,diagnostic_only
403,D_M > T,360,0,0.0,30,0,0.0,0,diagnostic_only
404,D_M > T,360,0,0.0,30,0,0.0,0,diagnostic_only
405,D_M > T,360,0,0.0,30,0,0.0,0,diagnostic_only
406,D_M > T,360,0,0.0,30,0,0.0,0,diagnostic_only
407,D_M > T,360,0,0.0,30,0,0.0,0,diagnostic_only
408,D_M > T,360,0,0.0,30,0,0.0,0,diagnostic_only
409,D_M > T,360,0,0.0,30,0,0.0,0,diagnostic_only
410,D_M > T,360,0,0.0,30,0,0.0,0,diagnostic_only
411,D_M > T,360,0,0.0,30,0,0.0,0,diagnostic_only
412,D_M > T,360,0,0.0,30,0,0.0,0,diagnostic_only
413,D_M > T,360,0,0.0,30,0,0.0,0,diagnostic_only
414,D_M > T,360,0,0.0,30,0,0.0,0,diagnostic_only
415,D_M > T,360,0,0.0,30,0,0.0,0,diagnostic_only
416,D_M > T,360,0,0.0,30,0,0.0,0,diagnostic_only
417,D_M > T,360,0,0.0,30,0,0.0,0,diagnostic_only
418,D_M > T,360,0,0.0,30,0,0.0,0,diagnostic_only
419,D_M > T,360,0,0.0,30,0,0.0,0,diagnostic_only
420,D_M > T,360,0,0.0,30,0,0.0,0,diagnostic_only
421,D_M > T,360,0,0.0,30,0,0.0,0,diagnostic_only
422,D_M > T,360,0,0.0,30,0,0.0,0,diagnostic_only
423,D_M > T,360,0,0.0,30,0,0.0,0,diagnostic_only
424,D_M > T,360,0,0.0,30,0,0.0,0,diagnostic_only
425,D_M > T,360,0,0.0,30,0,0.0,0,diagnostic_only
426,D_M > T,360,0,0.0,30,0,0.0,0,diagnostic_only
427,D_M > T,360,0,0.0,30,0,0.0,0,diagnostic_only
428,D_M > T,360,0,0.0,30,0,0.0,0,diagnostic_only
429,D_M > T,360,0,0.0,30,0,0.0,0,diagnostic_only
430,D_M > T,360,0,0.0,30,0,0.0,0,diagnostic_only
431,D_M > T,360,0,0.0,30,0,0.0,0,diagnostic_only
432,D_M > T,360,0,0.0,30,0,0.0,0,diagnostic_only
433,D_M > T,360,0,0.0,30,0,0.0,0,diagnostic_only
434,D_M > T,360,0,0.0,30,0,0.0,0,diagnostic_only
435,D_M > T,360,0,0.0,30,0,0.0,0,diagnostic_only
