candidate_id,cell,size_tier,logic_family,signal_pin,control_pin,single_load_valid,control_mapping_stable,unit_delta_ps_by_vdd,fine_range_8_ps_by_vdd,K_pred_by_vdd,K_candidate,delta_fine_max_ps_by_vdd,settling_max_ps_by_vdd,monotonic,decision,reasons
NAND2_X0P7B_A9TL40__signal_A,NAND2_X0P7B_A9TL40,0P7,NAND2,A,B,True,True,"{""0.80"": 0.256151000000159, ""0.95"": 0.22704800000013847, ""1.10"": 0.2439139999999611}","{""0.80"": 3.6841110000001436, ""0.95"": 3.3615659999998684, ""1.10"": 4.039702000000148}","{""0.80"": 146, ""0.95"": 105, ""1.10"": 67}",146,"{""0.80"": 0.514409999999998, ""0.95"": 0.605555000000038, ""1.10"": 0.546160000000043}","{""0.80"": 92.0220499999999, ""0.95"": 64.961985, ""1.10"": 52.185362000000104}",True,REJECTED,"[""K_candidate exceeds 64""]"
NAND2_X0P7B_A9TL40__signal_B,NAND2_X0P7B_A9TL40,0P7,NAND2,B,A,True,True,"{""0.80"": 0.027013000000010834, ""0.95"": 0.020574999999894317, ""1.10"": 0.04067499999990787}","{""0.80"": 0.3634819999999763, ""0.95"": 1.176240000000007, ""1.10"": 1.610275999999942}","{""0.80"": 1472, ""0.95"": 300, ""1.10"": 168}",1472,"{""0.80"": 0.0875789999998915, ""0.95"": 0.19405199999988554, ""1.10"": 0.21934800000013865}","{""0.80"": 92.65616000000003, ""0.95"": 64.63911800000001, ""1.10"": 51.772979999999954}",False,REJECTED,"[""0.80 V rising delay is not strictly monotonic"", ""K_candidate exceeds 64""]"
NAND2_X1M_A9TL40__signal_A,NAND2_X1M_A9TL40,1,NAND2,A,B,True,True,"{""0.80"": 0.40430800000001454, ""0.95"": 0.3448779999999374, ""1.10"": 0.3794070000000147}","{""0.80"": 5.971722999999997, ""0.95"": 6.440552000000082, ""1.10"": 6.721946000000003}","{""0.80"": 90, ""0.95"": 55, ""1.10"": 41}",90,"{""0.80"": 0.8936629999999468, ""0.95"": 0.8775410000000079, ""1.10"": 1.1533610000001886}","{""0.80"": 118.18501999999992, ""0.95"": 84.00442799999992, ""1.10"": 67.87440099999999}",True,REJECTED,"[""K_candidate exceeds 64""]"
NAND2_X1M_A9TL40__signal_B,NAND2_X1M_A9TL40,1,NAND2,B,A,True,True,"{""0.80"": 0.058016000000066015, ""0.95"": 0.043576999999913824, ""1.10"": 0.09445100000004913}","{""0.80"": 1.8169060000000172, ""0.95"": 2.1473370000001637, ""1.10"": 2.950480999999911}","{""0.80"": 295, ""0.95"": 165, ""1.10"": 92}",295,"{""0.80"": 0.2510229999999183, ""0.95"": 0.3140910000001327, ""1.10"": 0.4048439999999687}","{""0.80"": 117.88970799999996, ""0.95"": 83.41167600000009, ""1.10"": 67.13774000000011}",True,REJECTED,"[""K_candidate exceeds 64""]"
NAND2_X1P4B_A9TL40__signal_A,NAND2_X1P4B_A9TL40,1P4,NAND2,A,B,True,True,"{""0.80"": 0.4302770000001601, ""0.95"": 0.5122099999999818, ""1.10"": 0.5585420000000454}","{""0.80"": 10.795164000000227, ""0.95"": 10.854267999999934, ""1.10"": 11.610419999999976}","{""0.80"": 50, ""0.95"": 33, ""1.10"": 24}",50,"{""0.80"": 1.5369710000001078, ""0.95"": 1.6071979999999826, ""1.10"": 1.8694060000000263}","{""0.80"": 175.984447, ""0.95"": 124.693076, ""1.10"": 101.853778}",True,GO,[]
NAND2_X1P4B_A9TL40__signal_B,NAND2_X1P4B_A9TL40,1P4,NAND2,B,A,True,True,"{""0.80"": 0.0033110000000533546, ""0.95"": 0.09621500000002925, ""1.10"": 0.13580899999999474}","{""0.80"": 3.3661579999999276, ""0.95"": 4.554257000000064, ""1.10"": 5.501142999999956}","{""0.80"": 159, ""0.95"": 78, ""1.10"": 50}",159,"{""0.80"": 0.49882899999988695, ""0.95"": 0.6897420000000807, ""1.10"": 0.7565820000000372}","{""0.80"": 173.85020299999985, ""0.95"": 123.57619599999995, ""1.10"": 100.4749569999999}",True,REJECTED,"[""K_candidate exceeds 64""]"
NAND2_X2M_A9TL40__signal_A,NAND2_X2M_A9TL40,2,NAND2,A,B,True,True,"{""0.80"": 0.6994039999999586, ""0.95"": 0.8197039999998879, ""1.10"": 0.7840109999999072}","{""0.80"": 17.576847000000043, ""0.95"": 20.620866999999976, ""1.10"": 20.053252000000043}","{""0.80"": 31, ""0.95"": 18, ""1.10"": 14}",31,"{""0.80"": 3.2677480000002106, ""0.95"": 3.603494000000069, ""1.10"": 3.4175140000000397}","{""0.80"": 225.2609160000001, ""0.95"": 162.66469600000002, ""1.10"": 131.1401280000001}",True,GO,[]
NAND2_X2M_A9TL40__signal_B,NAND2_X2M_A9TL40,2,NAND2,B,A,True,True,"{""0.80"": 0.04292899999995825, ""0.95"": 0.184409000000187, ""1.10"": 0.21503999999981716}","{""0.80"": 6.14357799999982, ""0.95"": 7.824621999999863, ""1.10"": 8.801730000000077}","{""0.80"": 88, ""0.95"": 46, ""1.10"": 31}",88,"{""0.80"": 0.9597849999998971, ""0.95"": 1.08564999999993, ""1.10"": 1.1935929999999644}","{""0.80"": 224.317061, ""0.95"": 160.5210720000001, ""1.10"": 128.53960900000004}",True,REJECTED,"[""K_candidate exceeds 64""]"
NAND2_X3M_A9TL40__signal_A,NAND2_X3M_A9TL40,3,NAND2,A,B,True,True,"{""0.80"": 1.3585599999998976, ""0.95"": 1.460192999999947, ""1.10"": 1.3695109999999886}","{""0.80"": 36.765141000000085, ""0.95"": 37.71113800000006, ""1.10"": 34.24658100000016}","{""0.80"": 15, ""0.95"": 10, ""1.10"": 8}",15,"{""0.80"": 7.09746100000018, ""0.95"": 6.38735099999991, ""1.10"": 5.2786790000001815}","{""0.80"": 330.6273220000003, ""0.95"": 238.20065400000004, ""1.10"": 194.59313700000016}",True,GO,[]
NAND2_X3M_A9TL40__signal_B,NAND2_X3M_A9TL40,3,NAND2,B,A,True,True,"{""0.80"": 0.22988699999996243, ""0.95"": 0.41088999999982434, ""1.10"": 0.46439299999997274}","{""0.80"": 12.835314999999923, ""0.95"": 15.565904000000103, ""1.10"": 17.52832499999994}","{""0.80"": 42, ""0.95"": 23, ""1.10"": 16}",42,"{""0.80"": 1.8651529999998502, ""0.95"": 2.436140000000023, ""1.10"": 2.7772219999999948}","{""0.80"": 329.398526, ""0.95"": 235.99583499999997, ""1.10"": 190.40416499999992}",True,GO,[]
NAND2_X4M_A9TL40__signal_A,NAND2_X4M_A9TL40,4,NAND2,A,B,True,True,"{""0.80"": 1.836559999999963, ""0.95"": 1.997203999999897, ""1.10"": 2.31120999999996}","{""0.80"": 61.07825199999991, ""0.95"": 55.26575000000008, ""1.10"": 48.10869199999996}","{""0.80"": 9, ""0.95"": 7, ""1.10"": 6}",9,"{""0.80"": 11.321626999999921, ""0.95"": 8.429444000000103, ""1.10"": 6.9425730000000385}","{""0.80"": 438.55314500000014, ""0.95"": 316.83181, ""1.10"": 256.025507}",True,GO,[]
NAND2_X4M_A9TL40__signal_B,NAND2_X4M_A9TL40,4,NAND2,B,A,True,True,"{""0.80"": 0.3524800000000141, ""0.95"": 0.5905119999999897, ""1.10"": 0.9076469999999972}","{""0.80"": 21.509865999999874, ""0.95"": 25.38554799999997, ""1.10"": 26.725152999999864}","{""0.80"": 25, ""0.95"": 14, ""1.10"": 11}",25,"{""0.80"": 3.001028999999903, ""0.95"": 3.8471920000000637, ""1.10"": 4.106504999999913}","{""0.80"": 435.10145100000005, ""0.95"": 313.89357700000005, ""1.10"": 253.68595500000006}",True,GO,[]
NAND2_X6M_A9TL40__signal_A,NAND2_X6M_A9TL40,6,NAND2,A,B,True,True,"{""0.80"": 3.9897949999998445, ""0.95"": 3.7222100000000182, ""1.10"": 4.52941700000008}","{""0.80"": 111.31729399999995, ""0.95"": 89.53595399999972, ""1.10"": 75.81744899999995}","{""0.80"": 5, ""0.95"": 4, ""1.10"": 4}",5,"{""0.80"": 17.77371499999981, ""0.95"": 12.605253999999945, ""1.10"": 10.217612999999915}","{""0.80"": 654.053876, ""0.95"": 473.11515499999996, ""1.10"": 385.0949349999999}",True,GO,[]
NAND2_X6M_A9TL40__signal_B,NAND2_X6M_A9TL40,6,NAND2,B,A,True,True,"{""0.80"": 0.4693970000000718, ""0.95"": 1.274682999999925, ""1.10"": 1.7893159999999853}","{""0.80"": 41.58173899999997, ""0.95"": 48.23165000000006, ""1.10"": 45.89000999999996}","{""0.80"": 13, ""0.95"": 8, ""1.10"": 6}",13,"{""0.80"": 6.2204649999998765, ""0.95"": 7.781016999999906, ""1.10"": 6.697950999999875}","{""0.80"": 641.4102589999999, ""0.95"": 463.21749399999993, ""1.10"": 373.30064100000004}",True,GO,[]
NOR2_X0P7B_A9TL40__signal_A,NOR2_X0P7B_A9TL40,0P7,NOR2,A,B,True,True,"{""0.80"": 1.0442099999999073, ""0.95"": 0.8238770000000386, ""1.10"": 0.7246399999999653}","{""0.80"": 10.54154700000015, ""0.95"": 8.220865000000003, ""1.10"": 7.942457999999931}","{""0.80"": 51, ""0.95"": 43, ""1.10"": 34}",51,"{""0.80"": 1.3903149999999869, ""0.95"": 1.1372279999999932, ""1.10"": 1.1661279999999579}","{""0.80"": 84.62221600000005, ""0.95"": 59.95291499999984, ""1.10"": 48.43169299999992}",True,GO,[]
NOR2_X0P7B_A9TL40__signal_B,NOR2_X0P7B_A9TL40,0P7,NOR2,B,A,True,True,"{""0.80"": 0.07299199999999928, ""0.95"": 0.05584299999998166, ""1.10"": 0.05837199999996301}","{""0.80"": 0.9941350000001421, ""0.95"": 0.6729440000000295, ""1.10"": 0.904598999999962}","{""0.80"": 539, ""0.95"": 524, ""1.10"": 299}",539,"{""0.80"": 0.13209100000005947, ""0.95"": 0.0851369999999747, ""1.10"": 0.11661700000001929}","{""0.80"": 78.46509899999998, ""0.95"": 56.561006000000035, ""1.10"": 45.44264700000019}",True,REJECTED,"[""K_candidate exceeds 64""]"
NOR2_X1A_A9TL40__signal_A,NOR2_X1A_A9TL40,1,NOR2,A,B,True,True,"{""0.80"": 1.020238000000063, ""0.95"": 0.8417000000000598, ""1.10"": 0.7771280000000047}","{""0.80"": 10.840325000000007, ""0.95"": 11.028491999999915, ""1.10"": 10.780169}","{""0.80"": 50, ""0.95"": 32, ""1.10"": 26}",50,"{""0.80"": 1.6272430000000213, ""0.95"": 1.5434119999999325, ""1.10"": 1.668188000000157}","{""0.80"": 109.25600899999996, ""0.95"": 76.70039099999998, ""1.10"": 62.21312199999986}",True,GO,[]
NOR2_X1A_A9TL40__signal_B,NOR2_X1A_A9TL40,1,NOR2,B,A,True,True,"{""0.80"": 0.09238300000004074, ""0.95"": 0.07425599999993437, ""1.10"": 0.09715399999993224}","{""0.80"": 1.3193749999999227, ""0.95"": 2.1182389999998463, ""1.10"": 1.9772569999999519}","{""0.80"": 406, ""0.95"": 167, ""1.10"": 137}",406,"{""0.80"": 0.2057529999998451, ""0.95"": 0.29148799999995845, ""1.10"": 0.3156699999999546}","{""0.80"": 102.5555969999999, ""0.95"": 73.09061000000003, ""1.10"": 59.316148000000084}",True,REJECTED,"[""K_candidate exceeds 64""]"
NOR2_X1P4A_A9TL40__signal_A,NOR2_X1P4A_A9TL40,1P4,NOR2,A,B,True,True,"{""0.80"": 1.3523630000000821, ""0.95"": 1.2498620000000642, ""1.10"": 1.253095999999971}","{""0.80"": 18.115430999999944, ""0.95"": 17.639893999999856, ""1.10"": 17.958506}","{""0.80"": 30, ""0.95"": 20, ""1.10"": 16}",30,"{""0.80"": 2.981219999999894, ""0.95"": 2.5999299999998584, ""1.10"": 2.7819569999998635}","{""0.80"": 154.085332, ""0.95"": 108.97253800000014, ""1.10"": 88.09575099999996}",True,GO,[]
NOR2_X1P4A_A9TL40__signal_B,NOR2_X1P4A_A9TL40,1P4,NOR2,B,A,True,True,"{""0.80"": 0.09288699999990513, ""0.95"": 0.09694100000001526, ""1.10"": 0.16123700000002827}","{""0.80"": 2.7753230000000713, ""0.95"": 3.8543160000001535, ""1.10"": 4.585887999999898}","{""0.80"": 193, ""0.95"": 92, ""1.10"": 59}",193,"{""0.80"": 0.4277439999999615, ""0.95"": 0.5630900000001589, ""1.10"": 0.6725979999998799}","{""0.80"": 144.8614700000002, ""0.95"": 105.24697400000015, ""1.10"": 85.04913399999985}",True,REJECTED,"[""K_candidate exceeds 64""]"
NOR2_X2A_A9TL40__signal_A,NOR2_X2A_A9TL40,2,NOR2,A,B,True,True,"{""0.80"": 1.950730000000135, ""0.95"": 1.892629999999997, ""1.10"": 1.6734220000000732}","{""0.80"": 26.51843199999996, ""0.95"": 27.638042000000155, ""1.10"": 27.23960000000011}","{""0.80"": 21, ""0.95"": 13, ""1.10"": 10}",21,"{""0.80"": 3.566015999999877, ""0.95"": 4.4342229999999745, ""1.10"": 4.122993000000122}","{""0.80"": 204.65674699999997, ""0.95"": 146.03584300000017, ""1.10"": 119.00720299999995}",True,GO,[]
NOR2_X2A_A9TL40__signal_B,NOR2_X2A_A9TL40,2,NOR2,B,A,True,True,"{""0.80"": 0.11042099999986021, ""0.95"": 0.19297000000000253, ""1.10"": 0.20671799999996665}","{""0.80"": 4.82998699999996, ""0.95"": 5.788107000000082, ""1.10"": 6.771819999999991}","{""0.80"": 111, ""0.95"": 61, ""1.10"": 40}",111,"{""0.80"": 0.6451280000001134, ""0.95"": 0.9383180000000948, ""1.10"": 0.9032320000000595}","{""0.80"": 195.84695399999993, ""0.95"": 140.6366409999999, ""1.10"": 114.96865299999988}",True,REJECTED,"[""K_candidate exceeds 64""]"
NOR2_X3A_A9TL40__signal_A,NOR2_X3A_A9TL40,3,NOR2,A,B,True,True,"{""0.80"": 3.3422070000000303, ""0.95"": 3.024148000000025, ""1.10"": 2.8332150000000524}","{""0.80"": 47.9573640000001, ""0.95"": 46.90609200000006, ""1.10"": 44.13771200000008}","{""0.80"": 12, ""0.95"": 8, ""1.10"": 7}",12,"{""0.80"": 7.495128000000022, ""0.95"": 7.336097000000052, ""1.10"": 6.442123999999922}","{""0.80"": 304.157111, ""0.95"": 215.56064399999997, ""1.10"": 175.02643100000014}",True,GO,[]
NOR2_X3A_A9TL40__signal_B,NOR2_X3A_A9TL40,3,NOR2,B,A,True,True,"{""0.80"": 0.24558400000000802, ""0.95"": 0.3399280000000431, ""1.10"": 0.3953240000001301}","{""0.80"": 8.78420600000004, ""0.95"": 13.370625999999845, ""1.10"": 14.569904999999949}","{""0.80"": 61, ""0.95"": 27, ""1.10"": 19}",61,"{""0.80"": 1.1642759999998589, ""0.95"": 1.9461529999999811, ""1.10"": 2.5371680000000083}","{""0.80"": 288.34075600000017, ""0.95"": 206.61924399999995, ""1.10"": 170.17664000000005}",True,GO,[]
NOR2_X4A_A9TL40__signal_A,NOR2_X4A_A9TL40,4,NOR2,A,B,True,True,"{""0.80"": 4.457042000000115, ""0.95"": 4.184472000000028, ""1.10"": 4.242129000000034}","{""0.80"": 70.14035299999978, ""0.95"": 66.51469600000013, ""1.10"": 60.29163099999994}","{""0.80"": 8, ""0.95"": 6, ""1.10"": 5}",8,"{""0.80"": 11.207315999999878, ""0.95"": 9.559653000000026, ""1.10"": 8.195121999999856}","{""0.80"": 397.726395, ""0.95"": 285.10694099999984, ""1.10"": 230.36254899999986}",True,GO,[]
NOR2_X4A_A9TL40__signal_B,NOR2_X4A_A9TL40,4,NOR2,B,A,True,True,"{""0.80"": 0.294926999999916, ""0.95"": 0.4808790000000158, ""1.10"": 0.675705999999991}","{""0.80"": 13.628378999999995, ""0.95"": 20.906706999999813, ""1.10"": 21.91862999999995}","{""0.80"": 40, ""0.95"": 17, ""1.10"": 13}",40,"{""0.80"": 2.108804000000191, ""0.95"": 3.739853999999923, ""1.10"": 3.2873879999999076}","{""0.80"": 376.661243, ""0.95"": 273.3200350000001, ""1.10"": 222.44371800000005}",True,GO,[]
NOR2_X6A_A9TL40__signal_A,NOR2_X6A_A9TL40,6,NOR2,A,B,True,True,"{""0.80"": 8.374924999999962, ""0.95"": 7.095236, ""1.10"": 7.496491999999989}","{""0.80"": 124.04083700000012, ""0.95"": 107.76444199999992, ""1.10"": 95.13448600000004}","{""0.80"": 5, ""0.95"": 4, ""1.10"": 3}",5,"{""0.80"": 19.03699800000038, ""0.95"": 14.795848999999976, ""1.10"": 13.502754999999922}","{""0.80"": 595.5159639999998, ""0.95"": 424.73643999999996, ""1.10"": 343.6934530000002}",True,REJECTED,"[""1.10 V K=8 fine step is not below medium minimum"", ""0.95 V K=8 fine step is not below medium minimum""]"
NOR2_X6A_A9TL40__signal_B,NOR2_X6A_A9TL40,6,NOR2,B,A,True,True,"{""0.80"": 1.1392890000000762, ""0.95"": 1.4114959999999996, ""1.10"": 1.1463939999999297}","{""0.80"": 38.16749099999993, ""0.95"": 43.87341000000015, ""1.10"": 39.59034499999984}","{""0.80"": 15, ""0.95"": 9, ""1.10"": 7}",15,"{""0.80"": 7.244901000000027, ""0.95"": 7.48237400000005, ""1.10"": 5.875377000000071}","{""0.80"": 566.9132230000001, ""0.95"": 409.63000200000005, ""1.10"": 333.0365170000001}",True,GO,[]
