seed,mc_process_signature,temperature_c,background_stimulus_signature,event_index,polarity,q_ff,M_FF,M_REF_STARTUP_RISE,M_REF_STARTUP_FALL,source_run,capture_status,e_anchor,D_start,signed_alarm_18,signed_alarm_19
41027,946dfa47654e4f0c03723f92a972e36befbeeebaba206d020eec60291d5f72dc,-40,a47522d223ca7148c306a44da11f67079a1cfe671bedd6fc8652c5821fa55af5,0,RISE,000000000000000000000000011111,135,153,135,/home/zhupl25/chiplet_side_channel/chiplet_gds_data/power_macro/delay_chain/ftc/runs/b_fe_frontend/bfe14_arch1_benign_temp_drift/physical/seed_41027/t_-040C/source_hspice,VALID,-18,18,0,0
41027,946dfa47654e4f0c03723f92a972e36befbeeebaba206d020eec60291d5f72dc,-40,a47522d223ca7148c306a44da11f67079a1cfe671bedd6fc8652c5821fa55af5,1,FALL,000000000000000000000000001111,110,153,135,/home/zhupl25/chiplet_side_channel/chiplet_gds_data/power_macro/delay_chain/ftc/runs/b_fe_frontend/bfe14_arch1_benign_temp_drift/physical/seed_41027/t_-040C/source_hspice,VALID,-25,25,0,0
41027,946dfa47654e4f0c03723f92a972e36befbeeebaba206d020eec60291d5f72dc,-40,a47522d223ca7148c306a44da11f67079a1cfe671bedd6fc8652c5821fa55af5,2,RISE,000000000000000000000000011111,135,153,135,/home/zhupl25/chiplet_side_channel/chiplet_gds_data/power_macro/delay_chain/ftc/runs/b_fe_frontend/bfe14_arch1_benign_temp_drift/physical/seed_41027/t_-040C/source_hspice,VALID,-18,18,0,0
41027,946dfa47654e4f0c03723f92a972e36befbeeebaba206d020eec60291d5f72dc,-40,a47522d223ca7148c306a44da11f67079a1cfe671bedd6fc8652c5821fa55af5,3,FALL,000000000000000000000000001111,110,153,135,/home/zhupl25/chiplet_side_channel/chiplet_gds_data/power_macro/delay_chain/ftc/runs/b_fe_frontend/bfe14_arch1_benign_temp_drift/physical/seed_41027/t_-040C/source_hspice,VALID,-25,25,0,0
41027,946dfa47654e4f0c03723f92a972e36befbeeebaba206d020eec60291d5f72dc,-40,a47522d223ca7148c306a44da11f67079a1cfe671bedd6fc8652c5821fa55af5,4,RISE,000000000000000000000000011111,135,153,135,/home/zhupl25/chiplet_side_channel/chiplet_gds_data/power_macro/delay_chain/ftc/runs/b_fe_frontend/bfe14_arch1_benign_temp_drift/physical/seed_41027/t_-040C/source_hspice,VALID,-18,18,0,0
41027,946dfa47654e4f0c03723f92a972e36befbeeebaba206d020eec60291d5f72dc,-40,a47522d223ca7148c306a44da11f67079a1cfe671bedd6fc8652c5821fa55af5,5,FALL,000000000000000000000000001111,110,153,135,/home/zhupl25/chiplet_side_channel/chiplet_gds_data/power_macro/delay_chain/ftc/runs/b_fe_frontend/bfe14_arch1_benign_temp_drift/physical/seed_41027/t_-040C/source_hspice,VALID,-25,25,0,0
41027,946dfa47654e4f0c03723f92a972e36befbeeebaba206d020eec60291d5f72dc,-40,a47522d223ca7148c306a44da11f67079a1cfe671bedd6fc8652c5821fa55af5,6,RISE,000000000000000000000000011111,135,153,135,/home/zhupl25/chiplet_side_channel/chiplet_gds_data/power_macro/delay_chain/ftc/runs/b_fe_frontend/bfe14_arch1_benign_temp_drift/physical/seed_41027/t_-040C/source_hspice,VALID,-18,18,0,0
41027,946dfa47654e4f0c03723f92a972e36befbeeebaba206d020eec60291d5f72dc,-40,a47522d223ca7148c306a44da11f67079a1cfe671bedd6fc8652c5821fa55af5,7,FALL,000000000000000000000000001111,110,153,135,/home/zhupl25/chiplet_side_channel/chiplet_gds_data/power_macro/delay_chain/ftc/runs/b_fe_frontend/bfe14_arch1_benign_temp_drift/physical/seed_41027/t_-040C/source_hspice,VALID,-25,25,0,0
41027,946dfa47654e4f0c03723f92a972e36befbeeebaba206d020eec60291d5f72dc,-40,a47522d223ca7148c306a44da11f67079a1cfe671bedd6fc8652c5821fa55af5,8,RISE,000000000000000000000000011111,135,153,135,/home/zhupl25/chiplet_side_channel/chiplet_gds_data/power_macro/delay_chain/ftc/runs/b_fe_frontend/bfe14_arch1_benign_temp_drift/physical/seed_41027/t_-040C/source_hspice,VALID,-18,18,0,0
41027,946dfa47654e4f0c03723f92a972e36befbeeebaba206d020eec60291d5f72dc,-40,a47522d223ca7148c306a44da11f67079a1cfe671bedd6fc8652c5821fa55af5,9,FALL,000000000000000000000000001111,110,153,135,/home/zhupl25/chiplet_side_channel/chiplet_gds_data/power_macro/delay_chain/ftc/runs/b_fe_frontend/bfe14_arch1_benign_temp_drift/physical/seed_41027/t_-040C/source_hspice,VALID,-25,25,0,0
41027,946dfa47654e4f0c03723f92a972e36befbeeebaba206d020eec60291d5f72dc,-40,a47522d223ca7148c306a44da11f67079a1cfe671bedd6fc8652c5821fa55af5,10,RISE,000000000000000000000000011111,135,153,135,/home/zhupl25/chiplet_side_channel/chiplet_gds_data/power_macro/delay_chain/ftc/runs/b_fe_frontend/bfe14_arch1_benign_temp_drift/physical/seed_41027/t_-040C/source_hspice,VALID,-18,18,0,0
41027,946dfa47654e4f0c03723f92a972e36befbeeebaba206d020eec60291d5f72dc,-40,a47522d223ca7148c306a44da11f67079a1cfe671bedd6fc8652c5821fa55af5,11,FALL,000000000000000000000000001111,110,153,135,/home/zhupl25/chiplet_side_channel/chiplet_gds_data/power_macro/delay_chain/ftc/runs/b_fe_frontend/bfe14_arch1_benign_temp_drift/physical/seed_41027/t_-040C/source_hspice,VALID,-25,25,0,0
41027,946dfa47654e4f0c03723f92a972e36befbeeebaba206d020eec60291d5f72dc,-40,a47522d223ca7148c306a44da11f67079a1cfe671bedd6fc8652c5821fa55af5,12,RISE,000000000000000000000000011111,135,153,135,/home/zhupl25/chiplet_side_channel/chiplet_gds_data/power_macro/delay_chain/ftc/runs/b_fe_frontend/bfe14_arch1_benign_temp_drift/physical/seed_41027/t_-040C/source_hspice,VALID,-18,18,0,0
41027,946dfa47654e4f0c03723f92a972e36befbeeebaba206d020eec60291d5f72dc,-40,a47522d223ca7148c306a44da11f67079a1cfe671bedd6fc8652c5821fa55af5,13,FALL,000000000000000000000000001111,110,153,135,/home/zhupl25/chiplet_side_channel/chiplet_gds_data/power_macro/delay_chain/ftc/runs/b_fe_frontend/bfe14_arch1_benign_temp_drift/physical/seed_41027/t_-040C/source_hspice,VALID,-25,25,0,0
41027,946dfa47654e4f0c03723f92a972e36befbeeebaba206d020eec60291d5f72dc,-40,a47522d223ca7148c306a44da11f67079a1cfe671bedd6fc8652c5821fa55af5,14,RISE,000000000000000000000000011111,135,153,135,/home/zhupl25/chiplet_side_channel/chiplet_gds_data/power_macro/delay_chain/ftc/runs/b_fe_frontend/bfe14_arch1_benign_temp_drift/physical/seed_41027/t_-040C/source_hspice,VALID,-18,18,0,0
41027,946dfa47654e4f0c03723f92a972e36befbeeebaba206d020eec60291d5f72dc,-40,a47522d223ca7148c306a44da11f67079a1cfe671bedd6fc8652c5821fa55af5,15,FALL,000000000000000000000000001111,110,153,135,/home/zhupl25/chiplet_side_channel/chiplet_gds_data/power_macro/delay_chain/ftc/runs/b_fe_frontend/bfe14_arch1_benign_temp_drift/physical/seed_41027/t_-040C/source_hspice,VALID,-25,25,0,0
41027,946dfa47654e4f0c03723f92a972e36befbeeebaba206d020eec60291d5f72dc,-40,a47522d223ca7148c306a44da11f67079a1cfe671bedd6fc8652c5821fa55af5,16,RISE,000000000000000000000000011111,135,153,135,/home/zhupl25/chiplet_side_channel/chiplet_gds_data/power_macro/delay_chain/ftc/runs/b_fe_frontend/bfe14_arch1_benign_temp_drift/physical/seed_41027/t_-040C/source_hspice,VALID,-18,18,0,0
41027,946dfa47654e4f0c03723f92a972e36befbeeebaba206d020eec60291d5f72dc,-40,a47522d223ca7148c306a44da11f67079a1cfe671bedd6fc8652c5821fa55af5,17,FALL,000000000000000000000000001111,110,153,135,/home/zhupl25/chiplet_side_channel/chiplet_gds_data/power_macro/delay_chain/ftc/runs/b_fe_frontend/bfe14_arch1_benign_temp_drift/physical/seed_41027/t_-040C/source_hspice,VALID,-25,25,0,0
41027,946dfa47654e4f0c03723f92a972e36befbeeebaba206d020eec60291d5f72dc,-40,a47522d223ca7148c306a44da11f67079a1cfe671bedd6fc8652c5821fa55af5,18,RISE,000000000000000000000000011111,135,153,135,/home/zhupl25/chiplet_side_channel/chiplet_gds_data/power_macro/delay_chain/ftc/runs/b_fe_frontend/bfe14_arch1_benign_temp_drift/physical/seed_41027/t_-040C/source_hspice,VALID,-18,18,0,0
41027,946dfa47654e4f0c03723f92a972e36befbeeebaba206d020eec60291d5f72dc,-40,a47522d223ca7148c306a44da11f67079a1cfe671bedd6fc8652c5821fa55af5,19,FALL,000000000000000000000000001111,110,153,135,/home/zhupl25/chiplet_side_channel/chiplet_gds_data/power_macro/delay_chain/ftc/runs/b_fe_frontend/bfe14_arch1_benign_temp_drift/physical/seed_41027/t_-040C/source_hspice,VALID,-25,25,0,0
41027,946dfa47654e4f0c03723f92a972e36befbeeebaba206d020eec60291d5f72dc,-40,a47522d223ca7148c306a44da11f67079a1cfe671bedd6fc8652c5821fa55af5,20,RISE,000000000000000000000000011111,135,153,135,/home/zhupl25/chiplet_side_channel/chiplet_gds_data/power_macro/delay_chain/ftc/runs/b_fe_frontend/bfe14_arch1_benign_temp_drift/physical/seed_41027/t_-040C/source_hspice,VALID,-18,18,0,0
41027,946dfa47654e4f0c03723f92a972e36befbeeebaba206d020eec60291d5f72dc,-40,a47522d223ca7148c306a44da11f67079a1cfe671bedd6fc8652c5821fa55af5,21,FALL,000000000000000000000000000111,84,153,135,/home/zhupl25/chiplet_side_channel/chiplet_gds_data/power_macro/delay_chain/ftc/runs/b_fe_frontend/bfe14_arch1_benign_temp_drift/physical/seed_41027/t_-040C/source_hspice,VALID,-51,51,0,0
41027,946dfa47654e4f0c03723f92a972e36befbeeebaba206d020eec60291d5f72dc,-40,a47522d223ca7148c306a44da11f67079a1cfe671bedd6fc8652c5821fa55af5,22,RISE,000000000000000000000000011111,135,153,135,/home/zhupl25/chiplet_side_channel/chiplet_gds_data/power_macro/delay_chain/ftc/runs/b_fe_frontend/bfe14_arch1_benign_temp_drift/physical/seed_41027/t_-040C/source_hspice,VALID,-18,18,0,0
41027,946dfa47654e4f0c03723f92a972e36befbeeebaba206d020eec60291d5f72dc,-40,a47522d223ca7148c306a44da11f67079a1cfe671bedd6fc8652c5821fa55af5,23,FALL,000000000000000000000000001111,110,153,135,/home/zhupl25/chiplet_side_channel/chiplet_gds_data/power_macro/delay_chain/ftc/runs/b_fe_frontend/bfe14_arch1_benign_temp_drift/physical/seed_41027/t_-040C/source_hspice,VALID,-25,25,0,0
41027,946dfa47654e4f0c03723f92a972e36befbeeebaba206d020eec60291d5f72dc,85,a47522d223ca7148c306a44da11f67079a1cfe671bedd6fc8652c5821fa55af5,0,RISE,000000000000000000000000111111,159,153,135,/home/zhupl25/chiplet_side_channel/chiplet_gds_data/power_macro/delay_chain/ftc/runs/b_fe_frontend/bfe14_arch1_benign_temp_drift/physical/seed_41027/t_+085C/source_hspice,VALID,6,6,0,0
41027,946dfa47654e4f0c03723f92a972e36befbeeebaba206d020eec60291d5f72dc,85,a47522d223ca7148c306a44da11f67079a1cfe671bedd6fc8652c5821fa55af5,1,FALL,000000000000000000000000111111,159,153,135,/home/zhupl25/chiplet_side_channel/chiplet_gds_data/power_macro/delay_chain/ftc/runs/b_fe_frontend/bfe14_arch1_benign_temp_drift/physical/seed_41027/t_+085C/source_hspice,VALID,24,24,0,0
41027,946dfa47654e4f0c03723f92a972e36befbeeebaba206d020eec60291d5f72dc,85,a47522d223ca7148c306a44da11f67079a1cfe671bedd6fc8652c5821fa55af5,2,RISE,000000000000000000000000111111,159,153,135,/home/zhupl25/chiplet_side_channel/chiplet_gds_data/power_macro/delay_chain/ftc/runs/b_fe_frontend/bfe14_arch1_benign_temp_drift/physical/seed_41027/t_+085C/source_hspice,VALID,6,6,0,0
41027,946dfa47654e4f0c03723f92a972e36befbeeebaba206d020eec60291d5f72dc,85,a47522d223ca7148c306a44da11f67079a1cfe671bedd6fc8652c5821fa55af5,3,FALL,000000000000000000000000011111,135,153,135,/home/zhupl25/chiplet_side_channel/chiplet_gds_data/power_macro/delay_chain/ftc/runs/b_fe_frontend/bfe14_arch1_benign_temp_drift/physical/seed_41027/t_+085C/source_hspice,VALID,0,0,0,0
41027,946dfa47654e4f0c03723f92a972e36befbeeebaba206d020eec60291d5f72dc,85,a47522d223ca7148c306a44da11f67079a1cfe671bedd6fc8652c5821fa55af5,4,RISE,000000000000000000000000111111,159,153,135,/home/zhupl25/chiplet_side_channel/chiplet_gds_data/power_macro/delay_chain/ftc/runs/b_fe_frontend/bfe14_arch1_benign_temp_drift/physical/seed_41027/t_+085C/source_hspice,VALID,6,6,0,0
41027,946dfa47654e4f0c03723f92a972e36befbeeebaba206d020eec60291d5f72dc,85,a47522d223ca7148c306a44da11f67079a1cfe671bedd6fc8652c5821fa55af5,5,FALL,000000000000000000000000111111,159,153,135,/home/zhupl25/chiplet_side_channel/chiplet_gds_data/power_macro/delay_chain/ftc/runs/b_fe_frontend/bfe14_arch1_benign_temp_drift/physical/seed_41027/t_+085C/source_hspice,VALID,24,24,0,0
41027,946dfa47654e4f0c03723f92a972e36befbeeebaba206d020eec60291d5f72dc,85,a47522d223ca7148c306a44da11f67079a1cfe671bedd6fc8652c5821fa55af5,6,RISE,000000000000000000000000111111,159,153,135,/home/zhupl25/chiplet_side_channel/chiplet_gds_data/power_macro/delay_chain/ftc/runs/b_fe_frontend/bfe14_arch1_benign_temp_drift/physical/seed_41027/t_+085C/source_hspice,VALID,6,6,0,0
41027,946dfa47654e4f0c03723f92a972e36befbeeebaba206d020eec60291d5f72dc,85,a47522d223ca7148c306a44da11f67079a1cfe671bedd6fc8652c5821fa55af5,7,FALL,000000000000000000000000111111,159,153,135,/home/zhupl25/chiplet_side_channel/chiplet_gds_data/power_macro/delay_chain/ftc/runs/b_fe_frontend/bfe14_arch1_benign_temp_drift/physical/seed_41027/t_+085C/source_hspice,VALID,24,24,0,0
41027,946dfa47654e4f0c03723f92a972e36befbeeebaba206d020eec60291d5f72dc,85,a47522d223ca7148c306a44da11f67079a1cfe671bedd6fc8652c5821fa55af5,8,RISE,000000000000000000000000111111,159,153,135,/home/zhupl25/chiplet_side_channel/chiplet_gds_data/power_macro/delay_chain/ftc/runs/b_fe_frontend/bfe14_arch1_benign_temp_drift/physical/seed_41027/t_+085C/source_hspice,VALID,6,6,0,0
41027,946dfa47654e4f0c03723f92a972e36befbeeebaba206d020eec60291d5f72dc,85,a47522d223ca7148c306a44da11f67079a1cfe671bedd6fc8652c5821fa55af5,9,FALL,000000000000000000000000111111,159,153,135,/home/zhupl25/chiplet_side_channel/chiplet_gds_data/power_macro/delay_chain/ftc/runs/b_fe_frontend/bfe14_arch1_benign_temp_drift/physical/seed_41027/t_+085C/source_hspice,VALID,24,24,0,0
41027,946dfa47654e4f0c03723f92a972e36befbeeebaba206d020eec60291d5f72dc,85,a47522d223ca7148c306a44da11f67079a1cfe671bedd6fc8652c5821fa55af5,10,RISE,000000000000000000000000111111,159,153,135,/home/zhupl25/chiplet_side_channel/chiplet_gds_data/power_macro/delay_chain/ftc/runs/b_fe_frontend/bfe14_arch1_benign_temp_drift/physical/seed_41027/t_+085C/source_hspice,VALID,6,6,0,0
41027,946dfa47654e4f0c03723f92a972e36befbeeebaba206d020eec60291d5f72dc,85,a47522d223ca7148c306a44da11f67079a1cfe671bedd6fc8652c5821fa55af5,11,FALL,000000000000000000000000111111,159,153,135,/home/zhupl25/chiplet_side_channel/chiplet_gds_data/power_macro/delay_chain/ftc/runs/b_fe_frontend/bfe14_arch1_benign_temp_drift/physical/seed_41027/t_+085C/source_hspice,VALID,24,24,0,0
41027,946dfa47654e4f0c03723f92a972e36befbeeebaba206d020eec60291d5f72dc,85,a47522d223ca7148c306a44da11f67079a1cfe671bedd6fc8652c5821fa55af5,12,RISE,000000000000000000000000111111,159,153,135,/home/zhupl25/chiplet_side_channel/chiplet_gds_data/power_macro/delay_chain/ftc/runs/b_fe_frontend/bfe14_arch1_benign_temp_drift/physical/seed_41027/t_+085C/source_hspice,VALID,6,6,0,0
41027,946dfa47654e4f0c03723f92a972e36befbeeebaba206d020eec60291d5f72dc,85,a47522d223ca7148c306a44da11f67079a1cfe671bedd6fc8652c5821fa55af5,13,FALL,000000000000000000000000011111,135,153,135,/home/zhupl25/chiplet_side_channel/chiplet_gds_data/power_macro/delay_chain/ftc/runs/b_fe_frontend/bfe14_arch1_benign_temp_drift/physical/seed_41027/t_+085C/source_hspice,VALID,0,0,0,0
41027,946dfa47654e4f0c03723f92a972e36befbeeebaba206d020eec60291d5f72dc,85,a47522d223ca7148c306a44da11f67079a1cfe671bedd6fc8652c5821fa55af5,14,RISE,000000000000000000000000111111,159,153,135,/home/zhupl25/chiplet_side_channel/chiplet_gds_data/power_macro/delay_chain/ftc/runs/b_fe_frontend/bfe14_arch1_benign_temp_drift/physical/seed_41027/t_+085C/source_hspice,VALID,6,6,0,0
41027,946dfa47654e4f0c03723f92a972e36befbeeebaba206d020eec60291d5f72dc,85,a47522d223ca7148c306a44da11f67079a1cfe671bedd6fc8652c5821fa55af5,15,FALL,000000000000000000000000111111,159,153,135,/home/zhupl25/chiplet_side_channel/chiplet_gds_data/power_macro/delay_chain/ftc/runs/b_fe_frontend/bfe14_arch1_benign_temp_drift/physical/seed_41027/t_+085C/source_hspice,VALID,24,24,0,0
41027,946dfa47654e4f0c03723f92a972e36befbeeebaba206d020eec60291d5f72dc,85,a47522d223ca7148c306a44da11f67079a1cfe671bedd6fc8652c5821fa55af5,16,RISE,000000000000000000000000111111,159,153,135,/home/zhupl25/chiplet_side_channel/chiplet_gds_data/power_macro/delay_chain/ftc/runs/b_fe_frontend/bfe14_arch1_benign_temp_drift/physical/seed_41027/t_+085C/source_hspice,VALID,6,6,0,0
41027,946dfa47654e4f0c03723f92a972e36befbeeebaba206d020eec60291d5f72dc,85,a47522d223ca7148c306a44da11f67079a1cfe671bedd6fc8652c5821fa55af5,17,FALL,000000000000000000000000111111,159,153,135,/home/zhupl25/chiplet_side_channel/chiplet_gds_data/power_macro/delay_chain/ftc/runs/b_fe_frontend/bfe14_arch1_benign_temp_drift/physical/seed_41027/t_+085C/source_hspice,VALID,24,24,0,0
41027,946dfa47654e4f0c03723f92a972e36befbeeebaba206d020eec60291d5f72dc,85,a47522d223ca7148c306a44da11f67079a1cfe671bedd6fc8652c5821fa55af5,18,RISE,000000000000000000000000111111,159,153,135,/home/zhupl25/chiplet_side_channel/chiplet_gds_data/power_macro/delay_chain/ftc/runs/b_fe_frontend/bfe14_arch1_benign_temp_drift/physical/seed_41027/t_+085C/source_hspice,VALID,6,6,0,0
41027,946dfa47654e4f0c03723f92a972e36befbeeebaba206d020eec60291d5f72dc,85,a47522d223ca7148c306a44da11f67079a1cfe671bedd6fc8652c5821fa55af5,19,FALL,000000000000000000000000111111,159,153,135,/home/zhupl25/chiplet_side_channel/chiplet_gds_data/power_macro/delay_chain/ftc/runs/b_fe_frontend/bfe14_arch1_benign_temp_drift/physical/seed_41027/t_+085C/source_hspice,VALID,24,24,0,0
41027,946dfa47654e4f0c03723f92a972e36befbeeebaba206d020eec60291d5f72dc,85,a47522d223ca7148c306a44da11f67079a1cfe671bedd6fc8652c5821fa55af5,20,RISE,000000000000000000000000111111,159,153,135,/home/zhupl25/chiplet_side_channel/chiplet_gds_data/power_macro/delay_chain/ftc/runs/b_fe_frontend/bfe14_arch1_benign_temp_drift/physical/seed_41027/t_+085C/source_hspice,VALID,6,6,0,0
41027,946dfa47654e4f0c03723f92a972e36befbeeebaba206d020eec60291d5f72dc,85,a47522d223ca7148c306a44da11f67079a1cfe671bedd6fc8652c5821fa55af5,21,FALL,000000000000000000000000011111,135,153,135,/home/zhupl25/chiplet_side_channel/chiplet_gds_data/power_macro/delay_chain/ftc/runs/b_fe_frontend/bfe14_arch1_benign_temp_drift/physical/seed_41027/t_+085C/source_hspice,VALID,0,0,0,0
41027,946dfa47654e4f0c03723f92a972e36befbeeebaba206d020eec60291d5f72dc,85,a47522d223ca7148c306a44da11f67079a1cfe671bedd6fc8652c5821fa55af5,22,RISE,000000000000000000000000111111,159,153,135,/home/zhupl25/chiplet_side_channel/chiplet_gds_data/power_macro/delay_chain/ftc/runs/b_fe_frontend/bfe14_arch1_benign_temp_drift/physical/seed_41027/t_+085C/source_hspice,VALID,6,6,0,0
41027,946dfa47654e4f0c03723f92a972e36befbeeebaba206d020eec60291d5f72dc,85,a47522d223ca7148c306a44da11f67079a1cfe671bedd6fc8652c5821fa55af5,23,FALL,000000000000000000000000111111,159,153,135,/home/zhupl25/chiplet_side_channel/chiplet_gds_data/power_macro/delay_chain/ftc/runs/b_fe_frontend/bfe14_arch1_benign_temp_drift/physical/seed_41027/t_+085C/source_hspice,VALID,24,24,0,0
41027,946dfa47654e4f0c03723f92a972e36befbeeebaba206d020eec60291d5f72dc,125,a47522d223ca7148c306a44da11f67079a1cfe671bedd6fc8652c5821fa55af5,0,RISE,000000000000000000000001111111,182,153,135,/home/zhupl25/chiplet_side_channel/chiplet_gds_data/power_macro/delay_chain/ftc/runs/b_fe_frontend/bfe14_arch1_benign_temp_drift/physical/seed_41027/t_+125C/source_hspice,VALID,29,29,1,1
41027,946dfa47654e4f0c03723f92a972e36befbeeebaba206d020eec60291d5f72dc,125,a47522d223ca7148c306a44da11f67079a1cfe671bedd6fc8652c5821fa55af5,1,FALL,000000000000000000000000111111,159,153,135,/home/zhupl25/chiplet_side_channel/chiplet_gds_data/power_macro/delay_chain/ftc/runs/b_fe_frontend/bfe14_arch1_benign_temp_drift/physical/seed_41027/t_+125C/source_hspice,VALID,24,24,0,0
41027,946dfa47654e4f0c03723f92a972e36befbeeebaba206d020eec60291d5f72dc,125,a47522d223ca7148c306a44da11f67079a1cfe671bedd6fc8652c5821fa55af5,2,RISE,000000000000000000000001111111,182,153,135,/home/zhupl25/chiplet_side_channel/chiplet_gds_data/power_macro/delay_chain/ftc/runs/b_fe_frontend/bfe14_arch1_benign_temp_drift/physical/seed_41027/t_+125C/source_hspice,VALID,29,29,1,1
41027,946dfa47654e4f0c03723f92a972e36befbeeebaba206d020eec60291d5f72dc,125,a47522d223ca7148c306a44da11f67079a1cfe671bedd6fc8652c5821fa55af5,3,FALL,000000000000000000000000111111,159,153,135,/home/zhupl25/chiplet_side_channel/chiplet_gds_data/power_macro/delay_chain/ftc/runs/b_fe_frontend/bfe14_arch1_benign_temp_drift/physical/seed_41027/t_+125C/source_hspice,VALID,24,24,0,0
41027,946dfa47654e4f0c03723f92a972e36befbeeebaba206d020eec60291d5f72dc,125,a47522d223ca7148c306a44da11f67079a1cfe671bedd6fc8652c5821fa55af5,4,RISE,000000000000000000000001111111,182,153,135,/home/zhupl25/chiplet_side_channel/chiplet_gds_data/power_macro/delay_chain/ftc/runs/b_fe_frontend/bfe14_arch1_benign_temp_drift/physical/seed_41027/t_+125C/source_hspice,VALID,29,29,1,1
41027,946dfa47654e4f0c03723f92a972e36befbeeebaba206d020eec60291d5f72dc,125,a47522d223ca7148c306a44da11f67079a1cfe671bedd6fc8652c5821fa55af5,5,FALL,000000000000000000000000111111,159,153,135,/home/zhupl25/chiplet_side_channel/chiplet_gds_data/power_macro/delay_chain/ftc/runs/b_fe_frontend/bfe14_arch1_benign_temp_drift/physical/seed_41027/t_+125C/source_hspice,VALID,24,24,0,0
41027,946dfa47654e4f0c03723f92a972e36befbeeebaba206d020eec60291d5f72dc,125,a47522d223ca7148c306a44da11f67079a1cfe671bedd6fc8652c5821fa55af5,6,RISE,000000000000000000000001111111,182,153,135,/home/zhupl25/chiplet_side_channel/chiplet_gds_data/power_macro/delay_chain/ftc/runs/b_fe_frontend/bfe14_arch1_benign_temp_drift/physical/seed_41027/t_+125C/source_hspice,VALID,29,29,1,1
41027,946dfa47654e4f0c03723f92a972e36befbeeebaba206d020eec60291d5f72dc,125,a47522d223ca7148c306a44da11f67079a1cfe671bedd6fc8652c5821fa55af5,7,FALL,000000000000000000000000111111,159,153,135,/home/zhupl25/chiplet_side_channel/chiplet_gds_data/power_macro/delay_chain/ftc/runs/b_fe_frontend/bfe14_arch1_benign_temp_drift/physical/seed_41027/t_+125C/source_hspice,VALID,24,24,0,0
41027,946dfa47654e4f0c03723f92a972e36befbeeebaba206d020eec60291d5f72dc,125,a47522d223ca7148c306a44da11f67079a1cfe671bedd6fc8652c5821fa55af5,8,RISE,000000000000000000000001111111,182,153,135,/home/zhupl25/chiplet_side_channel/chiplet_gds_data/power_macro/delay_chain/ftc/runs/b_fe_frontend/bfe14_arch1_benign_temp_drift/physical/seed_41027/t_+125C/source_hspice,VALID,29,29,1,1
41027,946dfa47654e4f0c03723f92a972e36befbeeebaba206d020eec60291d5f72dc,125,a47522d223ca7148c306a44da11f67079a1cfe671bedd6fc8652c5821fa55af5,9,FALL,000000000000000000000000111111,159,153,135,/home/zhupl25/chiplet_side_channel/chiplet_gds_data/power_macro/delay_chain/ftc/runs/b_fe_frontend/bfe14_arch1_benign_temp_drift/physical/seed_41027/t_+125C/source_hspice,VALID,24,24,0,0
41027,946dfa47654e4f0c03723f92a972e36befbeeebaba206d020eec60291d5f72dc,125,a47522d223ca7148c306a44da11f67079a1cfe671bedd6fc8652c5821fa55af5,10,RISE,000000000000000000000001111111,182,153,135,/home/zhupl25/chiplet_side_channel/chiplet_gds_data/power_macro/delay_chain/ftc/runs/b_fe_frontend/bfe14_arch1_benign_temp_drift/physical/seed_41027/t_+125C/source_hspice,VALID,29,29,1,1
41027,946dfa47654e4f0c03723f92a972e36befbeeebaba206d020eec60291d5f72dc,125,a47522d223ca7148c306a44da11f67079a1cfe671bedd6fc8652c5821fa55af5,11,FALL,000000000000000000000000111111,159,153,135,/home/zhupl25/chiplet_side_channel/chiplet_gds_data/power_macro/delay_chain/ftc/runs/b_fe_frontend/bfe14_arch1_benign_temp_drift/physical/seed_41027/t_+125C/source_hspice,VALID,24,24,0,0
41027,946dfa47654e4f0c03723f92a972e36befbeeebaba206d020eec60291d5f72dc,125,a47522d223ca7148c306a44da11f67079a1cfe671bedd6fc8652c5821fa55af5,12,RISE,000000000000000000000000111111,159,153,135,/home/zhupl25/chiplet_side_channel/chiplet_gds_data/power_macro/delay_chain/ftc/runs/b_fe_frontend/bfe14_arch1_benign_temp_drift/physical/seed_41027/t_+125C/source_hspice,VALID,6,6,0,0
41027,946dfa47654e4f0c03723f92a972e36befbeeebaba206d020eec60291d5f72dc,125,a47522d223ca7148c306a44da11f67079a1cfe671bedd6fc8652c5821fa55af5,13,FALL,000000000000000000000000111111,159,153,135,/home/zhupl25/chiplet_side_channel/chiplet_gds_data/power_macro/delay_chain/ftc/runs/b_fe_frontend/bfe14_arch1_benign_temp_drift/physical/seed_41027/t_+125C/source_hspice,VALID,24,24,0,0
41027,946dfa47654e4f0c03723f92a972e36befbeeebaba206d020eec60291d5f72dc,125,a47522d223ca7148c306a44da11f67079a1cfe671bedd6fc8652c5821fa55af5,14,RISE,000000000000000000000001111111,182,153,135,/home/zhupl25/chiplet_side_channel/chiplet_gds_data/power_macro/delay_chain/ftc/runs/b_fe_frontend/bfe14_arch1_benign_temp_drift/physical/seed_41027/t_+125C/source_hspice,VALID,29,29,1,1
41027,946dfa47654e4f0c03723f92a972e36befbeeebaba206d020eec60291d5f72dc,125,a47522d223ca7148c306a44da11f67079a1cfe671bedd6fc8652c5821fa55af5,15,FALL,000000000000000000000000111111,159,153,135,/home/zhupl25/chiplet_side_channel/chiplet_gds_data/power_macro/delay_chain/ftc/runs/b_fe_frontend/bfe14_arch1_benign_temp_drift/physical/seed_41027/t_+125C/source_hspice,VALID,24,24,0,0
41027,946dfa47654e4f0c03723f92a972e36befbeeebaba206d020eec60291d5f72dc,125,a47522d223ca7148c306a44da11f67079a1cfe671bedd6fc8652c5821fa55af5,16,RISE,000000000000000000000001111111,182,153,135,/home/zhupl25/chiplet_side_channel/chiplet_gds_data/power_macro/delay_chain/ftc/runs/b_fe_frontend/bfe14_arch1_benign_temp_drift/physical/seed_41027/t_+125C/source_hspice,VALID,29,29,1,1
41027,946dfa47654e4f0c03723f92a972e36befbeeebaba206d020eec60291d5f72dc,125,a47522d223ca7148c306a44da11f67079a1cfe671bedd6fc8652c5821fa55af5,17,FALL,000000000000000000000000111111,159,153,135,/home/zhupl25/chiplet_side_channel/chiplet_gds_data/power_macro/delay_chain/ftc/runs/b_fe_frontend/bfe14_arch1_benign_temp_drift/physical/seed_41027/t_+125C/source_hspice,VALID,24,24,0,0
41027,946dfa47654e4f0c03723f92a972e36befbeeebaba206d020eec60291d5f72dc,125,a47522d223ca7148c306a44da11f67079a1cfe671bedd6fc8652c5821fa55af5,18,RISE,000000000000000000000001111111,182,153,135,/home/zhupl25/chiplet_side_channel/chiplet_gds_data/power_macro/delay_chain/ftc/runs/b_fe_frontend/bfe14_arch1_benign_temp_drift/physical/seed_41027/t_+125C/source_hspice,VALID,29,29,1,1
41027,946dfa47654e4f0c03723f92a972e36befbeeebaba206d020eec60291d5f72dc,125,a47522d223ca7148c306a44da11f67079a1cfe671bedd6fc8652c5821fa55af5,19,FALL,000000000000000000000000111111,159,153,135,/home/zhupl25/chiplet_side_channel/chiplet_gds_data/power_macro/delay_chain/ftc/runs/b_fe_frontend/bfe14_arch1_benign_temp_drift/physical/seed_41027/t_+125C/source_hspice,VALID,24,24,0,0
41027,946dfa47654e4f0c03723f92a972e36befbeeebaba206d020eec60291d5f72dc,125,a47522d223ca7148c306a44da11f67079a1cfe671bedd6fc8652c5821fa55af5,20,RISE,000000000000000000000000111111,159,153,135,/home/zhupl25/chiplet_side_channel/chiplet_gds_data/power_macro/delay_chain/ftc/runs/b_fe_frontend/bfe14_arch1_benign_temp_drift/physical/seed_41027/t_+125C/source_hspice,VALID,6,6,0,0
41027,946dfa47654e4f0c03723f92a972e36befbeeebaba206d020eec60291d5f72dc,125,a47522d223ca7148c306a44da11f67079a1cfe671bedd6fc8652c5821fa55af5,21,FALL,000000000000000000000000111111,159,153,135,/home/zhupl25/chiplet_side_channel/chiplet_gds_data/power_macro/delay_chain/ftc/runs/b_fe_frontend/bfe14_arch1_benign_temp_drift/physical/seed_41027/t_+125C/source_hspice,VALID,24,24,0,0
41027,946dfa47654e4f0c03723f92a972e36befbeeebaba206d020eec60291d5f72dc,125,a47522d223ca7148c306a44da11f67079a1cfe671bedd6fc8652c5821fa55af5,22,RISE,000000000000000000000001111111,182,153,135,/home/zhupl25/chiplet_side_channel/chiplet_gds_data/power_macro/delay_chain/ftc/runs/b_fe_frontend/bfe14_arch1_benign_temp_drift/physical/seed_41027/t_+125C/source_hspice,VALID,29,29,1,1
41027,946dfa47654e4f0c03723f92a972e36befbeeebaba206d020eec60291d5f72dc,125,a47522d223ca7148c306a44da11f67079a1cfe671bedd6fc8652c5821fa55af5,23,FALL,000000000000000000000000111111,159,153,135,/home/zhupl25/chiplet_side_channel/chiplet_gds_data/power_macro/delay_chain/ftc/runs/b_fe_frontend/bfe14_arch1_benign_temp_drift/physical/seed_41027/t_+125C/source_hspice,VALID,24,24,0,0
41019,fd0a0b5a62db110824da9ed6ded63e50260b11ce3e2857d8c0d5e1802b43acb5,-40,a47522d223ca7148c306a44da11f67079a1cfe671bedd6fc8652c5821fa55af5,0,RISE,000000000000000000000001111111,182,187,159,/home/zhupl25/chiplet_side_channel/chiplet_gds_data/power_macro/delay_chain/ftc/runs/b_fe_frontend/bfe14_arch1_benign_temp_drift/physical/seed_41019/t_-040C/source_hspice,VALID,-5,5,0,0
41019,fd0a0b5a62db110824da9ed6ded63e50260b11ce3e2857d8c0d5e1802b43acb5,-40,a47522d223ca7148c306a44da11f67079a1cfe671bedd6fc8652c5821fa55af5,1,FALL,000000000000000000000000011111,135,187,159,/home/zhupl25/chiplet_side_channel/chiplet_gds_data/power_macro/delay_chain/ftc/runs/b_fe_frontend/bfe14_arch1_benign_temp_drift/physical/seed_41019/t_-040C/source_hspice,VALID,-24,24,0,0
41019,fd0a0b5a62db110824da9ed6ded63e50260b11ce3e2857d8c0d5e1802b43acb5,-40,a47522d223ca7148c306a44da11f67079a1cfe671bedd6fc8652c5821fa55af5,2,RISE,000000000000000000000001111111,182,187,159,/home/zhupl25/chiplet_side_channel/chiplet_gds_data/power_macro/delay_chain/ftc/runs/b_fe_frontend/bfe14_arch1_benign_temp_drift/physical/seed_41019/t_-040C/source_hspice,VALID,-5,5,0,0
41019,fd0a0b5a62db110824da9ed6ded63e50260b11ce3e2857d8c0d5e1802b43acb5,-40,a47522d223ca7148c306a44da11f67079a1cfe671bedd6fc8652c5821fa55af5,3,FALL,000000000000000000000000001111,110,187,159,/home/zhupl25/chiplet_side_channel/chiplet_gds_data/power_macro/delay_chain/ftc/runs/b_fe_frontend/bfe14_arch1_benign_temp_drift/physical/seed_41019/t_-040C/source_hspice,VALID,-49,49,0,0
41019,fd0a0b5a62db110824da9ed6ded63e50260b11ce3e2857d8c0d5e1802b43acb5,-40,a47522d223ca7148c306a44da11f67079a1cfe671bedd6fc8652c5821fa55af5,4,RISE,000000000000000000000001111111,182,187,159,/home/zhupl25/chiplet_side_channel/chiplet_gds_data/power_macro/delay_chain/ftc/runs/b_fe_frontend/bfe14_arch1_benign_temp_drift/physical/seed_41019/t_-040C/source_hspice,VALID,-5,5,0,0
41019,fd0a0b5a62db110824da9ed6ded63e50260b11ce3e2857d8c0d5e1802b43acb5,-40,a47522d223ca7148c306a44da11f67079a1cfe671bedd6fc8652c5821fa55af5,5,FALL,000000000000000000000000011111,135,187,159,/home/zhupl25/chiplet_side_channel/chiplet_gds_data/power_macro/delay_chain/ftc/runs/b_fe_frontend/bfe14_arch1_benign_temp_drift/physical/seed_41019/t_-040C/source_hspice,VALID,-24,24,0,0
41019,fd0a0b5a62db110824da9ed6ded63e50260b11ce3e2857d8c0d5e1802b43acb5,-40,a47522d223ca7148c306a44da11f67079a1cfe671bedd6fc8652c5821fa55af5,6,RISE,000000000000000000000000111111,159,187,159,/home/zhupl25/chiplet_side_channel/chiplet_gds_data/power_macro/delay_chain/ftc/runs/b_fe_frontend/bfe14_arch1_benign_temp_drift/physical/seed_41019/t_-040C/source_hspice,VALID,-28,28,0,0
41019,fd0a0b5a62db110824da9ed6ded63e50260b11ce3e2857d8c0d5e1802b43acb5,-40,a47522d223ca7148c306a44da11f67079a1cfe671bedd6fc8652c5821fa55af5,7,FALL,000000000000000000000000011111,135,187,159,/home/zhupl25/chiplet_side_channel/chiplet_gds_data/power_macro/delay_chain/ftc/runs/b_fe_frontend/bfe14_arch1_benign_temp_drift/physical/seed_41019/t_-040C/source_hspice,VALID,-24,24,0,0
41019,fd0a0b5a62db110824da9ed6ded63e50260b11ce3e2857d8c0d5e1802b43acb5,-40,a47522d223ca7148c306a44da11f67079a1cfe671bedd6fc8652c5821fa55af5,8,RISE,000000000000000000000000111111,159,187,159,/home/zhupl25/chiplet_side_channel/chiplet_gds_data/power_macro/delay_chain/ftc/runs/b_fe_frontend/bfe14_arch1_benign_temp_drift/physical/seed_41019/t_-040C/source_hspice,VALID,-28,28,0,0
41019,fd0a0b5a62db110824da9ed6ded63e50260b11ce3e2857d8c0d5e1802b43acb5,-40,a47522d223ca7148c306a44da11f67079a1cfe671bedd6fc8652c5821fa55af5,9,FALL,000000000000000000000000011111,135,187,159,/home/zhupl25/chiplet_side_channel/chiplet_gds_data/power_macro/delay_chain/ftc/runs/b_fe_frontend/bfe14_arch1_benign_temp_drift/physical/seed_41019/t_-040C/source_hspice,VALID,-24,24,0,0
41019,fd0a0b5a62db110824da9ed6ded63e50260b11ce3e2857d8c0d5e1802b43acb5,-40,a47522d223ca7148c306a44da11f67079a1cfe671bedd6fc8652c5821fa55af5,10,RISE,000000000000000000000001111111,182,187,159,/home/zhupl25/chiplet_side_channel/chiplet_gds_data/power_macro/delay_chain/ftc/runs/b_fe_frontend/bfe14_arch1_benign_temp_drift/physical/seed_41019/t_-040C/source_hspice,VALID,-5,5,0,0
41019,fd0a0b5a62db110824da9ed6ded63e50260b11ce3e2857d8c0d5e1802b43acb5,-40,a47522d223ca7148c306a44da11f67079a1cfe671bedd6fc8652c5821fa55af5,11,FALL,000000000000000000000000011111,135,187,159,/home/zhupl25/chiplet_side_channel/chiplet_gds_data/power_macro/delay_chain/ftc/runs/b_fe_frontend/bfe14_arch1_benign_temp_drift/physical/seed_41019/t_-040C/source_hspice,VALID,-24,24,0,0
41019,fd0a0b5a62db110824da9ed6ded63e50260b11ce3e2857d8c0d5e1802b43acb5,-40,a47522d223ca7148c306a44da11f67079a1cfe671bedd6fc8652c5821fa55af5,12,RISE,000000000000000000000000111111,159,187,159,/home/zhupl25/chiplet_side_channel/chiplet_gds_data/power_macro/delay_chain/ftc/runs/b_fe_frontend/bfe14_arch1_benign_temp_drift/physical/seed_41019/t_-040C/source_hspice,VALID,-28,28,0,0
41019,fd0a0b5a62db110824da9ed6ded63e50260b11ce3e2857d8c0d5e1802b43acb5,-40,a47522d223ca7148c306a44da11f67079a1cfe671bedd6fc8652c5821fa55af5,13,FALL,000000000000000000000000011111,135,187,159,/home/zhupl25/chiplet_side_channel/chiplet_gds_data/power_macro/delay_chain/ftc/runs/b_fe_frontend/bfe14_arch1_benign_temp_drift/physical/seed_41019/t_-040C/source_hspice,VALID,-24,24,0,0
41019,fd0a0b5a62db110824da9ed6ded63e50260b11ce3e2857d8c0d5e1802b43acb5,-40,a47522d223ca7148c306a44da11f67079a1cfe671bedd6fc8652c5821fa55af5,14,RISE,000000000000000000000000111111,159,187,159,/home/zhupl25/chiplet_side_channel/chiplet_gds_data/power_macro/delay_chain/ftc/runs/b_fe_frontend/bfe14_arch1_benign_temp_drift/physical/seed_41019/t_-040C/source_hspice,VALID,-28,28,0,0
41019,fd0a0b5a62db110824da9ed6ded63e50260b11ce3e2857d8c0d5e1802b43acb5,-40,a47522d223ca7148c306a44da11f67079a1cfe671bedd6fc8652c5821fa55af5,15,FALL,000000000000000000000000011111,135,187,159,/home/zhupl25/chiplet_side_channel/chiplet_gds_data/power_macro/delay_chain/ftc/runs/b_fe_frontend/bfe14_arch1_benign_temp_drift/physical/seed_41019/t_-040C/source_hspice,VALID,-24,24,0,0
41019,fd0a0b5a62db110824da9ed6ded63e50260b11ce3e2857d8c0d5e1802b43acb5,-40,a47522d223ca7148c306a44da11f67079a1cfe671bedd6fc8652c5821fa55af5,16,RISE,000000000000000000000000111111,159,187,159,/home/zhupl25/chiplet_side_channel/chiplet_gds_data/power_macro/delay_chain/ftc/runs/b_fe_frontend/bfe14_arch1_benign_temp_drift/physical/seed_41019/t_-040C/source_hspice,VALID,-28,28,0,0
41019,fd0a0b5a62db110824da9ed6ded63e50260b11ce3e2857d8c0d5e1802b43acb5,-40,a47522d223ca7148c306a44da11f67079a1cfe671bedd6fc8652c5821fa55af5,17,FALL,000000000000000000000000011111,135,187,159,/home/zhupl25/chiplet_side_channel/chiplet_gds_data/power_macro/delay_chain/ftc/runs/b_fe_frontend/bfe14_arch1_benign_temp_drift/physical/seed_41019/t_-040C/source_hspice,VALID,-24,24,0,0
41019,fd0a0b5a62db110824da9ed6ded63e50260b11ce3e2857d8c0d5e1802b43acb5,-40,a47522d223ca7148c306a44da11f67079a1cfe671bedd6fc8652c5821fa55af5,18,RISE,000000000000000000000000111111,159,187,159,/home/zhupl25/chiplet_side_channel/chiplet_gds_data/power_macro/delay_chain/ftc/runs/b_fe_frontend/bfe14_arch1_benign_temp_drift/physical/seed_41019/t_-040C/source_hspice,VALID,-28,28,0,0
41019,fd0a0b5a62db110824da9ed6ded63e50260b11ce3e2857d8c0d5e1802b43acb5,-40,a47522d223ca7148c306a44da11f67079a1cfe671bedd6fc8652c5821fa55af5,19,FALL,000000000000000000000000011111,135,187,159,/home/zhupl25/chiplet_side_channel/chiplet_gds_data/power_macro/delay_chain/ftc/runs/b_fe_frontend/bfe14_arch1_benign_temp_drift/physical/seed_41019/t_-040C/source_hspice,VALID,-24,24,0,0
41019,fd0a0b5a62db110824da9ed6ded63e50260b11ce3e2857d8c0d5e1802b43acb5,-40,a47522d223ca7148c306a44da11f67079a1cfe671bedd6fc8652c5821fa55af5,20,RISE,000000000000000000000000111111,159,187,159,/home/zhupl25/chiplet_side_channel/chiplet_gds_data/power_macro/delay_chain/ftc/runs/b_fe_frontend/bfe14_arch1_benign_temp_drift/physical/seed_41019/t_-040C/source_hspice,VALID,-28,28,0,0
41019,fd0a0b5a62db110824da9ed6ded63e50260b11ce3e2857d8c0d5e1802b43acb5,-40,a47522d223ca7148c306a44da11f67079a1cfe671bedd6fc8652c5821fa55af5,21,FALL,000000000000000000000000001111,110,187,159,/home/zhupl25/chiplet_side_channel/chiplet_gds_data/power_macro/delay_chain/ftc/runs/b_fe_frontend/bfe14_arch1_benign_temp_drift/physical/seed_41019/t_-040C/source_hspice,VALID,-49,49,0,0
41019,fd0a0b5a62db110824da9ed6ded63e50260b11ce3e2857d8c0d5e1802b43acb5,-40,a47522d223ca7148c306a44da11f67079a1cfe671bedd6fc8652c5821fa55af5,22,RISE,000000000000000000000001111111,182,187,159,/home/zhupl25/chiplet_side_channel/chiplet_gds_data/power_macro/delay_chain/ftc/runs/b_fe_frontend/bfe14_arch1_benign_temp_drift/physical/seed_41019/t_-040C/source_hspice,VALID,-5,5,0,0
41019,fd0a0b5a62db110824da9ed6ded63e50260b11ce3e2857d8c0d5e1802b43acb5,-40,a47522d223ca7148c306a44da11f67079a1cfe671bedd6fc8652c5821fa55af5,23,FALL,000000000000000000000000011111,135,187,159,/home/zhupl25/chiplet_side_channel/chiplet_gds_data/power_macro/delay_chain/ftc/runs/b_fe_frontend/bfe14_arch1_benign_temp_drift/physical/seed_41019/t_-040C/source_hspice,VALID,-24,24,0,0
41019,fd0a0b5a62db110824da9ed6ded63e50260b11ce3e2857d8c0d5e1802b43acb5,85,a47522d223ca7148c306a44da11f67079a1cfe671bedd6fc8652c5821fa55af5,0,RISE,000000000000000000000011111111,204,187,159,/home/zhupl25/chiplet_side_channel/chiplet_gds_data/power_macro/delay_chain/ftc/runs/b_fe_frontend/bfe14_arch1_benign_temp_drift/physical/seed_41019/t_+085C/source_hspice,VALID,17,17,0,0
41019,fd0a0b5a62db110824da9ed6ded63e50260b11ce3e2857d8c0d5e1802b43acb5,85,a47522d223ca7148c306a44da11f67079a1cfe671bedd6fc8652c5821fa55af5,1,FALL,000000000000000000000000111111,159,187,159,/home/zhupl25/chiplet_side_channel/chiplet_gds_data/power_macro/delay_chain/ftc/runs/b_fe_frontend/bfe14_arch1_benign_temp_drift/physical/seed_41019/t_+085C/source_hspice,VALID,0,0,0,0
41019,fd0a0b5a62db110824da9ed6ded63e50260b11ce3e2857d8c0d5e1802b43acb5,85,a47522d223ca7148c306a44da11f67079a1cfe671bedd6fc8652c5821fa55af5,2,RISE,000000000000000000000011111111,204,187,159,/home/zhupl25/chiplet_side_channel/chiplet_gds_data/power_macro/delay_chain/ftc/runs/b_fe_frontend/bfe14_arch1_benign_temp_drift/physical/seed_41019/t_+085C/source_hspice,VALID,17,17,0,0
41019,fd0a0b5a62db110824da9ed6ded63e50260b11ce3e2857d8c0d5e1802b43acb5,85,a47522d223ca7148c306a44da11f67079a1cfe671bedd6fc8652c5821fa55af5,3,FALL,000000000000000000000000111111,159,187,159,/home/zhupl25/chiplet_side_channel/chiplet_gds_data/power_macro/delay_chain/ftc/runs/b_fe_frontend/bfe14_arch1_benign_temp_drift/physical/seed_41019/t_+085C/source_hspice,VALID,0,0,0,0
41019,fd0a0b5a62db110824da9ed6ded63e50260b11ce3e2857d8c0d5e1802b43acb5,85,a47522d223ca7148c306a44da11f67079a1cfe671bedd6fc8652c5821fa55af5,4,RISE,000000000000000000000011111111,204,187,159,/home/zhupl25/chiplet_side_channel/chiplet_gds_data/power_macro/delay_chain/ftc/runs/b_fe_frontend/bfe14_arch1_benign_temp_drift/physical/seed_41019/t_+085C/source_hspice,VALID,17,17,0,0
41019,fd0a0b5a62db110824da9ed6ded63e50260b11ce3e2857d8c0d5e1802b43acb5,85,a47522d223ca7148c306a44da11f67079a1cfe671bedd6fc8652c5821fa55af5,5,FALL,000000000000000000000000111111,159,187,159,/home/zhupl25/chiplet_side_channel/chiplet_gds_data/power_macro/delay_chain/ftc/runs/b_fe_frontend/bfe14_arch1_benign_temp_drift/physical/seed_41019/t_+085C/source_hspice,VALID,0,0,0,0
41019,fd0a0b5a62db110824da9ed6ded63e50260b11ce3e2857d8c0d5e1802b43acb5,85,a47522d223ca7148c306a44da11f67079a1cfe671bedd6fc8652c5821fa55af5,6,RISE,000000000000000000000011111111,204,187,159,/home/zhupl25/chiplet_side_channel/chiplet_gds_data/power_macro/delay_chain/ftc/runs/b_fe_frontend/bfe14_arch1_benign_temp_drift/physical/seed_41019/t_+085C/source_hspice,VALID,17,17,0,0
41019,fd0a0b5a62db110824da9ed6ded63e50260b11ce3e2857d8c0d5e1802b43acb5,85,a47522d223ca7148c306a44da11f67079a1cfe671bedd6fc8652c5821fa55af5,7,FALL,000000000000000000000000111111,159,187,159,/home/zhupl25/chiplet_side_channel/chiplet_gds_data/power_macro/delay_chain/ftc/runs/b_fe_frontend/bfe14_arch1_benign_temp_drift/physical/seed_41019/t_+085C/source_hspice,VALID,0,0,0,0
41019,fd0a0b5a62db110824da9ed6ded63e50260b11ce3e2857d8c0d5e1802b43acb5,85,a47522d223ca7148c306a44da11f67079a1cfe671bedd6fc8652c5821fa55af5,8,RISE,000000000000000000000011111111,204,187,159,/home/zhupl25/chiplet_side_channel/chiplet_gds_data/power_macro/delay_chain/ftc/runs/b_fe_frontend/bfe14_arch1_benign_temp_drift/physical/seed_41019/t_+085C/source_hspice,VALID,17,17,0,0
41019,fd0a0b5a62db110824da9ed6ded63e50260b11ce3e2857d8c0d5e1802b43acb5,85,a47522d223ca7148c306a44da11f67079a1cfe671bedd6fc8652c5821fa55af5,9,FALL,000000000000000000000000111111,159,187,159,/home/zhupl25/chiplet_side_channel/chiplet_gds_data/power_macro/delay_chain/ftc/runs/b_fe_frontend/bfe14_arch1_benign_temp_drift/physical/seed_41019/t_+085C/source_hspice,VALID,0,0,0,0
41019,fd0a0b5a62db110824da9ed6ded63e50260b11ce3e2857d8c0d5e1802b43acb5,85,a47522d223ca7148c306a44da11f67079a1cfe671bedd6fc8652c5821fa55af5,10,RISE,000000000000000000000011111111,204,187,159,/home/zhupl25/chiplet_side_channel/chiplet_gds_data/power_macro/delay_chain/ftc/runs/b_fe_frontend/bfe14_arch1_benign_temp_drift/physical/seed_41019/t_+085C/source_hspice,VALID,17,17,0,0
41019,fd0a0b5a62db110824da9ed6ded63e50260b11ce3e2857d8c0d5e1802b43acb5,85,a47522d223ca7148c306a44da11f67079a1cfe671bedd6fc8652c5821fa55af5,11,FALL,000000000000000000000000111111,159,187,159,/home/zhupl25/chiplet_side_channel/chiplet_gds_data/power_macro/delay_chain/ftc/runs/b_fe_frontend/bfe14_arch1_benign_temp_drift/physical/seed_41019/t_+085C/source_hspice,VALID,0,0,0,0
41019,fd0a0b5a62db110824da9ed6ded63e50260b11ce3e2857d8c0d5e1802b43acb5,85,a47522d223ca7148c306a44da11f67079a1cfe671bedd6fc8652c5821fa55af5,12,RISE,000000000000000000000011111111,204,187,159,/home/zhupl25/chiplet_side_channel/chiplet_gds_data/power_macro/delay_chain/ftc/runs/b_fe_frontend/bfe14_arch1_benign_temp_drift/physical/seed_41019/t_+085C/source_hspice,VALID,17,17,0,0
41019,fd0a0b5a62db110824da9ed6ded63e50260b11ce3e2857d8c0d5e1802b43acb5,85,a47522d223ca7148c306a44da11f67079a1cfe671bedd6fc8652c5821fa55af5,13,FALL,000000000000000000000000111111,159,187,159,/home/zhupl25/chiplet_side_channel/chiplet_gds_data/power_macro/delay_chain/ftc/runs/b_fe_frontend/bfe14_arch1_benign_temp_drift/physical/seed_41019/t_+085C/source_hspice,VALID,0,0,0,0
41019,fd0a0b5a62db110824da9ed6ded63e50260b11ce3e2857d8c0d5e1802b43acb5,85,a47522d223ca7148c306a44da11f67079a1cfe671bedd6fc8652c5821fa55af5,14,RISE,000000000000000000000011111111,204,187,159,/home/zhupl25/chiplet_side_channel/chiplet_gds_data/power_macro/delay_chain/ftc/runs/b_fe_frontend/bfe14_arch1_benign_temp_drift/physical/seed_41019/t_+085C/source_hspice,VALID,17,17,0,0
41019,fd0a0b5a62db110824da9ed6ded63e50260b11ce3e2857d8c0d5e1802b43acb5,85,a47522d223ca7148c306a44da11f67079a1cfe671bedd6fc8652c5821fa55af5,15,FALL,000000000000000000000000111111,159,187,159,/home/zhupl25/chiplet_side_channel/chiplet_gds_data/power_macro/delay_chain/ftc/runs/b_fe_frontend/bfe14_arch1_benign_temp_drift/physical/seed_41019/t_+085C/source_hspice,VALID,0,0,0,0
41019,fd0a0b5a62db110824da9ed6ded63e50260b11ce3e2857d8c0d5e1802b43acb5,85,a47522d223ca7148c306a44da11f67079a1cfe671bedd6fc8652c5821fa55af5,16,RISE,000000000000000000000011111111,204,187,159,/home/zhupl25/chiplet_side_channel/chiplet_gds_data/power_macro/delay_chain/ftc/runs/b_fe_frontend/bfe14_arch1_benign_temp_drift/physical/seed_41019/t_+085C/source_hspice,VALID,17,17,0,0
41019,fd0a0b5a62db110824da9ed6ded63e50260b11ce3e2857d8c0d5e1802b43acb5,85,a47522d223ca7148c306a44da11f67079a1cfe671bedd6fc8652c5821fa55af5,17,FALL,000000000000000000000000111111,159,187,159,/home/zhupl25/chiplet_side_channel/chiplet_gds_data/power_macro/delay_chain/ftc/runs/b_fe_frontend/bfe14_arch1_benign_temp_drift/physical/seed_41019/t_+085C/source_hspice,VALID,0,0,0,0
41019,fd0a0b5a62db110824da9ed6ded63e50260b11ce3e2857d8c0d5e1802b43acb5,85,a47522d223ca7148c306a44da11f67079a1cfe671bedd6fc8652c5821fa55af5,18,RISE,000000000000000000000011111111,204,187,159,/home/zhupl25/chiplet_side_channel/chiplet_gds_data/power_macro/delay_chain/ftc/runs/b_fe_frontend/bfe14_arch1_benign_temp_drift/physical/seed_41019/t_+085C/source_hspice,VALID,17,17,0,0
41019,fd0a0b5a62db110824da9ed6ded63e50260b11ce3e2857d8c0d5e1802b43acb5,85,a47522d223ca7148c306a44da11f67079a1cfe671bedd6fc8652c5821fa55af5,19,FALL,000000000000000000000000111111,159,187,159,/home/zhupl25/chiplet_side_channel/chiplet_gds_data/power_macro/delay_chain/ftc/runs/b_fe_frontend/bfe14_arch1_benign_temp_drift/physical/seed_41019/t_+085C/source_hspice,VALID,0,0,0,0
41019,fd0a0b5a62db110824da9ed6ded63e50260b11ce3e2857d8c0d5e1802b43acb5,85,a47522d223ca7148c306a44da11f67079a1cfe671bedd6fc8652c5821fa55af5,20,RISE,000000000000000000000011111111,204,187,159,/home/zhupl25/chiplet_side_channel/chiplet_gds_data/power_macro/delay_chain/ftc/runs/b_fe_frontend/bfe14_arch1_benign_temp_drift/physical/seed_41019/t_+085C/source_hspice,VALID,17,17,0,0
41019,fd0a0b5a62db110824da9ed6ded63e50260b11ce3e2857d8c0d5e1802b43acb5,85,a47522d223ca7148c306a44da11f67079a1cfe671bedd6fc8652c5821fa55af5,21,FALL,000000000000000000000000111111,159,187,159,/home/zhupl25/chiplet_side_channel/chiplet_gds_data/power_macro/delay_chain/ftc/runs/b_fe_frontend/bfe14_arch1_benign_temp_drift/physical/seed_41019/t_+085C/source_hspice,VALID,0,0,0,0
41019,fd0a0b5a62db110824da9ed6ded63e50260b11ce3e2857d8c0d5e1802b43acb5,85,a47522d223ca7148c306a44da11f67079a1cfe671bedd6fc8652c5821fa55af5,22,RISE,000000000000000000000011111111,204,187,159,/home/zhupl25/chiplet_side_channel/chiplet_gds_data/power_macro/delay_chain/ftc/runs/b_fe_frontend/bfe14_arch1_benign_temp_drift/physical/seed_41019/t_+085C/source_hspice,VALID,17,17,0,0
41019,fd0a0b5a62db110824da9ed6ded63e50260b11ce3e2857d8c0d5e1802b43acb5,85,a47522d223ca7148c306a44da11f67079a1cfe671bedd6fc8652c5821fa55af5,23,FALL,000000000000000000000000111111,159,187,159,/home/zhupl25/chiplet_side_channel/chiplet_gds_data/power_macro/delay_chain/ftc/runs/b_fe_frontend/bfe14_arch1_benign_temp_drift/physical/seed_41019/t_+085C/source_hspice,VALID,0,0,0,0
41019,fd0a0b5a62db110824da9ed6ded63e50260b11ce3e2857d8c0d5e1802b43acb5,125,a47522d223ca7148c306a44da11f67079a1cfe671bedd6fc8652c5821fa55af5,0,RISE,000000000000000000000011111111,204,187,159,/home/zhupl25/chiplet_side_channel/chiplet_gds_data/power_macro/delay_chain/ftc/runs/b_fe_frontend/bfe14_arch1_benign_temp_drift/physical/seed_41019/t_+125C/source_hspice,VALID,17,17,0,0
41019,fd0a0b5a62db110824da9ed6ded63e50260b11ce3e2857d8c0d5e1802b43acb5,125,a47522d223ca7148c306a44da11f67079a1cfe671bedd6fc8652c5821fa55af5,1,FALL,000000000000000000000001111111,182,187,159,/home/zhupl25/chiplet_side_channel/chiplet_gds_data/power_macro/delay_chain/ftc/runs/b_fe_frontend/bfe14_arch1_benign_temp_drift/physical/seed_41019/t_+125C/source_hspice,VALID,23,23,0,0
41019,fd0a0b5a62db110824da9ed6ded63e50260b11ce3e2857d8c0d5e1802b43acb5,125,a47522d223ca7148c306a44da11f67079a1cfe671bedd6fc8652c5821fa55af5,2,RISE,000000000000000000000011111111,204,187,159,/home/zhupl25/chiplet_side_channel/chiplet_gds_data/power_macro/delay_chain/ftc/runs/b_fe_frontend/bfe14_arch1_benign_temp_drift/physical/seed_41019/t_+125C/source_hspice,VALID,17,17,0,0
41019,fd0a0b5a62db110824da9ed6ded63e50260b11ce3e2857d8c0d5e1802b43acb5,125,a47522d223ca7148c306a44da11f67079a1cfe671bedd6fc8652c5821fa55af5,3,FALL,000000000000000000000001111111,182,187,159,/home/zhupl25/chiplet_side_channel/chiplet_gds_data/power_macro/delay_chain/ftc/runs/b_fe_frontend/bfe14_arch1_benign_temp_drift/physical/seed_41019/t_+125C/source_hspice,VALID,23,23,0,0
41019,fd0a0b5a62db110824da9ed6ded63e50260b11ce3e2857d8c0d5e1802b43acb5,125,a47522d223ca7148c306a44da11f67079a1cfe671bedd6fc8652c5821fa55af5,4,RISE,000000000000000000000011111111,204,187,159,/home/zhupl25/chiplet_side_channel/chiplet_gds_data/power_macro/delay_chain/ftc/runs/b_fe_frontend/bfe14_arch1_benign_temp_drift/physical/seed_41019/t_+125C/source_hspice,VALID,17,17,0,0
41019,fd0a0b5a62db110824da9ed6ded63e50260b11ce3e2857d8c0d5e1802b43acb5,125,a47522d223ca7148c306a44da11f67079a1cfe671bedd6fc8652c5821fa55af5,5,FALL,000000000000000000000001111111,182,187,159,/home/zhupl25/chiplet_side_channel/chiplet_gds_data/power_macro/delay_chain/ftc/runs/b_fe_frontend/bfe14_arch1_benign_temp_drift/physical/seed_41019/t_+125C/source_hspice,VALID,23,23,0,0
41019,fd0a0b5a62db110824da9ed6ded63e50260b11ce3e2857d8c0d5e1802b43acb5,125,a47522d223ca7148c306a44da11f67079a1cfe671bedd6fc8652c5821fa55af5,6,RISE,000000000000000000000011111111,204,187,159,/home/zhupl25/chiplet_side_channel/chiplet_gds_data/power_macro/delay_chain/ftc/runs/b_fe_frontend/bfe14_arch1_benign_temp_drift/physical/seed_41019/t_+125C/source_hspice,VALID,17,17,0,0
41019,fd0a0b5a62db110824da9ed6ded63e50260b11ce3e2857d8c0d5e1802b43acb5,125,a47522d223ca7148c306a44da11f67079a1cfe671bedd6fc8652c5821fa55af5,7,FALL,000000000000000000000001111111,182,187,159,/home/zhupl25/chiplet_side_channel/chiplet_gds_data/power_macro/delay_chain/ftc/runs/b_fe_frontend/bfe14_arch1_benign_temp_drift/physical/seed_41019/t_+125C/source_hspice,VALID,23,23,0,0
41019,fd0a0b5a62db110824da9ed6ded63e50260b11ce3e2857d8c0d5e1802b43acb5,125,a47522d223ca7148c306a44da11f67079a1cfe671bedd6fc8652c5821fa55af5,8,RISE,000000000000000000000011111111,204,187,159,/home/zhupl25/chiplet_side_channel/chiplet_gds_data/power_macro/delay_chain/ftc/runs/b_fe_frontend/bfe14_arch1_benign_temp_drift/physical/seed_41019/t_+125C/source_hspice,VALID,17,17,0,0
41019,fd0a0b5a62db110824da9ed6ded63e50260b11ce3e2857d8c0d5e1802b43acb5,125,a47522d223ca7148c306a44da11f67079a1cfe671bedd6fc8652c5821fa55af5,9,FALL,000000000000000000000001111111,182,187,159,/home/zhupl25/chiplet_side_channel/chiplet_gds_data/power_macro/delay_chain/ftc/runs/b_fe_frontend/bfe14_arch1_benign_temp_drift/physical/seed_41019/t_+125C/source_hspice,VALID,23,23,0,0
41019,fd0a0b5a62db110824da9ed6ded63e50260b11ce3e2857d8c0d5e1802b43acb5,125,a47522d223ca7148c306a44da11f67079a1cfe671bedd6fc8652c5821fa55af5,10,RISE,000000000000000000000011111111,204,187,159,/home/zhupl25/chiplet_side_channel/chiplet_gds_data/power_macro/delay_chain/ftc/runs/b_fe_frontend/bfe14_arch1_benign_temp_drift/physical/seed_41019/t_+125C/source_hspice,VALID,17,17,0,0
41019,fd0a0b5a62db110824da9ed6ded63e50260b11ce3e2857d8c0d5e1802b43acb5,125,a47522d223ca7148c306a44da11f67079a1cfe671bedd6fc8652c5821fa55af5,11,FALL,000000000000000000000001111111,182,187,159,/home/zhupl25/chiplet_side_channel/chiplet_gds_data/power_macro/delay_chain/ftc/runs/b_fe_frontend/bfe14_arch1_benign_temp_drift/physical/seed_41019/t_+125C/source_hspice,VALID,23,23,0,0
41019,fd0a0b5a62db110824da9ed6ded63e50260b11ce3e2857d8c0d5e1802b43acb5,125,a47522d223ca7148c306a44da11f67079a1cfe671bedd6fc8652c5821fa55af5,12,RISE,000000000000000000000011111111,204,187,159,/home/zhupl25/chiplet_side_channel/chiplet_gds_data/power_macro/delay_chain/ftc/runs/b_fe_frontend/bfe14_arch1_benign_temp_drift/physical/seed_41019/t_+125C/source_hspice,VALID,17,17,0,0
41019,fd0a0b5a62db110824da9ed6ded63e50260b11ce3e2857d8c0d5e1802b43acb5,125,a47522d223ca7148c306a44da11f67079a1cfe671bedd6fc8652c5821fa55af5,13,FALL,000000000000000000000001111111,182,187,159,/home/zhupl25/chiplet_side_channel/chiplet_gds_data/power_macro/delay_chain/ftc/runs/b_fe_frontend/bfe14_arch1_benign_temp_drift/physical/seed_41019/t_+125C/source_hspice,VALID,23,23,0,0
41019,fd0a0b5a62db110824da9ed6ded63e50260b11ce3e2857d8c0d5e1802b43acb5,125,a47522d223ca7148c306a44da11f67079a1cfe671bedd6fc8652c5821fa55af5,14,RISE,000000000000000000000011111111,204,187,159,/home/zhupl25/chiplet_side_channel/chiplet_gds_data/power_macro/delay_chain/ftc/runs/b_fe_frontend/bfe14_arch1_benign_temp_drift/physical/seed_41019/t_+125C/source_hspice,VALID,17,17,0,0
41019,fd0a0b5a62db110824da9ed6ded63e50260b11ce3e2857d8c0d5e1802b43acb5,125,a47522d223ca7148c306a44da11f67079a1cfe671bedd6fc8652c5821fa55af5,15,FALL,000000000000000000000001111111,182,187,159,/home/zhupl25/chiplet_side_channel/chiplet_gds_data/power_macro/delay_chain/ftc/runs/b_fe_frontend/bfe14_arch1_benign_temp_drift/physical/seed_41019/t_+125C/source_hspice,VALID,23,23,0,0
41019,fd0a0b5a62db110824da9ed6ded63e50260b11ce3e2857d8c0d5e1802b43acb5,125,a47522d223ca7148c306a44da11f67079a1cfe671bedd6fc8652c5821fa55af5,16,RISE,000000000000000000000011111111,204,187,159,/home/zhupl25/chiplet_side_channel/chiplet_gds_data/power_macro/delay_chain/ftc/runs/b_fe_frontend/bfe14_arch1_benign_temp_drift/physical/seed_41019/t_+125C/source_hspice,VALID,17,17,0,0
41019,fd0a0b5a62db110824da9ed6ded63e50260b11ce3e2857d8c0d5e1802b43acb5,125,a47522d223ca7148c306a44da11f67079a1cfe671bedd6fc8652c5821fa55af5,17,FALL,000000000000000000000001111111,182,187,159,/home/zhupl25/chiplet_side_channel/chiplet_gds_data/power_macro/delay_chain/ftc/runs/b_fe_frontend/bfe14_arch1_benign_temp_drift/physical/seed_41019/t_+125C/source_hspice,VALID,23,23,0,0
41019,fd0a0b5a62db110824da9ed6ded63e50260b11ce3e2857d8c0d5e1802b43acb5,125,a47522d223ca7148c306a44da11f67079a1cfe671bedd6fc8652c5821fa55af5,18,RISE,000000000000000000000011111111,204,187,159,/home/zhupl25/chiplet_side_channel/chiplet_gds_data/power_macro/delay_chain/ftc/runs/b_fe_frontend/bfe14_arch1_benign_temp_drift/physical/seed_41019/t_+125C/source_hspice,VALID,17,17,0,0
41019,fd0a0b5a62db110824da9ed6ded63e50260b11ce3e2857d8c0d5e1802b43acb5,125,a47522d223ca7148c306a44da11f67079a1cfe671bedd6fc8652c5821fa55af5,19,FALL,000000000000000000000001111111,182,187,159,/home/zhupl25/chiplet_side_channel/chiplet_gds_data/power_macro/delay_chain/ftc/runs/b_fe_frontend/bfe14_arch1_benign_temp_drift/physical/seed_41019/t_+125C/source_hspice,VALID,23,23,0,0
41019,fd0a0b5a62db110824da9ed6ded63e50260b11ce3e2857d8c0d5e1802b43acb5,125,a47522d223ca7148c306a44da11f67079a1cfe671bedd6fc8652c5821fa55af5,20,RISE,000000000000000000000011111111,204,187,159,/home/zhupl25/chiplet_side_channel/chiplet_gds_data/power_macro/delay_chain/ftc/runs/b_fe_frontend/bfe14_arch1_benign_temp_drift/physical/seed_41019/t_+125C/source_hspice,VALID,17,17,0,0
41019,fd0a0b5a62db110824da9ed6ded63e50260b11ce3e2857d8c0d5e1802b43acb5,125,a47522d223ca7148c306a44da11f67079a1cfe671bedd6fc8652c5821fa55af5,21,FALL,000000000000000000000001111111,182,187,159,/home/zhupl25/chiplet_side_channel/chiplet_gds_data/power_macro/delay_chain/ftc/runs/b_fe_frontend/bfe14_arch1_benign_temp_drift/physical/seed_41019/t_+125C/source_hspice,VALID,23,23,0,0
41019,fd0a0b5a62db110824da9ed6ded63e50260b11ce3e2857d8c0d5e1802b43acb5,125,a47522d223ca7148c306a44da11f67079a1cfe671bedd6fc8652c5821fa55af5,22,RISE,000000000000000000000011111111,204,187,159,/home/zhupl25/chiplet_side_channel/chiplet_gds_data/power_macro/delay_chain/ftc/runs/b_fe_frontend/bfe14_arch1_benign_temp_drift/physical/seed_41019/t_+125C/source_hspice,VALID,17,17,0,0
41019,fd0a0b5a62db110824da9ed6ded63e50260b11ce3e2857d8c0d5e1802b43acb5,125,a47522d223ca7148c306a44da11f67079a1cfe671bedd6fc8652c5821fa55af5,23,FALL,000000000000000000000001111111,182,187,159,/home/zhupl25/chiplet_side_channel/chiplet_gds_data/power_macro/delay_chain/ftc/runs/b_fe_frontend/bfe14_arch1_benign_temp_drift/physical/seed_41019/t_+125C/source_hspice,VALID,23,23,0,0
41013,9b0c0bba410a345ede4a4335782dc764c8c6190369dbbc90be44895674d4007a,-40,a47522d223ca7148c306a44da11f67079a1cfe671bedd6fc8652c5821fa55af5,0,RISE,000000000000000000000111111111,225,235,204,/home/zhupl25/chiplet_side_channel/chiplet_gds_data/power_macro/delay_chain/ftc/runs/b_fe_frontend/bfe14_arch1_benign_temp_drift/physical/seed_41013/t_-040C/source_hspice,VALID,-10,10,0,0
41013,9b0c0bba410a345ede4a4335782dc764c8c6190369dbbc90be44895674d4007a,-40,a47522d223ca7148c306a44da11f67079a1cfe671bedd6fc8652c5821fa55af5,1,FALL,000000000000000000000011111111,204,235,204,/home/zhupl25/chiplet_side_channel/chiplet_gds_data/power_macro/delay_chain/ftc/runs/b_fe_frontend/bfe14_arch1_benign_temp_drift/physical/seed_41013/t_-040C/source_hspice,VALID,0,0,0,0
41013,9b0c0bba410a345ede4a4335782dc764c8c6190369dbbc90be44895674d4007a,-40,a47522d223ca7148c306a44da11f67079a1cfe671bedd6fc8652c5821fa55af5,2,RISE,000000000000000000000111111111,225,235,204,/home/zhupl25/chiplet_side_channel/chiplet_gds_data/power_macro/delay_chain/ftc/runs/b_fe_frontend/bfe14_arch1_benign_temp_drift/physical/seed_41013/t_-040C/source_hspice,VALID,-10,10,0,0
41013,9b0c0bba410a345ede4a4335782dc764c8c6190369dbbc90be44895674d4007a,-40,a47522d223ca7148c306a44da11f67079a1cfe671bedd6fc8652c5821fa55af5,3,FALL,000000000000000000000001111111,182,235,204,/home/zhupl25/chiplet_side_channel/chiplet_gds_data/power_macro/delay_chain/ftc/runs/b_fe_frontend/bfe14_arch1_benign_temp_drift/physical/seed_41013/t_-040C/source_hspice,VALID,-22,22,0,0
41013,9b0c0bba410a345ede4a4335782dc764c8c6190369dbbc90be44895674d4007a,-40,a47522d223ca7148c306a44da11f67079a1cfe671bedd6fc8652c5821fa55af5,4,RISE,000000000000000000000111111111,225,235,204,/home/zhupl25/chiplet_side_channel/chiplet_gds_data/power_macro/delay_chain/ftc/runs/b_fe_frontend/bfe14_arch1_benign_temp_drift/physical/seed_41013/t_-040C/source_hspice,VALID,-10,10,0,0
41013,9b0c0bba410a345ede4a4335782dc764c8c6190369dbbc90be44895674d4007a,-40,a47522d223ca7148c306a44da11f67079a1cfe671bedd6fc8652c5821fa55af5,5,FALL,000000000000000000000011111111,204,235,204,/home/zhupl25/chiplet_side_channel/chiplet_gds_data/power_macro/delay_chain/ftc/runs/b_fe_frontend/bfe14_arch1_benign_temp_drift/physical/seed_41013/t_-040C/source_hspice,VALID,0,0,0,0
41013,9b0c0bba410a345ede4a4335782dc764c8c6190369dbbc90be44895674d4007a,-40,a47522d223ca7148c306a44da11f67079a1cfe671bedd6fc8652c5821fa55af5,6,RISE,000000000000000000000111111111,225,235,204,/home/zhupl25/chiplet_side_channel/chiplet_gds_data/power_macro/delay_chain/ftc/runs/b_fe_frontend/bfe14_arch1_benign_temp_drift/physical/seed_41013/t_-040C/source_hspice,VALID,-10,10,0,0
41013,9b0c0bba410a345ede4a4335782dc764c8c6190369dbbc90be44895674d4007a,-40,a47522d223ca7148c306a44da11f67079a1cfe671bedd6fc8652c5821fa55af5,7,FALL,000000000000000000000011111111,204,235,204,/home/zhupl25/chiplet_side_channel/chiplet_gds_data/power_macro/delay_chain/ftc/runs/b_fe_frontend/bfe14_arch1_benign_temp_drift/physical/seed_41013/t_-040C/source_hspice,VALID,0,0,0,0
41013,9b0c0bba410a345ede4a4335782dc764c8c6190369dbbc90be44895674d4007a,-40,a47522d223ca7148c306a44da11f67079a1cfe671bedd6fc8652c5821fa55af5,8,RISE,000000000000000000000111111111,225,235,204,/home/zhupl25/chiplet_side_channel/chiplet_gds_data/power_macro/delay_chain/ftc/runs/b_fe_frontend/bfe14_arch1_benign_temp_drift/physical/seed_41013/t_-040C/source_hspice,VALID,-10,10,0,0
41013,9b0c0bba410a345ede4a4335782dc764c8c6190369dbbc90be44895674d4007a,-40,a47522d223ca7148c306a44da11f67079a1cfe671bedd6fc8652c5821fa55af5,9,FALL,000000000000000000000011111111,204,235,204,/home/zhupl25/chiplet_side_channel/chiplet_gds_data/power_macro/delay_chain/ftc/runs/b_fe_frontend/bfe14_arch1_benign_temp_drift/physical/seed_41013/t_-040C/source_hspice,VALID,0,0,0,0
41013,9b0c0bba410a345ede4a4335782dc764c8c6190369dbbc90be44895674d4007a,-40,a47522d223ca7148c306a44da11f67079a1cfe671bedd6fc8652c5821fa55af5,10,RISE,000000000000000000000111111111,225,235,204,/home/zhupl25/chiplet_side_channel/chiplet_gds_data/power_macro/delay_chain/ftc/runs/b_fe_frontend/bfe14_arch1_benign_temp_drift/physical/seed_41013/t_-040C/source_hspice,VALID,-10,10,0,0
41013,9b0c0bba410a345ede4a4335782dc764c8c6190369dbbc90be44895674d4007a,-40,a47522d223ca7148c306a44da11f67079a1cfe671bedd6fc8652c5821fa55af5,11,FALL,000000000000000000000001111111,182,235,204,/home/zhupl25/chiplet_side_channel/chiplet_gds_data/power_macro/delay_chain/ftc/runs/b_fe_frontend/bfe14_arch1_benign_temp_drift/physical/seed_41013/t_-040C/source_hspice,VALID,-22,22,0,0
41013,9b0c0bba410a345ede4a4335782dc764c8c6190369dbbc90be44895674d4007a,-40,a47522d223ca7148c306a44da11f67079a1cfe671bedd6fc8652c5821fa55af5,12,RISE,000000000000000000000111111111,225,235,204,/home/zhupl25/chiplet_side_channel/chiplet_gds_data/power_macro/delay_chain/ftc/runs/b_fe_frontend/bfe14_arch1_benign_temp_drift/physical/seed_41013/t_-040C/source_hspice,VALID,-10,10,0,0
41013,9b0c0bba410a345ede4a4335782dc764c8c6190369dbbc90be44895674d4007a,-40,a47522d223ca7148c306a44da11f67079a1cfe671bedd6fc8652c5821fa55af5,13,FALL,000000000000000000000001111111,182,235,204,/home/zhupl25/chiplet_side_channel/chiplet_gds_data/power_macro/delay_chain/ftc/runs/b_fe_frontend/bfe14_arch1_benign_temp_drift/physical/seed_41013/t_-040C/source_hspice,VALID,-22,22,0,0
41013,9b0c0bba410a345ede4a4335782dc764c8c6190369dbbc90be44895674d4007a,-40,a47522d223ca7148c306a44da11f67079a1cfe671bedd6fc8652c5821fa55af5,14,RISE,000000000000000000000111111111,225,235,204,/home/zhupl25/chiplet_side_channel/chiplet_gds_data/power_macro/delay_chain/ftc/runs/b_fe_frontend/bfe14_arch1_benign_temp_drift/physical/seed_41013/t_-040C/source_hspice,VALID,-10,10,0,0
41013,9b0c0bba410a345ede4a4335782dc764c8c6190369dbbc90be44895674d4007a,-40,a47522d223ca7148c306a44da11f67079a1cfe671bedd6fc8652c5821fa55af5,15,FALL,000000000000000000000001111111,182,235,204,/home/zhupl25/chiplet_side_channel/chiplet_gds_data/power_macro/delay_chain/ftc/runs/b_fe_frontend/bfe14_arch1_benign_temp_drift/physical/seed_41013/t_-040C/source_hspice,VALID,-22,22,0,0
41013,9b0c0bba410a345ede4a4335782dc764c8c6190369dbbc90be44895674d4007a,-40,a47522d223ca7148c306a44da11f67079a1cfe671bedd6fc8652c5821fa55af5,16,RISE,000000000000000000000111111111,225,235,204,/home/zhupl25/chiplet_side_channel/chiplet_gds_data/power_macro/delay_chain/ftc/runs/b_fe_frontend/bfe14_arch1_benign_temp_drift/physical/seed_41013/t_-040C/source_hspice,VALID,-10,10,0,0
41013,9b0c0bba410a345ede4a4335782dc764c8c6190369dbbc90be44895674d4007a,-40,a47522d223ca7148c306a44da11f67079a1cfe671bedd6fc8652c5821fa55af5,17,FALL,000000000000000000000011111111,204,235,204,/home/zhupl25/chiplet_side_channel/chiplet_gds_data/power_macro/delay_chain/ftc/runs/b_fe_frontend/bfe14_arch1_benign_temp_drift/physical/seed_41013/t_-040C/source_hspice,VALID,0,0,0,0
41013,9b0c0bba410a345ede4a4335782dc764c8c6190369dbbc90be44895674d4007a,-40,a47522d223ca7148c306a44da11f67079a1cfe671bedd6fc8652c5821fa55af5,18,RISE,000000000000000000000111111111,225,235,204,/home/zhupl25/chiplet_side_channel/chiplet_gds_data/power_macro/delay_chain/ftc/runs/b_fe_frontend/bfe14_arch1_benign_temp_drift/physical/seed_41013/t_-040C/source_hspice,VALID,-10,10,0,0
41013,9b0c0bba410a345ede4a4335782dc764c8c6190369dbbc90be44895674d4007a,-40,a47522d223ca7148c306a44da11f67079a1cfe671bedd6fc8652c5821fa55af5,19,FALL,000000000000000000000011111111,204,235,204,/home/zhupl25/chiplet_side_channel/chiplet_gds_data/power_macro/delay_chain/ftc/runs/b_fe_frontend/bfe14_arch1_benign_temp_drift/physical/seed_41013/t_-040C/source_hspice,VALID,0,0,0,0
41013,9b0c0bba410a345ede4a4335782dc764c8c6190369dbbc90be44895674d4007a,-40,a47522d223ca7148c306a44da11f67079a1cfe671bedd6fc8652c5821fa55af5,20,RISE,000000000000000000000111111111,225,235,204,/home/zhupl25/chiplet_side_channel/chiplet_gds_data/power_macro/delay_chain/ftc/runs/b_fe_frontend/bfe14_arch1_benign_temp_drift/physical/seed_41013/t_-040C/source_hspice,VALID,-10,10,0,0
41013,9b0c0bba410a345ede4a4335782dc764c8c6190369dbbc90be44895674d4007a,-40,a47522d223ca7148c306a44da11f67079a1cfe671bedd6fc8652c5821fa55af5,21,FALL,000000000000000000000001111111,182,235,204,/home/zhupl25/chiplet_side_channel/chiplet_gds_data/power_macro/delay_chain/ftc/runs/b_fe_frontend/bfe14_arch1_benign_temp_drift/physical/seed_41013/t_-040C/source_hspice,VALID,-22,22,0,0
41013,9b0c0bba410a345ede4a4335782dc764c8c6190369dbbc90be44895674d4007a,-40,a47522d223ca7148c306a44da11f67079a1cfe671bedd6fc8652c5821fa55af5,22,RISE,000000000000000000000111111111,225,235,204,/home/zhupl25/chiplet_side_channel/chiplet_gds_data/power_macro/delay_chain/ftc/runs/b_fe_frontend/bfe14_arch1_benign_temp_drift/physical/seed_41013/t_-040C/source_hspice,VALID,-10,10,0,0
41013,9b0c0bba410a345ede4a4335782dc764c8c6190369dbbc90be44895674d4007a,-40,a47522d223ca7148c306a44da11f67079a1cfe671bedd6fc8652c5821fa55af5,23,FALL,000000000000000000000011111111,204,235,204,/home/zhupl25/chiplet_side_channel/chiplet_gds_data/power_macro/delay_chain/ftc/runs/b_fe_frontend/bfe14_arch1_benign_temp_drift/physical/seed_41013/t_-040C/source_hspice,VALID,0,0,0,0
41013,9b0c0bba410a345ede4a4335782dc764c8c6190369dbbc90be44895674d4007a,85,a47522d223ca7148c306a44da11f67079a1cfe671bedd6fc8652c5821fa55af5,0,RISE,000000000000000000001111111111,245,235,204,/home/zhupl25/chiplet_side_channel/chiplet_gds_data/power_macro/delay_chain/ftc/runs/b_fe_frontend/bfe14_arch1_benign_temp_drift/physical/seed_41013/t_+085C/source_hspice,VALID,10,10,0,0
41013,9b0c0bba410a345ede4a4335782dc764c8c6190369dbbc90be44895674d4007a,85,a47522d223ca7148c306a44da11f67079a1cfe671bedd6fc8652c5821fa55af5,1,FALL,000000000000000000000111111111,225,235,204,/home/zhupl25/chiplet_side_channel/chiplet_gds_data/power_macro/delay_chain/ftc/runs/b_fe_frontend/bfe14_arch1_benign_temp_drift/physical/seed_41013/t_+085C/source_hspice,VALID,21,21,0,0
41013,9b0c0bba410a345ede4a4335782dc764c8c6190369dbbc90be44895674d4007a,85,a47522d223ca7148c306a44da11f67079a1cfe671bedd6fc8652c5821fa55af5,2,RISE,000000000000000000001111111111,245,235,204,/home/zhupl25/chiplet_side_channel/chiplet_gds_data/power_macro/delay_chain/ftc/runs/b_fe_frontend/bfe14_arch1_benign_temp_drift/physical/seed_41013/t_+085C/source_hspice,VALID,10,10,0,0
41013,9b0c0bba410a345ede4a4335782dc764c8c6190369dbbc90be44895674d4007a,85,a47522d223ca7148c306a44da11f67079a1cfe671bedd6fc8652c5821fa55af5,3,FALL,000000000000000000000011111111,204,235,204,/home/zhupl25/chiplet_side_channel/chiplet_gds_data/power_macro/delay_chain/ftc/runs/b_fe_frontend/bfe14_arch1_benign_temp_drift/physical/seed_41013/t_+085C/source_hspice,VALID,0,0,0,0
41013,9b0c0bba410a345ede4a4335782dc764c8c6190369dbbc90be44895674d4007a,85,a47522d223ca7148c306a44da11f67079a1cfe671bedd6fc8652c5821fa55af5,4,RISE,000000000000000000001111111111,245,235,204,/home/zhupl25/chiplet_side_channel/chiplet_gds_data/power_macro/delay_chain/ftc/runs/b_fe_frontend/bfe14_arch1_benign_temp_drift/physical/seed_41013/t_+085C/source_hspice,VALID,10,10,0,0
41013,9b0c0bba410a345ede4a4335782dc764c8c6190369dbbc90be44895674d4007a,85,a47522d223ca7148c306a44da11f67079a1cfe671bedd6fc8652c5821fa55af5,5,FALL,000000000000000000000111111111,225,235,204,/home/zhupl25/chiplet_side_channel/chiplet_gds_data/power_macro/delay_chain/ftc/runs/b_fe_frontend/bfe14_arch1_benign_temp_drift/physical/seed_41013/t_+085C/source_hspice,VALID,21,21,0,0
41013,9b0c0bba410a345ede4a4335782dc764c8c6190369dbbc90be44895674d4007a,85,a47522d223ca7148c306a44da11f67079a1cfe671bedd6fc8652c5821fa55af5,6,RISE,000000000000000000001111111111,245,235,204,/home/zhupl25/chiplet_side_channel/chiplet_gds_data/power_macro/delay_chain/ftc/runs/b_fe_frontend/bfe14_arch1_benign_temp_drift/physical/seed_41013/t_+085C/source_hspice,VALID,10,10,0,0
41013,9b0c0bba410a345ede4a4335782dc764c8c6190369dbbc90be44895674d4007a,85,a47522d223ca7148c306a44da11f67079a1cfe671bedd6fc8652c5821fa55af5,7,FALL,000000000000000000000111111111,225,235,204,/home/zhupl25/chiplet_side_channel/chiplet_gds_data/power_macro/delay_chain/ftc/runs/b_fe_frontend/bfe14_arch1_benign_temp_drift/physical/seed_41013/t_+085C/source_hspice,VALID,21,21,0,0
41013,9b0c0bba410a345ede4a4335782dc764c8c6190369dbbc90be44895674d4007a,85,a47522d223ca7148c306a44da11f67079a1cfe671bedd6fc8652c5821fa55af5,8,RISE,000000000000000000001111111111,245,235,204,/home/zhupl25/chiplet_side_channel/chiplet_gds_data/power_macro/delay_chain/ftc/runs/b_fe_frontend/bfe14_arch1_benign_temp_drift/physical/seed_41013/t_+085C/source_hspice,VALID,10,10,0,0
41013,9b0c0bba410a345ede4a4335782dc764c8c6190369dbbc90be44895674d4007a,85,a47522d223ca7148c306a44da11f67079a1cfe671bedd6fc8652c5821fa55af5,9,FALL,000000000000000000000111111111,225,235,204,/home/zhupl25/chiplet_side_channel/chiplet_gds_data/power_macro/delay_chain/ftc/runs/b_fe_frontend/bfe14_arch1_benign_temp_drift/physical/seed_41013/t_+085C/source_hspice,VALID,21,21,0,0
41013,9b0c0bba410a345ede4a4335782dc764c8c6190369dbbc90be44895674d4007a,85,a47522d223ca7148c306a44da11f67079a1cfe671bedd6fc8652c5821fa55af5,10,RISE,000000000000000000001111111111,245,235,204,/home/zhupl25/chiplet_side_channel/chiplet_gds_data/power_macro/delay_chain/ftc/runs/b_fe_frontend/bfe14_arch1_benign_temp_drift/physical/seed_41013/t_+085C/source_hspice,VALID,10,10,0,0
41013,9b0c0bba410a345ede4a4335782dc764c8c6190369dbbc90be44895674d4007a,85,a47522d223ca7148c306a44da11f67079a1cfe671bedd6fc8652c5821fa55af5,11,FALL,000000000000000000000111111111,225,235,204,/home/zhupl25/chiplet_side_channel/chiplet_gds_data/power_macro/delay_chain/ftc/runs/b_fe_frontend/bfe14_arch1_benign_temp_drift/physical/seed_41013/t_+085C/source_hspice,VALID,21,21,0,0
41013,9b0c0bba410a345ede4a4335782dc764c8c6190369dbbc90be44895674d4007a,85,a47522d223ca7148c306a44da11f67079a1cfe671bedd6fc8652c5821fa55af5,12,RISE,000000000000000000001111111111,245,235,204,/home/zhupl25/chiplet_side_channel/chiplet_gds_data/power_macro/delay_chain/ftc/runs/b_fe_frontend/bfe14_arch1_benign_temp_drift/physical/seed_41013/t_+085C/source_hspice,VALID,10,10,0,0
41013,9b0c0bba410a345ede4a4335782dc764c8c6190369dbbc90be44895674d4007a,85,a47522d223ca7148c306a44da11f67079a1cfe671bedd6fc8652c5821fa55af5,13,FALL,000000000000000000000011111111,204,235,204,/home/zhupl25/chiplet_side_channel/chiplet_gds_data/power_macro/delay_chain/ftc/runs/b_fe_frontend/bfe14_arch1_benign_temp_drift/physical/seed_41013/t_+085C/source_hspice,VALID,0,0,0,0
41013,9b0c0bba410a345ede4a4335782dc764c8c6190369dbbc90be44895674d4007a,85,a47522d223ca7148c306a44da11f67079a1cfe671bedd6fc8652c5821fa55af5,14,RISE,000000000000000000001111111111,245,235,204,/home/zhupl25/chiplet_side_channel/chiplet_gds_data/power_macro/delay_chain/ftc/runs/b_fe_frontend/bfe14_arch1_benign_temp_drift/physical/seed_41013/t_+085C/source_hspice,VALID,10,10,0,0
41013,9b0c0bba410a345ede4a4335782dc764c8c6190369dbbc90be44895674d4007a,85,a47522d223ca7148c306a44da11f67079a1cfe671bedd6fc8652c5821fa55af5,15,FALL,000000000000000000000111111111,225,235,204,/home/zhupl25/chiplet_side_channel/chiplet_gds_data/power_macro/delay_chain/ftc/runs/b_fe_frontend/bfe14_arch1_benign_temp_drift/physical/seed_41013/t_+085C/source_hspice,VALID,21,21,0,0
41013,9b0c0bba410a345ede4a4335782dc764c8c6190369dbbc90be44895674d4007a,85,a47522d223ca7148c306a44da11f67079a1cfe671bedd6fc8652c5821fa55af5,16,RISE,000000000000000000001111111111,245,235,204,/home/zhupl25/chiplet_side_channel/chiplet_gds_data/power_macro/delay_chain/ftc/runs/b_fe_frontend/bfe14_arch1_benign_temp_drift/physical/seed_41013/t_+085C/source_hspice,VALID,10,10,0,0
41013,9b0c0bba410a345ede4a4335782dc764c8c6190369dbbc90be44895674d4007a,85,a47522d223ca7148c306a44da11f67079a1cfe671bedd6fc8652c5821fa55af5,17,FALL,000000000000000000000111111111,225,235,204,/home/zhupl25/chiplet_side_channel/chiplet_gds_data/power_macro/delay_chain/ftc/runs/b_fe_frontend/bfe14_arch1_benign_temp_drift/physical/seed_41013/t_+085C/source_hspice,VALID,21,21,0,0
41013,9b0c0bba410a345ede4a4335782dc764c8c6190369dbbc90be44895674d4007a,85,a47522d223ca7148c306a44da11f67079a1cfe671bedd6fc8652c5821fa55af5,18,RISE,000000000000000000001111111111,245,235,204,/home/zhupl25/chiplet_side_channel/chiplet_gds_data/power_macro/delay_chain/ftc/runs/b_fe_frontend/bfe14_arch1_benign_temp_drift/physical/seed_41013/t_+085C/source_hspice,VALID,10,10,0,0
41013,9b0c0bba410a345ede4a4335782dc764c8c6190369dbbc90be44895674d4007a,85,a47522d223ca7148c306a44da11f67079a1cfe671bedd6fc8652c5821fa55af5,19,FALL,000000000000000000000111111111,225,235,204,/home/zhupl25/chiplet_side_channel/chiplet_gds_data/power_macro/delay_chain/ftc/runs/b_fe_frontend/bfe14_arch1_benign_temp_drift/physical/seed_41013/t_+085C/source_hspice,VALID,21,21,0,0
41013,9b0c0bba410a345ede4a4335782dc764c8c6190369dbbc90be44895674d4007a,85,a47522d223ca7148c306a44da11f67079a1cfe671bedd6fc8652c5821fa55af5,20,RISE,000000000000000000001111111111,245,235,204,/home/zhupl25/chiplet_side_channel/chiplet_gds_data/power_macro/delay_chain/ftc/runs/b_fe_frontend/bfe14_arch1_benign_temp_drift/physical/seed_41013/t_+085C/source_hspice,VALID,10,10,0,0
41013,9b0c0bba410a345ede4a4335782dc764c8c6190369dbbc90be44895674d4007a,85,a47522d223ca7148c306a44da11f67079a1cfe671bedd6fc8652c5821fa55af5,21,FALL,000000000000000000000011111111,204,235,204,/home/zhupl25/chiplet_side_channel/chiplet_gds_data/power_macro/delay_chain/ftc/runs/b_fe_frontend/bfe14_arch1_benign_temp_drift/physical/seed_41013/t_+085C/source_hspice,VALID,0,0,0,0
41013,9b0c0bba410a345ede4a4335782dc764c8c6190369dbbc90be44895674d4007a,85,a47522d223ca7148c306a44da11f67079a1cfe671bedd6fc8652c5821fa55af5,22,RISE,000000000000000000001111111111,245,235,204,/home/zhupl25/chiplet_side_channel/chiplet_gds_data/power_macro/delay_chain/ftc/runs/b_fe_frontend/bfe14_arch1_benign_temp_drift/physical/seed_41013/t_+085C/source_hspice,VALID,10,10,0,0
41013,9b0c0bba410a345ede4a4335782dc764c8c6190369dbbc90be44895674d4007a,85,a47522d223ca7148c306a44da11f67079a1cfe671bedd6fc8652c5821fa55af5,23,FALL,000000000000000000000111111111,225,235,204,/home/zhupl25/chiplet_side_channel/chiplet_gds_data/power_macro/delay_chain/ftc/runs/b_fe_frontend/bfe14_arch1_benign_temp_drift/physical/seed_41013/t_+085C/source_hspice,VALID,21,21,0,0
41013,9b0c0bba410a345ede4a4335782dc764c8c6190369dbbc90be44895674d4007a,125,a47522d223ca7148c306a44da11f67079a1cfe671bedd6fc8652c5821fa55af5,0,RISE,000000000000000000001111111111,245,235,204,/home/zhupl25/chiplet_side_channel/chiplet_gds_data/power_macro/delay_chain/ftc/runs/b_fe_frontend/bfe14_arch1_benign_temp_drift/physical/seed_41013/t_+125C/source_hspice,VALID,10,10,0,0
41013,9b0c0bba410a345ede4a4335782dc764c8c6190369dbbc90be44895674d4007a,125,a47522d223ca7148c306a44da11f67079a1cfe671bedd6fc8652c5821fa55af5,1,FALL,000000000000000000000111111111,225,235,204,/home/zhupl25/chiplet_side_channel/chiplet_gds_data/power_macro/delay_chain/ftc/runs/b_fe_frontend/bfe14_arch1_benign_temp_drift/physical/seed_41013/t_+125C/source_hspice,VALID,21,21,0,0
41013,9b0c0bba410a345ede4a4335782dc764c8c6190369dbbc90be44895674d4007a,125,a47522d223ca7148c306a44da11f67079a1cfe671bedd6fc8652c5821fa55af5,2,RISE,000000000000000000001111111111,245,235,204,/home/zhupl25/chiplet_side_channel/chiplet_gds_data/power_macro/delay_chain/ftc/runs/b_fe_frontend/bfe14_arch1_benign_temp_drift/physical/seed_41013/t_+125C/source_hspice,VALID,10,10,0,0
41013,9b0c0bba410a345ede4a4335782dc764c8c6190369dbbc90be44895674d4007a,125,a47522d223ca7148c306a44da11f67079a1cfe671bedd6fc8652c5821fa55af5,3,FALL,000000000000000000000111111111,225,235,204,/home/zhupl25/chiplet_side_channel/chiplet_gds_data/power_macro/delay_chain/ftc/runs/b_fe_frontend/bfe14_arch1_benign_temp_drift/physical/seed_41013/t_+125C/source_hspice,VALID,21,21,0,0
41013,9b0c0bba410a345ede4a4335782dc764c8c6190369dbbc90be44895674d4007a,125,a47522d223ca7148c306a44da11f67079a1cfe671bedd6fc8652c5821fa55af5,4,RISE,000000000000000000001111111111,245,235,204,/home/zhupl25/chiplet_side_channel/chiplet_gds_data/power_macro/delay_chain/ftc/runs/b_fe_frontend/bfe14_arch1_benign_temp_drift/physical/seed_41013/t_+125C/source_hspice,VALID,10,10,0,0
41013,9b0c0bba410a345ede4a4335782dc764c8c6190369dbbc90be44895674d4007a,125,a47522d223ca7148c306a44da11f67079a1cfe671bedd6fc8652c5821fa55af5,5,FALL,000000000000000000000111111111,225,235,204,/home/zhupl25/chiplet_side_channel/chiplet_gds_data/power_macro/delay_chain/ftc/runs/b_fe_frontend/bfe14_arch1_benign_temp_drift/physical/seed_41013/t_+125C/source_hspice,VALID,21,21,0,0
41013,9b0c0bba410a345ede4a4335782dc764c8c6190369dbbc90be44895674d4007a,125,a47522d223ca7148c306a44da11f67079a1cfe671bedd6fc8652c5821fa55af5,6,RISE,000000000000000000001111111111,245,235,204,/home/zhupl25/chiplet_side_channel/chiplet_gds_data/power_macro/delay_chain/ftc/runs/b_fe_frontend/bfe14_arch1_benign_temp_drift/physical/seed_41013/t_+125C/source_hspice,VALID,10,10,0,0
41013,9b0c0bba410a345ede4a4335782dc764c8c6190369dbbc90be44895674d4007a,125,a47522d223ca7148c306a44da11f67079a1cfe671bedd6fc8652c5821fa55af5,7,FALL,000000000000000000000111111111,225,235,204,/home/zhupl25/chiplet_side_channel/chiplet_gds_data/power_macro/delay_chain/ftc/runs/b_fe_frontend/bfe14_arch1_benign_temp_drift/physical/seed_41013/t_+125C/source_hspice,VALID,21,21,0,0
41013,9b0c0bba410a345ede4a4335782dc764c8c6190369dbbc90be44895674d4007a,125,a47522d223ca7148c306a44da11f67079a1cfe671bedd6fc8652c5821fa55af5,8,RISE,000000000000000000001111111111,245,235,204,/home/zhupl25/chiplet_side_channel/chiplet_gds_data/power_macro/delay_chain/ftc/runs/b_fe_frontend/bfe14_arch1_benign_temp_drift/physical/seed_41013/t_+125C/source_hspice,VALID,10,10,0,0
41013,9b0c0bba410a345ede4a4335782dc764c8c6190369dbbc90be44895674d4007a,125,a47522d223ca7148c306a44da11f67079a1cfe671bedd6fc8652c5821fa55af5,9,FALL,000000000000000000000111111111,225,235,204,/home/zhupl25/chiplet_side_channel/chiplet_gds_data/power_macro/delay_chain/ftc/runs/b_fe_frontend/bfe14_arch1_benign_temp_drift/physical/seed_41013/t_+125C/source_hspice,VALID,21,21,0,0
41013,9b0c0bba410a345ede4a4335782dc764c8c6190369dbbc90be44895674d4007a,125,a47522d223ca7148c306a44da11f67079a1cfe671bedd6fc8652c5821fa55af5,10,RISE,000000000000000000001111111111,245,235,204,/home/zhupl25/chiplet_side_channel/chiplet_gds_data/power_macro/delay_chain/ftc/runs/b_fe_frontend/bfe14_arch1_benign_temp_drift/physical/seed_41013/t_+125C/source_hspice,VALID,10,10,0,0
41013,9b0c0bba410a345ede4a4335782dc764c8c6190369dbbc90be44895674d4007a,125,a47522d223ca7148c306a44da11f67079a1cfe671bedd6fc8652c5821fa55af5,11,FALL,000000000000000000000111111111,225,235,204,/home/zhupl25/chiplet_side_channel/chiplet_gds_data/power_macro/delay_chain/ftc/runs/b_fe_frontend/bfe14_arch1_benign_temp_drift/physical/seed_41013/t_+125C/source_hspice,VALID,21,21,0,0
41013,9b0c0bba410a345ede4a4335782dc764c8c6190369dbbc90be44895674d4007a,125,a47522d223ca7148c306a44da11f67079a1cfe671bedd6fc8652c5821fa55af5,12,RISE,000000000000000000001111111111,245,235,204,/home/zhupl25/chiplet_side_channel/chiplet_gds_data/power_macro/delay_chain/ftc/runs/b_fe_frontend/bfe14_arch1_benign_temp_drift/physical/seed_41013/t_+125C/source_hspice,VALID,10,10,0,0
41013,9b0c0bba410a345ede4a4335782dc764c8c6190369dbbc90be44895674d4007a,125,a47522d223ca7148c306a44da11f67079a1cfe671bedd6fc8652c5821fa55af5,13,FALL,000000000000000000000111111111,225,235,204,/home/zhupl25/chiplet_side_channel/chiplet_gds_data/power_macro/delay_chain/ftc/runs/b_fe_frontend/bfe14_arch1_benign_temp_drift/physical/seed_41013/t_+125C/source_hspice,VALID,21,21,0,0
41013,9b0c0bba410a345ede4a4335782dc764c8c6190369dbbc90be44895674d4007a,125,a47522d223ca7148c306a44da11f67079a1cfe671bedd6fc8652c5821fa55af5,14,RISE,000000000000000000001111111111,245,235,204,/home/zhupl25/chiplet_side_channel/chiplet_gds_data/power_macro/delay_chain/ftc/runs/b_fe_frontend/bfe14_arch1_benign_temp_drift/physical/seed_41013/t_+125C/source_hspice,VALID,10,10,0,0
41013,9b0c0bba410a345ede4a4335782dc764c8c6190369dbbc90be44895674d4007a,125,a47522d223ca7148c306a44da11f67079a1cfe671bedd6fc8652c5821fa55af5,15,FALL,000000000000000000000111111111,225,235,204,/home/zhupl25/chiplet_side_channel/chiplet_gds_data/power_macro/delay_chain/ftc/runs/b_fe_frontend/bfe14_arch1_benign_temp_drift/physical/seed_41013/t_+125C/source_hspice,VALID,21,21,0,0
41013,9b0c0bba410a345ede4a4335782dc764c8c6190369dbbc90be44895674d4007a,125,a47522d223ca7148c306a44da11f67079a1cfe671bedd6fc8652c5821fa55af5,16,RISE,000000000000000000001111111111,245,235,204,/home/zhupl25/chiplet_side_channel/chiplet_gds_data/power_macro/delay_chain/ftc/runs/b_fe_frontend/bfe14_arch1_benign_temp_drift/physical/seed_41013/t_+125C/source_hspice,VALID,10,10,0,0
41013,9b0c0bba410a345ede4a4335782dc764c8c6190369dbbc90be44895674d4007a,125,a47522d223ca7148c306a44da11f67079a1cfe671bedd6fc8652c5821fa55af5,17,FALL,000000000000000000000111111111,225,235,204,/home/zhupl25/chiplet_side_channel/chiplet_gds_data/power_macro/delay_chain/ftc/runs/b_fe_frontend/bfe14_arch1_benign_temp_drift/physical/seed_41013/t_+125C/source_hspice,VALID,21,21,0,0
41013,9b0c0bba410a345ede4a4335782dc764c8c6190369dbbc90be44895674d4007a,125,a47522d223ca7148c306a44da11f67079a1cfe671bedd6fc8652c5821fa55af5,18,RISE,000000000000000000001111111111,245,235,204,/home/zhupl25/chiplet_side_channel/chiplet_gds_data/power_macro/delay_chain/ftc/runs/b_fe_frontend/bfe14_arch1_benign_temp_drift/physical/seed_41013/t_+125C/source_hspice,VALID,10,10,0,0
41013,9b0c0bba410a345ede4a4335782dc764c8c6190369dbbc90be44895674d4007a,125,a47522d223ca7148c306a44da11f67079a1cfe671bedd6fc8652c5821fa55af5,19,FALL,000000000000000000000111111111,225,235,204,/home/zhupl25/chiplet_side_channel/chiplet_gds_data/power_macro/delay_chain/ftc/runs/b_fe_frontend/bfe14_arch1_benign_temp_drift/physical/seed_41013/t_+125C/source_hspice,VALID,21,21,0,0
41013,9b0c0bba410a345ede4a4335782dc764c8c6190369dbbc90be44895674d4007a,125,a47522d223ca7148c306a44da11f67079a1cfe671bedd6fc8652c5821fa55af5,20,RISE,000000000000000000001111111111,245,235,204,/home/zhupl25/chiplet_side_channel/chiplet_gds_data/power_macro/delay_chain/ftc/runs/b_fe_frontend/bfe14_arch1_benign_temp_drift/physical/seed_41013/t_+125C/source_hspice,VALID,10,10,0,0
41013,9b0c0bba410a345ede4a4335782dc764c8c6190369dbbc90be44895674d4007a,125,a47522d223ca7148c306a44da11f67079a1cfe671bedd6fc8652c5821fa55af5,21,FALL,000000000000000000000111111111,225,235,204,/home/zhupl25/chiplet_side_channel/chiplet_gds_data/power_macro/delay_chain/ftc/runs/b_fe_frontend/bfe14_arch1_benign_temp_drift/physical/seed_41013/t_+125C/source_hspice,VALID,21,21,0,0
41013,9b0c0bba410a345ede4a4335782dc764c8c6190369dbbc90be44895674d4007a,125,a47522d223ca7148c306a44da11f67079a1cfe671bedd6fc8652c5821fa55af5,22,RISE,000000000000000000001111111111,245,235,204,/home/zhupl25/chiplet_side_channel/chiplet_gds_data/power_macro/delay_chain/ftc/runs/b_fe_frontend/bfe14_arch1_benign_temp_drift/physical/seed_41013/t_+125C/source_hspice,VALID,10,10,0,0
41013,9b0c0bba410a345ede4a4335782dc764c8c6190369dbbc90be44895674d4007a,125,a47522d223ca7148c306a44da11f67079a1cfe671bedd6fc8652c5821fa55af5,23,FALL,000000000000000000000111111111,225,235,204,/home/zhupl25/chiplet_side_channel/chiplet_gds_data/power_macro/delay_chain/ftc/runs/b_fe_frontend/bfe14_arch1_benign_temp_drift/physical/seed_41013/t_+125C/source_hspice,VALID,21,21,0,0
