driver_cell,driver_size_tier,driver_total_width_m,stage,candidate_id,medium_code,fine_code,K,vdd_v,control_value,D_rise_ps,D_fall_ps,output_rise_time_ps,output_fall_time_ps,output_logic_high,output_logic_low,unexpected_transition_count,valid,scenario
BUF_X1M_A9TL40,1,9.849999999999999e-07,phase5_coupled_coverage,NOR2_X4A_A9TL40__signal_A,0,0,13,1.1,0,108.32231300000008,92.7945989999993,164.98918700000016,88.17594300000015,1.1000070002,-8.648121663e-07,0,True,scenarios/phase5_coupled_coverage__m00__k13__f00__v1p10__6f488358ce82f3d81f48
BUF_X1M_A9TL40,1,9.849999999999999e-07,phase5_coupled_coverage,NOR2_X4A_A9TL40__signal_A,0,13,13,1.1,0,182.01912900000008,102.8687209999995,275.280411,158.20981799999973,1.099992194,2.107239473e-06,0,True,scenarios/phase5_coupled_coverage__m00__k13__f13__v1p10__1ceb4111cd05c4882cd5
BUF_X1M_A9TL40,1,9.849999999999999e-07,phase5_coupled_coverage,NOR2_X4A_A9TL40__signal_A,1,0,13,1.1,0,141.42990600000005,126.95542799999997,165.20532099999986,88.17948799999971,1.1000071025,-1.319269658e-06,0,True,scenarios/phase5_coupled_coverage__m01__k13__f00__v1p10__7966fcbf64dc1d4e2f57
BUF_X1M_A9TL40,1,9.849999999999999e-07,phase5_coupled_coverage,NOR2_X4A_A9TL40__signal_A,7,0,13,1.1,0,340.55644799999993,331.8327749999993,165.12218399999992,89.34107299999965,1.1000065379,-7.454188464e-07,0,True,scenarios/phase5_coupled_coverage__m07__k13__f00__v1p10__4e941653b57c0323cb71
BUF_X1M_A9TL40,1,9.849999999999999e-07,phase5_coupled_coverage,NOR2_X4A_A9TL40__signal_A,7,13,13,1.1,0,413.432763,341.8393659999998,274.8392979999999,158.41365500000074,1.0999949587,2.246125983e-06,0,True,scenarios/phase5_coupled_coverage__m07__k13__f13__v1p10__f839c33cfb221c385779
BUF_X1M_A9TL40,1,9.849999999999999e-07,phase5_coupled_coverage,NOR2_X4A_A9TL40__signal_A,8,0,13,1.1,0,374.3894229999999,365.64314299999995,171.9663350000001,90.757016,1.1000102047,-1.088412503e-06,0,True,scenarios/phase5_coupled_coverage__m08__k13__f00__v1p10__2c81c72b8a0de8bb7d0c
BUF_X1M_A9TL40,1,9.849999999999999e-07,phase5_coupled_coverage,NOR2_X4A_A9TL40__signal_A,15,0,13,1.1,0,606.9688150000001,605.0591099999999,175.09967299999997,90.67203600000069,1.1000025771,-1.034993709e-06,0,True,scenarios/phase5_coupled_coverage__m15__k13__f00__v1p10__d6bc2de357d3b29d5228
BUF_X1M_A9TL40,1,9.849999999999999e-07,phase5_coupled_coverage,NOR2_X4A_A9TL40__signal_A,15,13,13,1.1,0,679.8149459999998,617.012857,274.7804709999999,158.98710799999952,1.0999944555,1.87303344e-06,0,True,scenarios/phase5_coupled_coverage__m15__k13__f13__v1p10__5258732052ddcb163033
BUF_X1M_A9TL40,1,9.849999999999999e-07,phase5_coupled_coverage,NOR2_X4A_A9TL40__signal_A,16,0,13,1.1,0,617.290759,618.4124359999996,170.83788599999994,89.22789899999971,1.1000042006,-1.185615464e-06,0,True,scenarios/phase5_coupled_coverage__m16__k13__f00__v1p10__ecff5e6697e956f547c8
BUF_X1M_A9TL40,1,9.849999999999999e-07,phase5_coupled_coverage,NOR2_X4A_A9TL40__signal_A,0,0,13,0.95,0,137.20358100000007,118.60580199999966,204.3678969999999,106.9835570000005,0.9500063521,-7.089551793e-08,0,True,scenarios/phase5_coupled_coverage__m00__k13__f00__v0p95__3e677407c12dd2ef9bf8
BUF_X1M_A9TL40,1,9.849999999999999e-07,phase5_coupled_coverage,NOR2_X4A_A9TL40__signal_A,0,13,13,0.95,0,219.05475099999998,129.33462999999932,337.956587,189.98137700000012,0.949993595,1.586594601e-06,0,True,scenarios/phase5_coupled_coverage__m00__k13__f13__v0p95__4e98d6661474fee0b9d2
BUF_X1M_A9TL40,1,9.849999999999999e-07,phase5_coupled_coverage,NOR2_X4A_A9TL40__signal_A,1,0,13,0.95,0,181.03626500000004,165.0446049999994,204.37846899999994,106.95112400000014,0.9500062737,-5.1875435e-07,0,True,scenarios/phase5_coupled_coverage__m01__k13__f00__v0p95__fb207521c7150d7c89e8
BUF_X1M_A9TL40,1,9.849999999999999e-07,phase5_coupled_coverage,NOR2_X4A_A9TL40__signal_A,7,0,13,0.95,0,444.3699369999999,443.552704,208.7938060000001,110.8743119999999,0.950006301,4.808950856e-07,0,True,scenarios/phase5_coupled_coverage__m07__k13__f00__v0p95__51a32ce4fefaff44caec
BUF_X1M_A9TL40,1,9.849999999999999e-07,phase5_coupled_coverage,NOR2_X4A_A9TL40__signal_A,7,13,13,0.95,0,524.4416729999999,455.38236100000006,339.0797590000001,190.5228399999993,0.9499931396,3.223921359e-06,0,True,scenarios/phase5_coupled_coverage__m07__k13__f13__v0p95__aef5024b027427a0bc43
BUF_X1M_A9TL40,1,9.849999999999999e-07,phase5_coupled_coverage,NOR2_X4A_A9TL40__signal_A,8,0,13,0.95,0,488.7626430000001,490.1485199999996,213.10041300000003,109.934508,0.9500093458,7.146124322e-08,0,True,scenarios/phase5_coupled_coverage__m08__k13__f00__v0p95__e8ee6753de9988dfd897
BUF_X1M_A9TL40,1,9.849999999999999e-07,phase5_coupled_coverage,NOR2_X4A_A9TL40__signal_A,15,0,13,0.95,0,797.132485,816.4738369999999,209.47039000000018,109.97138299999975,0.9500065849,-1.03148075e-07,0,True,scenarios/phase5_coupled_coverage__m15__k13__f00__v0p95__cce7a3ea3b8aadce6096
BUF_X1M_A9TL40,1,9.849999999999999e-07,phase5_coupled_coverage,NOR2_X4A_A9TL40__signal_A,15,13,13,0.95,0,877.728911,828.8234469999999,337.32738000000023,190.29839699999994,0.9500074156,3.242843816e-06,0,True,scenarios/phase5_coupled_coverage__m15__k13__f13__v0p95__4e1ab8dd974fbc7e82cc
BUF_X1M_A9TL40,1,9.849999999999999e-07,phase5_coupled_coverage,NOR2_X4A_A9TL40__signal_A,16,0,13,0.95,0,810.3033159999999,832.8060499999993,206.67310000000003,111.0604689999999,0.9500232795,5.209523636e-07,0,True,scenarios/phase5_coupled_coverage__m16__k13__f00__v0p95__0dea441192161233d501
BUF_X1M_A9TL40,1,9.849999999999999e-07,phase5_coupled_coverage,NOR2_X4A_A9TL40__signal_A,0,0,13,0.8,0,198.327545,172.52467999999948,285.0654290000001,146.81738099999976,0.8000062873,3.784281678e-07,0,True,scenarios/phase5_coupled_coverage__m00__k13__f00__v0p80__5bd2e32ca3359852943c
BUF_X1M_A9TL40,1,9.849999999999999e-07,phase5_coupled_coverage,NOR2_X4A_A9TL40__signal_A,0,13,13,0.8,0,289.29092199999997,183.24418400000008,468.674313,259.28308900000013,0.7999966733,1.569324632e-06,0,True,scenarios/phase5_coupled_coverage__m00__k13__f13__v0p80__2fabb4e4249213671526
BUF_X1M_A9TL40,1,9.849999999999999e-07,phase5_coupled_coverage,NOR2_X4A_A9TL40__signal_A,1,0,13,0.8,0,265.0080319999999,245.94067100000012,285.0801599999999,146.76722099999967,0.8000065888,9.724767363e-09,0,True,scenarios/phase5_coupled_coverage__m01__k13__f00__v0p80__563adc7b64fe59199fda
BUF_X1M_A9TL40,1,9.849999999999999e-07,phase5_coupled_coverage,NOR2_X4A_A9TL40__signal_A,7,0,13,0.8,0,667.283045,686.1177429999996,289.69704600000006,148.4220609999996,0.799978432,2.276246008e-07,0,True,scenarios/phase5_coupled_coverage__m07__k13__f00__v0p80__ba94c5d71bf29d4a53ee
BUF_X1M_A9TL40,1,9.849999999999999e-07,phase5_coupled_coverage,NOR2_X4A_A9TL40__signal_A,7,13,13,0.8,0,756.2132750000001,698.8330719999999,466.97678899999977,260.07964299999986,0.799499523,1.372464942e-06,0,True,scenarios/phase5_coupled_coverage__m07__k13__f13__v0p80__c97f1580d406f5a68495
BUF_X1M_A9TL40,1,9.849999999999999e-07,phase5_coupled_coverage,NOR2_X4A_A9TL40__signal_A,8,0,13,0.8,0,734.385891,760.2201049999996,293.62316800000025,148.96668899999952,0.7999507411,7.339762187e-07,0,True,scenarios/phase5_coupled_coverage__m08__k13__f00__v0p80__56ba7e8d447198b65131
BUF_X1M_A9TL40,1,9.849999999999999e-07,phase5_coupled_coverage,NOR2_X4A_A9TL40__signal_A,15,0,13,0.8,0,1203.022589,1274.132309,285.73291099999966,148.1737259999996,0.7763985701,0.0004360160377,0,True,scenarios/phase5_coupled_coverage__m15__k13__f00__v0p80__e4cf4ae6507e134a26f5
BUF_X1M_A9TL40,1,9.849999999999999e-07,phase5_coupled_coverage,NOR2_X4A_A9TL40__signal_A,15,13,13,0.8,0,1292.776415,1286.8605459999999,473.90194499999967,260.0919540000005,0.6343493771,0.04968455244,0,False,scenarios/phase5_coupled_coverage__m15__k13__f13__v0p80__0e78529447fe45632a1e
BUF_X1M_A9TL40,1,9.849999999999999e-07,phase5_coupled_coverage,NOR2_X4A_A9TL40__signal_A,16,0,13,0.8,0,1223.867207,1301.3936,295.77777399999997,148.3409919999999,0.769850695,0.001761923839,0,True,scenarios/phase5_coupled_coverage__m16__k13__f00__v0p80__112ebecf8a1195d22f95
