time_s,n_slow_v,n_fast_v,n_bg_v,vdd_healthy_v
0.000000000000e+00,3.703309326350e-03,-2.250780672282e-03,1.452528654068e-03,1.101452528654e+00
2.500000000000e-10,3.399854173885e-03,2.916787018141e-03,6.316641192026e-03,1.106316641192e+00
5.000000000000e-10,3.096399021421e-03,2.288076665365e-03,5.384475686785e-03,1.105384475687e+00
7.500000000000e-10,2.792943868956e-03,-1.910851378051e-03,8.820924909051e-04,1.100882092491e+00
1.000000000000e-09,2.489488716491e-03,2.907493929293e-04,2.780238109420e-03,1.102780238109e+00
1.250000000000e-09,2.186033564026e-03,2.999916876991e-03,5.185950441017e-03,1.105185950441e+00
1.500000000000e-09,1.882578411562e-03,-2.876278740948e-03,-9.937003293861e-04,1.099006299671e+00
1.750000000000e-09,1.579123259097e-03,-2.819822063174e-03,-1.240698804077e-03,1.098759301196e+00
2.000000000000e-09,1.275668106632e-03,1.709103756930e-03,2.984771863562e-03,1.102984771864e+00
2.250000000000e-09,9.722129541674e-04,-2.312037982812e-03,-1.339825028645e-03,1.098660174971e+00
2.500000000000e-09,6.687578017026e-04,-1.301379005096e-03,-6.326212033930e-04,1.099367378797e+00
2.750000000000e-09,9.019119953338e-04,5.879981126508e-04,1.489910107985e-03,1.101489910108e+00
3.000000000000e-09,1.135066188965e-03,-1.890943296406e-03,-7.558771074413e-04,1.099244122893e+00
3.250000000000e-09,1.368220382596e-03,1.799598581256e-03,3.167818963852e-03,1.103167818964e+00
3.500000000000e-09,1.601374576227e-03,-2.542283111413e-03,-9.409085351853e-04,1.099059091465e+00
3.750000000000e-09,1.834528769859e-03,1.824622739414e-03,3.659151509272e-03,1.103659151509e+00
4.000000000000e-09,2.067682963490e-03,1.038969843659e-03,3.106652807149e-03,1.103106652807e+00
4.250000000000e-09,2.300837157121e-03,-2.031086232413e-03,2.697509247081e-04,1.100269750925e+00
4.500000000000e-09,2.533991350752e-03,2.114913196637e-03,4.648904547390e-03,1.104648904547e+00
4.750000000000e-09,2.767145544383e-03,9.047692485652e-04,3.671914792949e-03,1.103671914793e+00
5.000000000000e-09,3.000299738015e-03,-1.433656782442e-03,1.566642955573e-03,1.101566642956e+00
5.250000000000e-09,2.428260069234e-03,3.000000000000e-03,5.428260069234e-03,1.105428260069e+00
5.500000000000e-09,1.856220400453e-03,2.274462675751e-03,4.130683076204e-03,1.104130683076e+00
5.750000000000e-09,1.284180731672e-03,-8.241512397025e-05,1.201765607702e-03,1.101201765608e+00
6.000000000000e-09,7.121410628914e-04,2.799250169078e-03,3.511391231969e-03,1.103511391232e+00
6.250000000000e-09,1.401013941106e-04,-4.771411828801e-04,-3.370397887695e-04,1.099662960211e+00
6.500000000000e-09,-4.319382746702e-04,-2.553479464812e-03,-2.985417739482e-03,1.097014582261e+00
6.750000000000e-09,-1.003977943451e-03,-2.363262368570e-03,-3.367240312021e-03,1.096632759688e+00
7.000000000000e-09,-1.576017612232e-03,-3.000924283234e-05,-1.606026855064e-03,1.098393973145e+00
7.250000000000e-09,-2.148057281013e-03,-2.494436638384e-03,-4.642493919397e-03,1.095357506081e+00
7.500000000000e-09,-2.720096949793e-03,2.609828359507e-03,-1.102685902864e-04,1.099889731410e+00
7.750000000000e-09,-2.661010828107e-03,4.451727051372e-04,-2.215838122969e-03,1.097784161877e+00
8.000000000000e-09,-2.601924706420e-03,1.681090979322e-03,-9.208337270979e-04,1.099079166273e+00
8.250000000000e-09,-2.542838584733e-03,1.855132337013e-03,-6.877062477200e-04,1.099312293752e+00
8.500000000000e-09,-2.483752463046e-03,1.708706356274e-03,-7.750461067717e-04,1.099224953893e+00
8.750000000000e-09,-2.424666341359e-03,1.011859032980e-03,-1.412807308378e-03,1.098587192692e+00
9.000000000000e-09,-2.365580219672e-03,-1.022666855670e-03,-3.388247075342e-03,1.096611752925e+00
9.250000000000e-09,-2.306494097985e-03,6.316807178834e-04,-1.674813380101e-03,1.098325186620e+00
9.500000000000e-09,-2.247407976298e-03,1.442847228615e-05,-2.232979504012e-03,1.097767020496e+00
9.750000000000e-09,-2.188321854611e-03,-1.109410097139e-03,-3.297731951750e-03,1.096702268048e+00
1.000000000000e-08,-2.129235732924e-03,1.415030053551e-03,-7.142056793733e-04,1.099285794321e+00
1.025000000000e-08,-1.552347608496e-03,-2.539959486129e-03,-4.092307094624e-03,1.095907692905e+00
1.050000000000e-08,-9.754594840678e-04,-1.050865759071e-03,-2.026325243138e-03,1.097973674757e+00
1.075000000000e-08,-3.985713596398e-04,1.759321592671e-03,1.360750233031e-03,1.101360750233e+00
1.100000000000e-08,1.783167647883e-04,-3.625343931493e-04,-1.842176283610e-04,1.099815782372e+00
1.125000000000e-08,7.552048892163e-04,1.687443106953e-04,9.239491999116e-04,1.100923949200e+00
1.150000000000e-08,1.332093013644e-03,6.106883597667e-04,1.942781373411e-03,1.101942781373e+00
1.175000000000e-08,1.908981138072e-03,-2.047985665631e-03,-1.390045275581e-04,1.099860995472e+00
1.200000000000e-08,2.485869262501e-03,-7.668586501651e-04,1.719010612335e-03,1.101719010612e+00
1.225000000000e-08,3.062757386929e-03,2.306129295791e-03,5.368886682719e-03,1.105368886683e+00
1.250000000000e-08,3.639645511357e-03,1.725753418636e-03,5.365398929992e-03,1.105365398930e+00
1.275000000000e-08,2.938182170550e-03,2.373062904139e-03,5.311245074689e-03,1.105311245075e+00
1.300000000000e-08,2.236718829744e-03,-2.033086939993e-03,2.036318897514e-04,1.100203631890e+00
1.325000000000e-08,1.535255488938e-03,1.053347114291e-03,2.588602603228e-03,1.102588602603e+00
1.350000000000e-08,8.337921481313e-04,2.275537314654e-03,3.109329462785e-03,1.103109329463e+00
1.375000000000e-08,1.323288073250e-04,1.246688143099e-04,2.569976216348e-04,1.100256997622e+00
1.400000000000e-08,-5.691345334814e-04,-1.673849534560e-04,-7.365194869374e-04,1.099263480513e+00
1.425000000000e-08,-1.270597874288e-03,1.840469440007e-03,5.698715657191e-04,1.100569871566e+00
1.450000000000e-08,-1.972061215094e-03,-2.595833566586e-04,-2.231644571753e-03,1.097768355428e+00
1.475000000000e-08,-2.673524555900e-03,2.208995499728e-03,-4.645290561722e-04,1.099535470944e+00
1.500000000000e-08,-3.374987896707e-03,-8.232584303689e-04,-4.198246327076e-03,1.095801753673e+00
1.525000000000e-08,-3.101049710109e-03,1.046672574871e-03,-2.054377135237e-03,1.097945622865e+00
1.550000000000e-08,-2.827111523511e-03,9.591747609655e-04,-1.867936762545e-03,1.098132063237e+00
1.575000000000e-08,-2.553173336913e-03,1.696566929558e-03,-8.566064073545e-04,1.099143393593e+00
1.600000000000e-08,-2.279235150314e-03,1.288470201909e-03,-9.907649484051e-04,1.099009235052e+00
1.625000000000e-08,-2.005296963716e-03,-2.444046813371e-03,-4.449343777087e-03,1.095550656223e+00
1.650000000000e-08,-1.731358777118e-03,-7.828904965382e-04,-2.514249273657e-03,1.097485750726e+00
1.675000000000e-08,-1.457420590520e-03,2.335793028814e-03,8.783724382933e-04,1.100878372438e+00
1.700000000000e-08,-1.183482403922e-03,7.445934830172e-04,-4.388889209050e-04,1.099561111079e+00
1.725000000000e-08,-9.095442173241e-04,9.799409976305e-04,7.039678030640e-05,1.100070396780e+00
1.750000000000e-08,-6.356060307261e-04,-2.889574268988e-03,-3.525180299714e-03,1.096474819700e+00
1.775000000000e-08,-5.464909873386e-04,2.143862449529e-03,1.597371462191e-03,1.101597371462e+00
1.800000000000e-08,-4.573759439511e-04,-2.693394328334e-03,-3.150770272285e-03,1.096849229728e+00
1.825000000000e-08,-3.682609005637e-04,1.566836858068e-03,1.198575957504e-03,1.101198575958e+00
1.850000000000e-08,-2.791458571762e-04,-2.476921652333e-03,-2.756067509509e-03,1.097243932490e+00
1.875000000000e-08,-1.900308137888e-04,-5.680522429506e-06,-1.957113362183e-04,1.099804288664e+00
1.900000000000e-08,-1.009157704013e-04,-1.539946089700e-03,-1.640861860101e-03,1.098359138140e+00
1.925000000000e-08,-1.180072701385e-05,2.727484892914e-03,2.715684165900e-03,1.102715684166e+00
1.950000000000e-08,7.731431637361e-05,2.499771373892e-04,3.272914537629e-04,1.100327291454e+00
1.975000000000e-08,1.664293597611e-04,-4.787846251209e-04,-3.123552653598e-04,1.099687644735e+00
2.000000000000e-08,2.555444031485e-04,-2.482525147980e-03,-2.226980744831e-03,1.097773019255e+00
2.025000000000e-08,-2.397643918069e-04,-1.163212828709e-03,-1.402977220516e-03,1.098597022779e+00
2.050000000000e-08,-7.350731867624e-04,1.186032411104e-03,4.509592243420e-04,1.100450959224e+00
2.075000000000e-08,-1.230381981718e-03,5.355350160686e-04,-6.948469656491e-04,1.099305153034e+00
2.100000000000e-08,-1.725690776673e-03,-1.870439693840e-03,-3.596130470514e-03,1.096403869529e+00
2.125000000000e-08,-2.220999571629e-03,2.983660988868e-03,7.626614172393e-04,1.100762661417e+00
2.150000000000e-08,-2.716308366584e-03,-2.930458569668e-04,-3.009354223551e-03,1.096990645776e+00
2.175000000000e-08,-3.211617161540e-03,-1.781770338040e-03,-4.993387499579e-03,1.095006612500e+00
2.200000000000e-08,-3.706925956495e-03,2.873812947630e-03,-8.331130088650e-04,1.099166886991e+00
2.225000000000e-08,-4.202234751450e-03,-2.696281167603e-03,-6.898515919053e-03,1.093101484081e+00
2.250000000000e-08,-4.697543546406e-03,2.781356467464e-03,-1.916187078942e-03,1.098083812921e+00
2.275000000000e-08,-4.019661784903e-03,-2.339119003715e-03,-6.358780788617e-03,1.093641219211e+00
2.300000000000e-08,-3.341780023399e-03,-2.549091767502e-03,-5.890871790901e-03,1.094109128209e+00
2.325000000000e-08,-2.663898261896e-03,2.101417810545e-03,-5.624804513512e-04,1.099437519549e+00
2.350000000000e-08,-1.986016500393e-03,-3.272162072018e-04,-2.313232707595e-03,1.097686767292e+00
2.375000000000e-08,-1.308134738889e-03,3.955414169192e-05,-1.268580597198e-03,1.098731419403e+00
2.400000000000e-08,-6.302529773862e-04,1.537168678809e-03,9.069157014231e-04,1.100906915701e+00
2.425000000000e-08,4.762878411709e-05,-2.224847859620e-04,-1.748560018449e-04,1.099825143998e+00
2.450000000000e-08,7.255105456204e-04,9.162651515903e-04,1.641775697211e-03,1.101641775697e+00
2.475000000000e-08,1.403392307124e-03,2.825355239471e-03,4.228747546595e-03,1.104228747547e+00
2.500000000000e-08,2.081274068627e-03,-2.637205868379e-03,-5.559317997522e-04,1.099444068200e+00
2.525000000000e-08,1.882245344755e-03,8.954749424594e-04,2.777720287214e-03,1.102777720287e+00
2.550000000000e-08,1.683216620882e-03,2.694207452929e-03,4.377424073811e-03,1.104377424074e+00
2.575000000000e-08,1.484187897010e-03,2.181076354578e-03,3.665264251588e-03,1.103665264252e+00
2.600000000000e-08,1.285159173138e-03,-2.362787548457e-03,-1.077628375319e-03,1.098922371625e+00
2.625000000000e-08,1.086130449265e-03,-1.608306946204e-03,-5.221764969391e-04,1.099477823503e+00
2.650000000000e-08,8.871017253930e-04,-1.998377138224e-03,-1.111275412831e-03,1.098888724587e+00
2.675000000000e-08,6.880730015207e-04,6.309698777942e-05,7.511699893001e-04,1.100751169989e+00
2.700000000000e-08,4.890442776484e-04,7.280983714301e-04,1.217142649078e-03,1.101217142649e+00
2.725000000000e-08,2.900155537760e-04,2.223467620989e-03,2.513483174765e-03,1.102513483175e+00
2.750000000000e-08,9.098682990373e-05,8.555020428209e-04,9.464888727246e-04,1.100946488873e+00
2.775000000000e-08,9.255735061645e-05,7.108746685623e-04,8.034320191787e-04,1.100803432019e+00
2.800000000000e-08,9.412787132918e-05,-2.237140952173e-03,-2.143013080844e-03,1.097856986919e+00
2.825000000000e-08,9.569839204191e-05,-2.356461340065e-03,-2.260762948023e-03,1.097739237052e+00
2.850000000000e-08,9.726891275464e-05,1.208375119341e-03,1.305644032096e-03,1.101305644032e+00
2.875000000000e-08,9.883943346737e-05,2.610573872000e-03,2.709413305467e-03,1.102709413305e+00
2.900000000000e-08,1.004099541801e-04,1.104364725056e-03,1.204774679236e-03,1.101204774679e+00
2.925000000000e-08,1.019804748928e-04,1.628801742381e-03,1.730782217273e-03,1.101730782217e+00
2.950000000000e-08,1.035509956056e-04,-6.943596639288e-04,-5.908086683232e-04,1.099409191332e+00
2.975000000000e-08,1.051215163183e-04,-1.971811914887e-03,-1.866690398569e-03,1.098133309601e+00
3.000000000000e-08,1.066920370310e-04,-2.517204656316e-03,-2.410512619285e-03,1.097589487381e+00
3.025000000000e-08,1.068167403139e-04,2.019809618784e-04,3.087977021923e-04,1.100308797702e+00
3.050000000000e-08,1.069414435968e-04,5.930632830061e-04,7.000047266029e-04,1.100700004727e+00
3.075000000000e-08,1.070661468796e-04,2.630390242817e-04,3.701051711613e-04,1.100370105171e+00
3.100000000000e-08,1.071908501625e-04,7.073539208172e-04,8.145447709797e-04,1.100814544771e+00
3.125000000000e-08,1.073155534454e-04,-2.155032820869e-03,-2.047717267423e-03,1.097952282733e+00
3.150000000000e-08,1.074402567282e-04,-8.664482664359e-05,2.079543008465e-05,1.100020795430e+00
3.175000000000e-08,1.075649600111e-04,1.224241111978e-03,1.331806071990e-03,1.101331806072e+00
3.200000000000e-08,1.076896632940e-04,-1.959522271735e-03,-1.851832608441e-03,1.098148167392e+00
3.225000000000e-08,1.078143665769e-04,1.163732827428e-03,1.271547194005e-03,1.101271547194e+00
3.250000000000e-08,1.079390698597e-04,-5.726884721520e-04,-4.647494022923e-04,1.099535250598e+00
3.275000000000e-08,9.158365397973e-05,-4.230565919093e-04,-3.314729379295e-04,1.099668527062e+00
3.300000000000e-08,7.522823809973e-05,-1.628744859006e-04,-8.764624780086e-05,1.099912353752e+00
3.325000000000e-08,5.887282221973e-05,1.370396667653e-03,1.429269489873e-03,1.101429269490e+00
3.350000000000e-08,4.251740633973e-05,-2.561557685754e-03,-2.519040279414e-03,1.097480959721e+00
3.375000000000e-08,2.616199045972e-05,-1.675367423096e-03,-1.649205432636e-03,1.098350794567e+00
3.400000000000e-08,9.806574579725e-06,-2.407769057172e-03,-2.397962482592e-03,1.097602037517e+00
3.425000000000e-08,-6.548841300276e-06,-2.241313171013e-03,-2.247862012313e-03,1.097752137988e+00
3.450000000000e-08,-2.290425718028e-05,-2.153031037592e-03,-2.175935294772e-03,1.097824064705e+00
3.475000000000e-08,-3.925967306028e-05,-9.023680405716e-04,-9.416277136319e-04,1.099058372286e+00
3.500000000000e-08,-5.561508894028e-05,1.958668898804e-03,1.903053809864e-03,1.101903053810e+00
3.525000000000e-08,-4.294555087835e-04,2.280021460013e-03,1.850565951230e-03,1.101850565951e+00
3.550000000000e-08,-8.032959286268e-04,1.682962566880e-03,8.796666382528e-04,1.100879666638e+00
3.575000000000e-08,-1.177136348470e-03,-4.976910183149e-04,-1.674827366785e-03,1.098325172633e+00
3.600000000000e-08,-1.550976768313e-03,-5.624562406508e-04,-2.113433008964e-03,1.097886566991e+00
3.625000000000e-08,-1.924817188157e-03,-2.337446827469e-03,-4.262264015626e-03,1.095737735984e+00
3.650000000000e-08,-2.298657608000e-03,2.422910474999e-03,1.242528669990e-04,1.100124252867e+00
3.675000000000e-08,-2.672498027843e-03,-2.177956420656e-03,-4.850454448499e-03,1.095149545552e+00
3.700000000000e-08,-3.046338447686e-03,1.913395616629e-04,-2.854998886023e-03,1.097145001114e+00
3.725000000000e-08,-3.420178867530e-03,-8.659313800078e-04,-4.286110247537e-03,1.095713889752e+00
3.750000000000e-08,-3.794019287373e-03,2.696456247571e-03,-1.097563039802e-03,1.098902436960e+00
3.775000000000e-08,-3.331827514165e-03,-1.728105934206e-03,-5.059933448370e-03,1.094940066552e+00
3.800000000000e-08,-2.869635740957e-03,-1.842181635813e-03,-4.711817376769e-03,1.095288182623e+00
3.825000000000e-08,-2.407443967748e-03,-1.484904514294e-03,-3.892348482042e-03,1.096107651518e+00
3.850000000000e-08,-1.945252194540e-03,-1.149091855826e-03,-3.094344050367e-03,1.096905655950e+00
3.875000000000e-08,-1.483060421332e-03,-2.867799924097e-03,-4.350860345429e-03,1.095649139655e+00
3.900000000000e-08,-1.020868648124e-03,-2.665999690915e-03,-3.686868339039e-03,1.096313131661e+00
3.925000000000e-08,-5.586768749156e-04,1.413738818711e-03,8.550619437955e-04,1.100855061944e+00
3.950000000000e-08,-9.648510170739e-05,1.397925153102e-03,1.301440051395e-03,1.101301440051e+00
3.975000000000e-08,3.657066715008e-04,-9.346545855247e-04,-5.689479140239e-04,1.099431052086e+00
4.000000000000e-08,8.278984447090e-04,3.605180122118e-04,1.188416456921e-03,1.101188416457e+00
4.025000000000e-08,3.811202871001e-04,-1.504796116314e-03,-1.123675829214e-03,1.098876324171e+00
4.050000000000e-08,-6.565787050888e-05,-5.667330460668e-04,-6.323909165757e-04,1.099367609083e+00
4.075000000000e-08,-5.124360281178e-04,2.910048399230e-03,2.397612371112e-03,1.102397612371e+00
4.100000000000e-08,-9.592141857267e-04,-9.054178220723e-04,-1.864632007799e-03,1.098135367992e+00
4.125000000000e-08,-1.405992343336e-03,1.499296945529e-03,9.330460219372e-05,1.100093304602e+00
4.150000000000e-08,-1.852770500945e-03,1.348691840858e-03,-5.040786600871e-04,1.099495921340e+00
4.175000000000e-08,-2.299548658554e-03,2.577413369277e-03,2.778647107237e-04,1.100277864711e+00
4.200000000000e-08,-2.746326816162e-03,7.649240354988e-04,-1.981402780664e-03,1.098018597219e+00
4.225000000000e-08,-3.193104973771e-03,5.604738478578e-04,-2.632631125914e-03,1.097367368874e+00
4.250000000000e-08,-3.639883131380e-03,4.497338794199e-05,-3.594909743438e-03,1.096405090257e+00
4.275000000000e-08,-3.741156341895e-03,2.470465384345e-04,-3.494109803460e-03,1.096505890197e+00
4.300000000000e-08,-3.842429552409e-03,-2.175405929471e-03,-6.017835481880e-03,1.093982164518e+00
4.325000000000e-08,-3.943702762923e-03,-2.615847806140e-03,-6.559550569063e-03,1.093440449431e+00
4.350000000000e-08,-4.044975973437e-03,1.925012187563e-03,-2.119963785875e-03,1.097880036214e+00
4.375000000000e-08,-4.146249183952e-03,1.721754825316e-03,-2.424494358636e-03,1.097575505641e+00
4.400000000000e-08,-4.247522394466e-03,2.193725489725e-03,-2.053796904741e-03,1.097946203095e+00
4.425000000000e-08,-4.348795604980e-03,2.388947698050e-03,-1.959847906930e-03,1.098040152093e+00
4.450000000000e-08,-4.450068815494e-03,-2.063350857148e-03,-6.513419672643e-03,1.093486580327e+00
4.475000000000e-08,-4.551342026009e-03,-1.567898370453e-03,-6.119240396462e-03,1.093880759604e+00
4.500000000000e-08,-4.652615236523e-03,-9.045044010655e-04,-5.557119637589e-03,1.094442880362e+00
4.525000000000e-08,-3.867132739185e-03,2.929240546724e-03,-9.378921924607e-04,1.099062107808e+00
4.550000000000e-08,-3.081650241847e-03,4.538176966278e-04,-2.627832545219e-03,1.097372167455e+00
4.575000000000e-08,-2.296167744509e-03,-1.921486708627e-03,-4.217654453136e-03,1.095782345547e+00
4.600000000000e-08,-1.510685247170e-03,-2.904494250875e-03,-4.415179498046e-03,1.095584820502e+00
4.625000000000e-08,-7.252027498323e-04,2.096224152766e-04,-5.155803345558e-04,1.099484419665e+00
4.650000000000e-08,6.027974750579e-05,-7.744245965693e-05,-1.716271215114e-05,1.099982837288e+00
4.675000000000e-08,8.457622448439e-04,1.689384871259e-03,2.535147116103e-03,1.102535147116e+00
4.700000000000e-08,1.631244742182e-03,-7.567667291351e-04,8.744780130470e-04,1.100874478013e+00
4.725000000000e-08,2.416727239520e-03,-2.483709637906e-03,-6.698239838613e-05,1.099933017602e+00
4.750000000000e-08,3.202209736858e-03,2.998717398205e-03,6.200927135063e-03,1.106200927135e+00
4.775000000000e-08,3.019215505613e-03,-1.176925678987e-03,1.842289826625e-03,1.101842289827e+00
4.800000000000e-08,2.836221274367e-03,-2.871059098344e-03,-3.483782397696e-05,1.099965162176e+00
4.825000000000e-08,2.653227043121e-03,1.178728465328e-03,3.831955508449e-03,1.103831955508e+00
4.850000000000e-08,2.470232811875e-03,-1.610869774079e-03,8.593630377965e-04,1.100859363038e+00
4.875000000000e-08,2.287238580630e-03,6.181743247578e-04,2.905412905387e-03,1.102905412905e+00
4.900000000000e-08,2.104244349384e-03,-2.083588808526e-03,2.065554085770e-05,1.100020655541e+00
4.925000000000e-08,1.921250118138e-03,1.983570786243e-03,3.904820904381e-03,1.103904820904e+00
4.950000000000e-08,1.738255886893e-03,2.126219915651e-04,1.950877878458e-03,1.101950877878e+00
4.975000000000e-08,1.555261655647e-03,2.752895874195e-03,4.308157529842e-03,1.104308157530e+00
5.000000000000e-08,1.372267424401e-03,-1.766122430924e-03,-3.938550065228e-04,1.099606144993e+00
5.025000000000e-08,1.463369743027e-03,-2.780063264713e-03,-1.316693521686e-03,1.098683306478e+00
5.050000000000e-08,1.554472061652e-03,-1.977624268948e-03,-4.231522072961e-04,1.099576847793e+00
5.075000000000e-08,1.645574380278e-03,-2.044210988952e-03,-3.986366086741e-04,1.099601363391e+00
5.100000000000e-08,1.736676698904e-03,-7.954035408257e-04,9.412731580778e-04,1.100941273158e+00
5.125000000000e-08,1.827779017529e-03,1.996471515340e-03,3.824250532870e-03,1.103824250533e+00
5.150000000000e-08,1.918881336155e-03,6.979352120091e-04,2.616816548164e-03,1.102616816548e+00
5.175000000000e-08,2.009983654780e-03,-1.444449991754e-03,5.655336630267e-04,1.100565533663e+00
5.200000000000e-08,2.101085973406e-03,3.603184709287e-04,2.461404444335e-03,1.102461404444e+00
5.225000000000e-08,2.192188292032e-03,1.923511427499e-04,2.384539434782e-03,1.102384539435e+00
5.250000000000e-08,2.283290610657e-03,5.390552138925e-04,2.822345824550e-03,1.102822345825e+00
5.275000000000e-08,2.393596277472e-03,6.537160860786e-04,3.047312363551e-03,1.103047312364e+00
5.300000000000e-08,2.503901944287e-03,-2.329250961964e-03,1.746509823227e-04,1.100174650982e+00
5.325000000000e-08,2.614207611101e-03,1.880226800923e-03,4.494434412025e-03,1.104494434412e+00
5.350000000000e-08,2.724513277916e-03,2.839144082989e-04,3.008427686215e-03,1.103008427686e+00
5.375000000000e-08,2.834818944731e-03,4.429772806066e-04,3.277796225337e-03,1.103277796225e+00
5.400000000000e-08,2.945124611545e-03,-1.481291447485e-04,2.796995466797e-03,1.102796995467e+00
5.425000000000e-08,3.055430278360e-03,1.428602363947e-03,4.484032642307e-03,1.104484032642e+00
5.450000000000e-08,3.165735945174e-03,-1.477505720318e-03,1.688230224857e-03,1.101688230225e+00
5.475000000000e-08,3.276041611989e-03,2.332481022177e-03,5.608522634166e-03,1.105608522634e+00
5.500000000000e-08,3.386347278804e-03,2.084315099334e-03,5.470662378138e-03,1.105470662378e+00
5.525000000000e-08,3.173152400282e-03,-1.969726029119e-04,2.976179797370e-03,1.102976179797e+00
5.550000000000e-08,2.959957521761e-03,1.567270842768e-03,4.527228364529e-03,1.104527228365e+00
5.575000000000e-08,2.746762643240e-03,5.956028586275e-04,3.342365501867e-03,1.103342365502e+00
5.600000000000e-08,2.533567764718e-03,-1.129165847558e-03,1.404401917161e-03,1.101404401917e+00
5.625000000000e-08,2.320372886197e-03,2.979371685192e-05,2.350166603049e-03,1.102350166603e+00
5.650000000000e-08,2.107178007676e-03,9.514512239252e-04,3.058629231601e-03,1.103058629232e+00
5.675000000000e-08,1.893983129154e-03,-1.659693101319e-03,2.342900278355e-04,1.100234290028e+00
5.700000000000e-08,1.680788250633e-03,-1.746096701759e-03,-6.530845112671e-05,1.099934691549e+00
5.725000000000e-08,1.467593372111e-03,-4.257187067114e-04,1.041874665400e-03,1.101041874665e+00
5.750000000000e-08,1.254398493590e-03,2.130552792465e-03,3.384951286055e-03,1.103384951286e+00
5.775000000000e-08,1.114336929300e-03,2.035987669369e-03,3.150324598669e-03,1.103150324599e+00
5.800000000000e-08,9.742753650095e-04,5.616446465658e-04,1.535920011575e-03,1.101535920012e+00
5.825000000000e-08,8.342138007192e-04,-5.931319294324e-05,7.749006077759e-04,1.100774900608e+00
5.850000000000e-08,6.941522364289e-04,6.711822933538e-04,1.365334529783e-03,1.101365334530e+00
5.875000000000e-08,5.540906721386e-04,2.568475765319e-04,8.109382486705e-04,1.100810938249e+00
5.900000000000e-08,4.140291078483e-04,-2.253303999862e-03,-1.839274892014e-03,1.098160725108e+00
5.925000000000e-08,2.739675435580e-04,1.692148006323e-03,1.966115549881e-03,1.101966115550e+00
5.950000000000e-08,1.339059792677e-04,-1.329329682652e-03,-1.195423703385e-03,1.098804576297e+00
5.975000000000e-08,-6.155585022625e-06,-2.838392959467e-03,-2.844548544490e-03,1.097155451456e+00
6.000000000000e-08,-1.462171493129e-04,4.439489670978e-05,-1.018222526031e-04,1.099898177747e+00
6.025000000000e-08,1.693262556599e-04,-1.552467328233e-04,1.407952283661e-05,1.100014079523e+00
6.050000000000e-08,4.848696606327e-04,-1.833169267233e-03,-1.348299606600e-03,1.098651700393e+00
6.075000000000e-08,8.004130656055e-04,1.628070124846e-03,2.428483190451e-03,1.102428483190e+00
6.100000000000e-08,1.115956470578e-03,-1.942070156982e-03,-8.261136864038e-04,1.099173886314e+00
6.125000000000e-08,1.431499875551e-03,-4.910438613275e-05,1.382395489418e-03,1.101382395489e+00
6.150000000000e-08,1.747043280524e-03,-2.838208593280e-04,1.463222421196e-03,1.101463222421e+00
6.175000000000e-08,2.062586685497e-03,1.210435071433e-03,3.273021756930e-03,1.103273021757e+00
6.200000000000e-08,2.378130090470e-03,-1.154803828365e-03,1.223326262104e-03,1.101223326262e+00
6.225000000000e-08,2.693673495442e-03,-2.359892010435e-03,3.337814850078e-04,1.100333781485e+00
6.250000000000e-08,3.009216900415e-03,-2.017107330901e-03,9.921095695140e-04,1.100992109570e+00
6.275000000000e-08,2.393869447839e-03,5.522944722453e-04,2.946163920085e-03,1.102946163920e+00
6.300000000000e-08,1.778521995264e-03,5.294648398448e-04,2.307986835108e-03,1.102307986835e+00
6.325000000000e-08,1.163174542688e-03,2.688428455494e-03,3.851602998182e-03,1.103851602998e+00
6.350000000000e-08,5.478270901120e-04,1.649131572895e-03,2.196958663006e-03,1.102196958663e+00
6.375000000000e-08,-6.752036246387e-05,3.748191856138e-04,3.072988231499e-04,1.100307298823e+00
6.400000000000e-08,-6.828678150397e-04,2.458233336320e-03,1.775365521280e-03,1.101775365521e+00
6.425000000000e-08,-1.298215267616e-03,-2.801388296367e-03,-4.099603563983e-03,1.095900396436e+00
6.450000000000e-08,-1.913562720191e-03,2.850175559155e-03,9.366128389633e-04,1.100936612839e+00
6.475000000000e-08,-2.528910172767e-03,6.919535780634e-05,-2.459714814961e-03,1.097540285185e+00
6.500000000000e-08,-3.144257625343e-03,-2.851284349597e-03,-5.995541974940e-03,1.094004458025e+00
