mode,point_kind,vdd_v,droop_mv,raw_thermometer_word,normalized_raw_word,corrected_thermometer_word,sensor_code,raw_bubble_count,bubble_count,code_valid,reset_failure_count,rvt_031_cross_s,lvt_031_cross_s,rvt_lvt_diff_031_s,final_taps_arrived,residual_code,measurement_file
rvt_lvt,grid,7.000000000000e-01,4.000000000000e+02,11110110110100100000000000000000,00001001001011011111111111111111,00000000000111111111111111111111,11,6,0,1,0,3.746516505000e-09,3.707259867000e-09,-3.925663877000e-11,1,7,scenarios/v0p700000000000/phase3_voltage_code.mt0.csv
rvt_lvt,grid,7.050000000000e-01,3.950000000000e+02,11111110110100000000000000000000,00000001001011111111111111111111,00000000000111111111111111111111,11,3,0,1,0,3.653010763000e-09,3.617176974000e-09,-3.583378881000e-11,1,7,scenarios/v0p705000000000/phase3_voltage_code.mt0.csv
rvt_lvt,grid,7.100000000000e-01,3.900000000000e+02,11111110110100000000000000000000,00000001001011111111111111111111,00000000000111111111111111111111,11,3,0,1,0,3.564186934000e-09,3.532129725000e-09,-3.205720972000e-11,1,7,scenarios/v0p710000000000/phase3_voltage_code.mt0.csv
rvt_lvt,grid,7.150000000000e-01,3.850000000000e+02,11110110110100000000000000000000,00001001001011111111111111111111,00000000000111111111111111111111,11,5,0,1,0,3.479720694000e-09,3.450350186000e-09,-2.937050824000e-11,1,7,scenarios/v0p715000000000/phase3_voltage_code.mt0.csv
rvt_lvt,grid,7.200000000000e-01,3.800000000000e+02,11110110100100000000000000000000,00001001011011111111111111111111,00000000111111111111111111111111,8,4,0,1,0,3.400295083000e-09,3.373820388000e-09,-2.647469455000e-11,1,4,scenarios/v0p720000000000/phase3_voltage_code.mt0.csv
rvt_lvt,grid,7.250000000000e-01,3.750000000000e+02,11110110100100000000000000000000,00001001011011111111111111111111,00000000111111111111111111111111,8,4,0,1,0,3.324830373000e-09,3.301617318000e-09,-2.321305515000e-11,1,4,scenarios/v0p725000000000/phase3_voltage_code.mt0.csv
rvt_lvt,grid,7.300000000000e-01,3.700000000000e+02,11110110100000000000000000000000,00001001011111111111111111111111,00000000111111111111111111111111,8,3,0,1,0,3.253514167000e-09,3.233113864000e-09,-2.040030283000e-11,1,4,scenarios/v0p730000000000/phase3_voltage_code.mt0.csv
rvt_lvt,grid,7.350000000000e-01,3.650000000000e+02,11110110100000000000000000000000,00001001011111111111111111111111,00000000111111111111111111111111,8,3,0,1,0,3.184867780000e-09,3.168005992000e-09,-1.686178833000e-11,1,4,scenarios/v0p735000000000/phase3_voltage_code.mt0.csv
rvt_lvt,grid,7.400000000000e-01,3.600000000000e+02,11110110100000000000000000000000,00001001011111111111111111111111,00000000111111111111111111111111,8,3,0,1,0,3.120701090000e-09,3.104535480000e-09,-1.616561008000e-11,1,4,scenarios/v0p740000000000/phase3_voltage_code.mt0.csv
rvt_lvt,grid,7.450000000000e-01,3.550000000000e+02,11110110100000000000000000000000,00001001011111111111111111111111,00000000111111111111111111111111,8,3,0,1,0,3.058941540000e-09,3.045693258000e-09,-1.324828220000e-11,1,4,scenarios/v0p745000000000/phase3_voltage_code.mt0.csv
rvt_lvt,grid,7.500000000000e-01,3.500000000000e+02,11110110100000000000000000000000,00001001011111111111111111111111,00000000111111111111111111111111,8,3,0,1,0,3.000400330000e-09,2.988669523000e-09,-1.173080744000e-11,1,4,scenarios/v0p750000000000/phase3_voltage_code.mt0.csv
rvt_lvt,grid,7.550000000000e-01,3.450000000000e+02,11110110100000000000000000000000,00001001011111111111111111111111,00000000111111111111111111111111,8,3,0,1,0,2.944559506000e-09,2.935518934000e-09,-9.040571605000e-12,1,4,scenarios/v0p755000000000/phase3_voltage_code.mt0.csv
rvt_lvt,grid,7.600000000000e-01,3.400000000000e+02,11110110100000000000000000000000,00001001011111111111111111111111,00000000111111111111111111111111,8,3,0,1,0,2.890595607000e-09,2.883493803000e-09,-7.101803541000e-12,1,4,scenarios/v0p760000000000/phase3_voltage_code.mt0.csv
rvt_lvt,grid,7.650000000000e-01,3.350000000000e+02,11110110100000000000000000000000,00001001011111111111111111111111,00000000111111111111111111111111,8,3,0,1,0,2.839593546000e-09,2.833856936000e-09,-5.736609671000e-12,1,4,scenarios/v0p765000000000/phase3_voltage_code.mt0.csv
rvt_lvt,grid,7.700000000000e-01,3.300000000000e+02,11110110100000000000000000000000,00001001011111111111111111111111,00000000111111111111111111111111,8,3,0,1,0,2.790995709000e-09,2.786765141000e-09,-4.230567763000e-12,1,4,scenarios/v0p770000000000/phase3_voltage_code.mt0.csv
rvt_lvt,grid,7.750000000000e-01,3.250000000000e+02,11110110100000000000000000000000,00001001011111111111111111111111,00000000111111111111111111111111,8,3,0,1,0,2.745132288000e-09,2.741353010000e-09,-3.779277481000e-12,1,4,scenarios/v0p775000000000/phase3_voltage_code.mt0.csv
rvt_lvt,grid,7.800000000000e-01,3.200000000000e+02,11110110100000000000000000000000,00001001011111111111111111111111,00000000111111111111111111111111,8,3,0,1,0,2.700069240000e-09,2.699421080000e-09,-6.481598510000e-13,1,4,scenarios/v0p780000000000/phase3_voltage_code.mt0.csv
rvt_lvt,grid,7.850000000000e-01,3.150000000000e+02,11110100100000000000000000000000,00001011011111111111111111111111,00000111111111111111111111111111,5,2,0,1,0,2.657978282000e-09,2.658465886000e-09,4.876040341000e-13,1,1,scenarios/v0p785000000000/phase3_voltage_code.mt0.csv
rvt_lvt,grid,7.900000000000e-01,3.100000000000e+02,11110100000000000000000000000000,00001011111111111111111111111111,00000111111111111111111111111111,5,1,0,1,0,2.617644043000e-09,2.618985263000e-09,1.341219401000e-12,1,1,scenarios/v0p790000000000/phase3_voltage_code.mt0.csv
rvt_lvt,grid,7.950000000000e-01,3.050000000000e+02,11110100000000000000000000000000,00001011111111111111111111111111,00000111111111111111111111111111,5,1,0,1,0,2.578941579000e-09,2.580623252000e-09,1.681673184000e-12,1,1,scenarios/v0p795000000000/phase3_voltage_code.mt0.csv
rvt_lvt,grid,8.000000000000e-01,3.000000000000e+02,11110100000000000000000000000000,00001011111111111111111111111111,00000111111111111111111111111111,5,1,0,1,0,2.541798307000e-09,2.544126975000e-09,2.328667596000e-12,1,1,scenarios/v0p800000000000/phase3_voltage_code.mt0.csv
rvt_lvt,grid,8.050000000000e-01,2.950000000000e+02,11110100000000000000000000000000,00001011111111111111111111111111,00000111111111111111111111111111,5,1,0,1,0,2.506350778000e-09,2.509676403000e-09,3.325625649000e-12,1,1,scenarios/v0p805000000000/phase3_voltage_code.mt0.csv
rvt_lvt,grid,8.100000000000e-01,2.900000000000e+02,11110100000000000000000000000000,00001011111111111111111111111111,00000111111111111111111111111111,5,1,0,1,0,2.471672822000e-09,2.475541808000e-09,3.868985611000e-12,1,1,scenarios/v0p810000000000/phase3_voltage_code.mt0.csv
rvt_lvt,grid,8.150000000000e-01,2.850000000000e+02,11110100000000000000000000000000,00001011111111111111111111111111,00000111111111111111111111111111,5,1,0,1,0,2.439003198000e-09,2.444080688000e-09,5.077490010000e-12,1,1,scenarios/v0p815000000000/phase3_voltage_code.mt0.csv
rvt_lvt,grid,8.200000000000e-01,2.800000000000e+02,11110100000000000000000000000000,00001011111111111111111111111111,00000111111111111111111111111111,5,1,0,1,0,2.407356226000e-09,2.412855930000e-09,5.499703930000e-12,1,1,scenarios/v0p820000000000/phase3_voltage_code.mt0.csv
rvt_lvt,grid,8.250000000000e-01,2.750000000000e+02,11110100000000000000000000000000,00001011111111111111111111111111,00000111111111111111111111111111,5,1,0,1,0,2.375806765000e-09,2.383655981000e-09,7.849216157000e-12,1,1,scenarios/v0p825000000000/phase3_voltage_code.mt0.csv
rvt_lvt,grid,8.300000000000e-01,2.700000000000e+02,11110100000000000000000000000000,00001011111111111111111111111111,00000111111111111111111111111111,5,1,0,1,0,2.347573940000e-09,2.354883135000e-09,7.309195079000e-12,1,1,scenarios/v0p830000000000/phase3_voltage_code.mt0.csv
rvt_lvt,grid,8.350000000000e-01,2.650000000000e+02,11110100000000000000000000000000,00001011111111111111111111111111,00000111111111111111111111111111,5,1,0,1,0,2.319533527000e-09,2.326929501000e-09,7.395974627000e-12,1,1,scenarios/v0p835000000000/phase3_voltage_code.mt0.csv
rvt_lvt,grid,8.400000000000e-01,2.600000000000e+02,11110100000000000000000000000000,00001011111111111111111111111111,00000111111111111111111111111111,5,1,0,1,0,2.291289387000e-09,2.300779278000e-09,9.489890958000e-12,1,1,scenarios/v0p840000000000/phase3_voltage_code.mt0.csv
rvt_lvt,grid,8.450000000000e-01,2.550000000000e+02,11110100000000000000000000000000,00001011111111111111111111111111,00000111111111111111111111111111,5,1,0,1,0,2.265667085000e-09,2.275158306000e-09,9.491220499000e-12,1,1,scenarios/v0p845000000000/phase3_voltage_code.mt0.csv
rvt_lvt,grid,8.500000000000e-01,2.500000000000e+02,11110100000000000000000000000000,00001011111111111111111111111111,00000111111111111111111111111111,5,1,0,1,0,2.240603233000e-09,2.250658004000e-09,1.005477062000e-11,1,1,scenarios/v0p850000000000/phase3_voltage_code.mt0.csv
rvt_lvt,grid,8.550000000000e-01,2.450000000000e+02,11110100000000000000000000000000,00001011111111111111111111111111,00000111111111111111111111111111,5,1,0,1,0,2.216339212000e-09,2.227387274000e-09,1.104806255000e-11,1,1,scenarios/v0p855000000000/phase3_voltage_code.mt0.csv
rvt_lvt,grid,8.600000000000e-01,2.400000000000e+02,11110100000000000000000000000000,00001011111111111111111111111111,00000111111111111111111111111111,5,1,0,1,0,2.193153059000e-09,2.204350714000e-09,1.119765539000e-11,1,1,scenarios/v0p860000000000/phase3_voltage_code.mt0.csv
rvt_lvt,grid,8.650000000000e-01,2.350000000000e+02,11110100000000000000000000000000,00001011111111111111111111111111,00000111111111111111111111111111,5,1,0,1,0,2.170740212000e-09,2.182268365000e-09,1.152815252000e-11,1,1,scenarios/v0p865000000000/phase3_voltage_code.mt0.csv
rvt_lvt,grid,8.700000000000e-01,2.300000000000e+02,11110100000000000000000000000000,00001011111111111111111111111111,00000111111111111111111111111111,5,1,0,1,0,2.149232708000e-09,2.161122138000e-09,1.188942958000e-11,1,1,scenarios/v0p870000000000/phase3_voltage_code.mt0.csv
rvt_lvt,grid,8.750000000000e-01,2.250000000000e+02,11110100000000000000000000000000,00001011111111111111111111111111,00000111111111111111111111111111,5,1,0,1,0,2.128269045000e-09,2.140632235000e-09,1.236319035000e-11,1,1,scenarios/v0p875000000000/phase3_voltage_code.mt0.csv
rvt_lvt,grid,8.800000000000e-01,2.200000000000e+02,11110100000000000000000000000000,00001011111111111111111111111111,00000111111111111111111111111111,5,1,0,1,0,2.107847351000e-09,2.120788035000e-09,1.294068423000e-11,1,1,scenarios/v0p880000000000/phase3_voltage_code.mt0.csv
rvt_lvt,grid,8.850000000000e-01,2.150000000000e+02,11110100000000000000000000000000,00001011111111111111111111111111,00000111111111111111111111111111,5,1,0,1,0,2.088190452000e-09,2.102308955000e-09,1.411850305000e-11,1,1,scenarios/v0p885000000000/phase3_voltage_code.mt0.csv
rvt_lvt,grid,8.900000000000e-01,2.100000000000e+02,11110100000000000000000000000000,00001011111111111111111111111111,00000111111111111111111111111111,5,1,0,1,0,2.069336564000e-09,2.083686146000e-09,1.434958240000e-11,1,1,scenarios/v0p890000000000/phase3_voltage_code.mt0.csv
rvt_lvt,grid,8.950000000000e-01,2.050000000000e+02,11110100000000000000000000000000,00001011111111111111111111111111,00000111111111111111111111111111,5,1,0,1,0,2.051201407000e-09,2.065650017000e-09,1.444860905000e-11,1,1,scenarios/v0p895000000000/phase3_voltage_code.mt0.csv
rvt_lvt,grid,9.000000000000e-01,2.000000000000e+02,11110100000000000000000000000000,00001011111111111111111111111111,00000111111111111111111111111111,5,1,0,1,0,2.033294480000e-09,2.048186721000e-09,1.489224053000e-11,1,1,scenarios/v0p900000000000/phase3_voltage_code.mt0.csv
rvt_lvt,grid,9.050000000000e-01,1.950000000000e+02,11110100000000000000000000000000,00001011111111111111111111111111,00000111111111111111111111111111,5,1,0,1,0,2.016275592000e-09,2.031360635000e-09,1.508504353000e-11,1,1,scenarios/v0p905000000000/phase3_voltage_code.mt0.csv
rvt_lvt,grid,9.100000000000e-01,1.900000000000e+02,11110100000000000000000000000000,00001011111111111111111111111111,00000111111111111111111111111111,5,1,0,1,0,1.999878332000e-09,2.015090460000e-09,1.521212848000e-11,1,1,scenarios/v0p910000000000/phase3_voltage_code.mt0.csv
rvt_lvt,grid,9.150000000000e-01,1.850000000000e+02,11110100000000000000000000000000,00001011111111111111111111111111,00000111111111111111111111111111,5,1,0,1,0,1.984079559000e-09,1.999045721000e-09,1.496616248000e-11,1,1,scenarios/v0p915000000000/phase3_voltage_code.mt0.csv
rvt_lvt,grid,9.200000000000e-01,1.800000000000e+02,11110100000000000000000000000000,00001011111111111111111111111111,00000111111111111111111111111111,5,1,0,1,0,1.968711914000e-09,1.983618394000e-09,1.490647995000e-11,1,1,scenarios/v0p920000000000/phase3_voltage_code.mt0.csv
rvt_lvt,grid,9.250000000000e-01,1.750000000000e+02,11110100000000000000000000000000,00001011111111111111111111111111,00000111111111111111111111111111,5,1,0,1,0,1.953514272000e-09,1.968467482000e-09,1.495321007000e-11,1,1,scenarios/v0p925000000000/phase3_voltage_code.mt0.csv
rvt_lvt,grid,9.300000000000e-01,1.700000000000e+02,11110100000000000000000000000000,00001011111111111111111111111111,00000111111111111111111111111111,5,1,0,1,0,1.938833329000e-09,1.954115923000e-09,1.528259408000e-11,1,1,scenarios/v0p930000000000/phase3_voltage_code.mt0.csv
rvt_lvt,grid,9.350000000000e-01,1.650000000000e+02,11110100000000000000000000000000,00001011111111111111111111111111,00000111111111111111111111111111,5,1,0,1,0,1.924280829000e-09,1.940353114000e-09,1.607228495000e-11,1,1,scenarios/v0p935000000000/phase3_voltage_code.mt0.csv
rvt_lvt,grid,9.400000000000e-01,1.600000000000e+02,11110100000000000000000000000000,00001011111111111111111111111111,00000111111111111111111111111111,5,1,0,1,0,1.910619441000e-09,1.927264654000e-09,1.664521307000e-11,1,1,scenarios/v0p940000000000/phase3_voltage_code.mt0.csv
rvt_lvt,grid,9.450000000000e-01,1.550000000000e+02,11110100000000000000000000000000,00001011111111111111111111111111,00000111111111111111111111111111,5,1,0,1,0,1.897219207000e-09,1.913837644000e-09,1.661843771000e-11,1,1,scenarios/v0p945000000000/phase3_voltage_code.mt0.csv
rvt_lvt,grid,9.500000000000e-01,1.500000000000e+02,11110100000000000000000000000000,00001011111111111111111111111111,00000111111111111111111111111111,5,1,0,1,0,1.884200573000e-09,1.901127507000e-09,1.692693436000e-11,1,1,scenarios/v0p950000000000/phase3_voltage_code.mt0.csv
rvt_lvt,grid,9.550000000000e-01,1.450000000000e+02,11110100000000000000000000000000,00001011111111111111111111111111,00000111111111111111111111111111,5,1,0,1,0,1.871910024000e-09,1.888450874000e-09,1.654084929000e-11,1,1,scenarios/v0p955000000000/phase3_voltage_code.mt0.csv
rvt_lvt,grid,9.600000000000e-01,1.400000000000e+02,11110100000000000000000000000000,00001011111111111111111111111111,00000111111111111111111111111111,5,1,0,1,0,1.859778222000e-09,1.876605854000e-09,1.682763187000e-11,1,1,scenarios/v0p960000000000/phase3_voltage_code.mt0.csv
rvt_lvt,grid,9.650000000000e-01,1.350000000000e+02,11110100000000000000000000000000,00001011111111111111111111111111,00000111111111111111111111111111,5,1,0,1,0,1.848130215000e-09,1.864977337000e-09,1.684712221000e-11,1,1,scenarios/v0p965000000000/phase3_voltage_code.mt0.csv
rvt_lvt,grid,9.700000000000e-01,1.300000000000e+02,11110100000000000000000000000000,00001011111111111111111111111111,00000111111111111111111111111111,5,1,0,1,0,1.836524562000e-09,1.853561488000e-09,1.703692570000e-11,1,1,scenarios/v0p970000000000/phase3_voltage_code.mt0.csv
rvt_lvt,grid,9.750000000000e-01,1.250000000000e+02,11110000000000000000000000000000,00001111111111111111111111111111,00001111111111111111111111111111,4,0,0,1,0,1.825328004000e-09,1.842510863000e-09,1.718285904000e-11,1,0,scenarios/v0p975000000000/phase3_voltage_code.mt0.csv
rvt_lvt,grid,9.800000000000e-01,1.200000000000e+02,11110000000000000000000000000000,00001111111111111111111111111111,00001111111111111111111111111111,4,0,0,1,0,1.814414057000e-09,1.831841029000e-09,1.742697119000e-11,1,0,scenarios/v0p980000000000/phase3_voltage_code.mt0.csv
rvt_lvt,grid,9.850000000000e-01,1.150000000000e+02,11110000000000000000000000000000,00001111111111111111111111111111,00001111111111111111111111111111,4,0,0,1,0,1.803849801000e-09,1.821343757000e-09,1.749395611000e-11,1,0,scenarios/v0p985000000000/phase3_voltage_code.mt0.csv
rvt_lvt,grid,9.900000000000e-01,1.100000000000e+02,11110000000000000000000000000000,00001111111111111111111111111111,00001111111111111111111111111111,4,0,0,1,0,1.793510962000e-09,1.811044765000e-09,1.753380338000e-11,1,0,scenarios/v0p990000000000/phase3_voltage_code.mt0.csv
rvt_lvt,grid,9.950000000000e-01,1.050000000000e+02,11110000000000000000000000000000,00001111111111111111111111111111,00001111111111111111111111111111,4,0,0,1,0,1.783425992000e-09,1.800837895000e-09,1.741190311000e-11,1,0,scenarios/v0p995000000000/phase3_voltage_code.mt0.csv
rvt_lvt,grid,1.000000000000e+00,1.000000000000e+02,11110000000000000000000000000000,00001111111111111111111111111111,00001111111111111111111111111111,4,0,0,1,0,1.774482248000e-09,1.791304715000e-09,1.682246759000e-11,1,0,scenarios/v1p000000000000/phase3_voltage_code.mt0.csv
rvt_lvt,grid,1.005000000000e+00,9.500000000000e+01,11110000000000000000000000000000,00001111111111111111111111111111,00001111111111111111111111111111,4,0,0,1,0,1.764867787000e-09,1.782006171000e-09,1.713838406000e-11,1,0,scenarios/v1p005000000000/phase3_voltage_code.mt0.csv
rvt_lvt,grid,1.010000000000e+00,9.000000000000e+01,11110000000000000000000000000000,00001111111111111111111111111111,00001111111111111111111111111111,4,0,0,1,0,1.755606695000e-09,1.772864285000e-09,1.725758990000e-11,1,0,scenarios/v1p010000000000/phase3_voltage_code.mt0.csv
rvt_lvt,grid,1.015000000000e+00,8.500000000000e+01,11110000000000000000000000000000,00001111111111111111111111111111,00001111111111111111111111111111,4,0,0,1,0,1.746566956000e-09,1.763790834000e-09,1.722387837000e-11,1,0,scenarios/v1p015000000000/phase3_voltage_code.mt0.csv
rvt_lvt,grid,1.020000000000e+00,8.000000000000e+01,11110000000000000000000000000000,00001111111111111111111111111111,00001111111111111111111111111111,4,0,0,1,0,1.737672545000e-09,1.755106395000e-09,1.743384986000e-11,1,0,scenarios/v1p020000000000/phase3_voltage_code.mt0.csv
rvt_lvt,grid,1.025000000000e+00,7.500000000000e+01,11110000000000000000000000000000,00001111111111111111111111111111,00001111111111111111111111111111,4,0,0,1,0,1.729168919000e-09,1.746257270000e-09,1.708835075000e-11,1,0,scenarios/v1p025000000000/phase3_voltage_code.mt0.csv
rvt_lvt,grid,1.030000000000e+00,7.000000000000e+01,11110000000000000000000000000000,00001111111111111111111111111111,00001111111111111111111111111111,4,0,0,1,0,1.720813735000e-09,1.737934700000e-09,1.712096444000e-11,1,0,scenarios/v1p030000000000/phase3_voltage_code.mt0.csv
rvt_lvt,grid,1.035000000000e+00,6.500000000000e+01,11110000000000000000000000000000,00001111111111111111111111111111,00001111111111111111111111111111,4,0,0,1,0,1.712695328000e-09,1.729831337000e-09,1.713600901000e-11,1,0,scenarios/v1p035000000000/phase3_voltage_code.mt0.csv
rvt_lvt,grid,1.040000000000e+00,6.000000000000e+01,11110000000000000000000000000000,00001111111111111111111111111111,00001111111111111111111111111111,4,0,0,1,0,1.704911273000e-09,1.721991739000e-09,1.708046574000e-11,1,0,scenarios/v1p040000000000/phase3_voltage_code.mt0.csv
rvt_lvt,grid,1.045000000000e+00,5.500000000000e+01,11110000000000000000000000000000,00001111111111111111111111111111,00001111111111111111111111111111,4,0,0,1,0,1.697214609000e-09,1.714301476000e-09,1.708686682000e-11,1,0,scenarios/v1p045000000000/phase3_voltage_code.mt0.csv
rvt_lvt,first_violation_anchor,1.047473942801e+00,5.252605719900e+01,11110000000000000000000000000000,00001111111111111111111111111111,00001111111111111111111111111111,4,0,0,1,0,1.693466095000e-09,1.710562977000e-09,1.709688200000e-11,1,0,scenarios/v1p047473942801/phase3_voltage_code.mt0.csv
rvt_lvt,grid,1.050000000000e+00,5.000000000000e+01,11110000000000000000000000000000,00001111111111111111111111111111,00001111111111111111111111111111,4,0,0,1,0,1.689693593000e-09,1.706795589000e-09,1.710199627000e-11,1,0,scenarios/v1p050000000000/phase3_voltage_code.mt0.csv
rvt_lvt,last_pass_anchor,1.054061327707e+00,4.593867229300e+01,11110000000000000000000000000000,00001111111111111111111111111111,00001111111111111111111111111111,4,0,0,1,0,1.683558743000e-09,1.701075054000e-09,1.751631086000e-11,1,0,scenarios/v1p054061327707/phase3_voltage_code.mt0.csv
rvt_lvt,grid,1.055000000000e+00,4.500000000000e+01,11110000000000000000000000000000,00001111111111111111111111111111,00001111111111111111111111111111,4,0,0,1,0,1.682163544000e-09,1.699723642000e-09,1.756009759000e-11,1,0,scenarios/v1p055000000000/phase3_voltage_code.mt0.csv
rvt_lvt,grid,1.060000000000e+00,4.000000000000e+01,11110000000000000000000000000000,00001111111111111111111111111111,00001111111111111111111111111111,4,0,0,1,0,1.674880536000e-09,1.692739702000e-09,1.785916619000e-11,1,0,scenarios/v1p060000000000/phase3_voltage_code.mt0.csv
rvt_lvt,grid,1.065000000000e+00,3.500000000000e+01,11110000000000000000000000000000,00001111111111111111111111111111,00001111111111111111111111111111,4,0,0,1,0,1.667808423000e-09,1.685938953000e-09,1.813053023000e-11,1,0,scenarios/v1p065000000000/phase3_voltage_code.mt0.csv
rvt_lvt,grid,1.070000000000e+00,3.000000000000e+01,11110000000000000000000000000000,00001111111111111111111111111111,00001111111111111111111111111111,4,0,0,1,0,1.660957372000e-09,1.679044309000e-09,1.808693704000e-11,1,0,scenarios/v1p070000000000/phase3_voltage_code.mt0.csv
rvt_lvt,grid,1.075000000000e+00,2.500000000000e+01,11110000000000000000000000000000,00001111111111111111111111111111,00001111111111111111111111111111,4,0,0,1,0,1.654167102000e-09,1.672294670000e-09,1.812756856000e-11,1,0,scenarios/v1p075000000000/phase3_voltage_code.mt0.csv
rvt_lvt,grid,1.080000000000e+00,2.000000000000e+01,11110000000000000000000000000000,00001111111111111111111111111111,00001111111111111111111111111111,4,0,0,1,0,1.647620013000e-09,1.665720843000e-09,1.810083014000e-11,1,0,scenarios/v1p080000000000/phase3_voltage_code.mt0.csv
rvt_lvt,grid,1.085000000000e+00,1.500000000000e+01,11110000000000000000000000000000,00001111111111111111111111111111,00001111111111111111111111111111,4,0,0,1,0,1.641320788000e-09,1.659183424000e-09,1.786263616000e-11,1,0,scenarios/v1p085000000000/phase3_voltage_code.mt0.csv
rvt_lvt,grid,1.090000000000e+00,1.000000000000e+01,11110000000000000000000000000000,00001111111111111111111111111111,00001111111111111111111111111111,4,0,0,1,0,1.635001289000e-09,1.652998885000e-09,1.799759648000e-11,1,0,scenarios/v1p090000000000/phase3_voltage_code.mt0.csv
rvt_lvt,grid,1.095000000000e+00,5.000000000000e+00,11110000000000000000000000000000,00001111111111111111111111111111,00001111111111111111111111111111,4,0,0,1,0,1.628888303000e-09,1.646865923000e-09,1.797761980000e-11,1,0,scenarios/v1p095000000000/phase3_voltage_code.mt0.csv
rvt_lvt,grid,1.100000000000e+00,0.000000000000e+00,11110000000000000000000000000000,00001111111111111111111111111111,00001111111111111111111111111111,4,0,0,1,0,1.622957245000e-09,1.640816395000e-09,1.785914929000e-11,1,0,scenarios/v1p100000000000/phase3_voltage_code.mt0.csv
