vdd_v,tap_index,rvt_cross_s,lvt_cross_s,delta_signed_ps,xor_width_proxy_ps,lead_path
1.1,0,1.069020134e-09,1.010558565e-09,58.461569,58.461569,LVT
1.1,1,1.088269675e-09,1.023283949e-09,64.985726,64.985726,LVT
1.1,2,1.107572288e-09,1.036022632e-09,71.549656,71.549656,LVT
1.1,3,1.12688832e-09,1.048775095e-09,78.113225,78.113225,LVT
1.1,4,1.146218733e-09,1.061550847e-09,84.667886,84.667886,LVT
1.1,5,1.16553804e-09,1.074298039e-09,91.240001,91.240001,LVT
1.1,6,1.184878294e-09,1.087076059e-09,97.802235,97.802235,LVT
1.1,7,1.204218388e-09,1.099810623e-09,104.407765,104.407765,LVT
1.1,8,1.223543704e-09,1.112560234e-09,110.98347,110.98347,LVT
1.1,9,1.242899939e-09,1.125318458e-09,117.581481,117.581481,LVT
1.1,10,1.26226352e-09,1.13806122e-09,124.2023,124.2023,LVT
1.1,11,1.281639938e-09,1.150811045e-09,130.828893,130.828893,LVT
1.1,12,1.300948554e-09,1.16354372e-09,137.404834,137.404834,LVT
1.1,13,1.320312367e-09,1.176295987e-09,144.01638,144.01638,LVT
1.1,14,1.339647566e-09,1.189044266e-09,150.6033,150.6033,LVT
1.1,15,1.358983608e-09,1.201730463e-09,157.253145,157.253145,LVT
1.1,16,1.378311366e-09,1.214472561e-09,163.838805,163.838805,LVT
1.1,17,1.397629271e-09,1.227249316e-09,170.379955,170.379955,LVT
1.1,18,1.416992927e-09,1.239981027e-09,177.0119,177.0119,LVT
1.1,19,1.436376043e-09,1.252704267e-09,183.671776,183.671776,LVT
1.1,20,1.455650451e-09,1.265525025e-09,190.125426,190.125426,LVT
1.1,21,1.474995948e-09,1.278199626e-09,196.796322,196.796322,LVT
1.1,22,1.494388778e-09,1.290907729e-09,203.481049,203.481049,LVT
1.1,23,1.513709711e-09,1.303574622e-09,210.135089,210.135089,LVT
1.1,24,1.533111566e-09,1.316385506e-09,216.72606,216.72606,LVT
1.1,25,1.552438259e-09,1.329155226e-09,223.283033,223.283033,LVT
1.1,26,1.571716952e-09,1.341877345e-09,229.839607,229.839607,LVT
1.1,27,1.590927392e-09,1.354592825e-09,236.334567,236.334567,LVT
1.1,28,1.610288725e-09,1.3673704e-09,242.918325,242.918325,LVT
1.1,29,1.628390173e-09,1.378848127e-09,249.542046,249.542046,LVT
1.09,0,1.070266672e-09,1.010683344e-09,59.583328,59.583328,LVT
1.09,1,1.089863447e-09,1.023607594e-09,66.255853,66.255853,LVT
1.09,2,1.109536752e-09,1.03653704e-09,72.999712,72.999712,LVT
1.09,3,1.129252292e-09,1.049473709e-09,79.778583,79.778583,LVT
1.09,4,1.148959479e-09,1.062441626e-09,86.517853,86.517853,LVT
1.09,5,1.168678233e-09,1.075376598e-09,93.301635,93.301635,LVT
1.09,6,1.188386808e-09,1.08833782e-09,100.048988,100.048988,LVT
1.09,7,1.20810518e-09,1.101269308e-09,106.835872,106.835872,LVT
1.09,8,1.227823744e-09,1.11419064e-09,113.633104,113.633104,LVT
1.09,9,1.247522826e-09,1.127142199e-09,120.380627,120.380627,LVT
1.09,10,1.267204378e-09,1.140085098e-09,127.11928,127.11928,LVT
1.09,11,1.286923739e-09,1.152990625e-09,133.933114,133.933114,LVT
1.09,12,1.306540671e-09,1.165948943e-09,140.591728,140.591728,LVT
1.09,13,1.326347379e-09,1.178898371e-09,147.449008,147.449008,LVT
1.09,14,1.346028427e-09,1.191810193e-09,154.218234,154.218234,LVT
1.09,15,1.365746948e-09,1.204750583e-09,160.996365,160.996365,LVT
1.09,16,1.385432791e-09,1.217702517e-09,167.730274,167.730274,LVT
1.09,17,1.405082307e-09,1.230636255e-09,174.446052,174.446052,LVT
1.09,18,1.424866172e-09,1.243523688e-09,181.342484,181.342484,LVT
1.09,19,1.444507753e-09,1.256468651e-09,188.039102,188.039102,LVT
1.09,20,1.464260825e-09,1.269395265e-09,194.86556,194.86556,LVT
1.09,21,1.483999892e-09,1.282275541e-09,201.724351,201.724351,LVT
1.09,22,1.503655029e-09,1.295220559e-09,208.43447,208.43447,LVT
1.09,23,1.523443806e-09,1.308059921e-09,215.383885,215.383885,LVT
1.09,24,1.54306582e-09,1.321034142e-09,222.031678,222.031678,LVT
1.09,25,1.562760221e-09,1.333987782e-09,228.772439,228.772439,LVT
1.09,26,1.582459858e-09,1.34690459e-09,235.555268,235.555268,LVT
1.09,27,1.602067559e-09,1.359811829e-09,242.25573,242.25573,LVT
1.09,28,1.621744686e-09,1.372779352e-09,248.965334,248.965334,LVT
1.09,29,1.640139084e-09,1.384459116e-09,255.679968,255.679968,LVT
1.08,0,1.071597886e-09,1.010802593e-09,60.795293,60.795293,LVT
1.08,1,1.091568151e-09,1.023946898e-09,67.621253,67.621253,LVT
1.08,2,1.111647322e-09,1.037088181e-09,74.559141,74.559141,LVT
1.08,3,1.131759414e-09,1.050216218e-09,81.543196,81.543196,LVT
1.08,4,1.15185231e-09,1.06336274e-09,88.48957,88.48957,LVT
1.08,5,1.171950596e-09,1.076498122e-09,95.452474,95.452474,LVT
1.08,6,1.192053143e-09,1.08964431e-09,102.408833,102.408833,LVT
1.08,7,1.212147636e-09,1.102777491e-09,109.370145,109.370145,LVT
1.08,8,1.232208301e-09,1.115898117e-09,116.310184,116.310184,LVT
1.08,9,1.252298085e-09,1.129034486e-09,123.263599,123.263599,LVT
1.08,10,1.272369812e-09,1.142178874e-09,130.190938,130.190938,LVT
1.08,11,1.292458452e-09,1.155302729e-09,137.155723,137.155723,LVT
1.08,12,1.312637212e-09,1.168407707e-09,144.229505,144.229505,LVT
1.08,13,1.33274882e-09,1.181571841e-09,151.176979,151.176979,LVT
1.08,14,1.352821511e-09,1.194705864e-09,158.115647,158.115647,LVT
1.08,15,1.372905998e-09,1.207819208e-09,165.08679,165.08679,LVT
1.08,16,1.392953301e-09,1.220870781e-09,172.08252,172.08252,LVT
1.08,17,1.413059623e-09,1.234023132e-09,179.036491,179.036491,LVT
1.08,18,1.433094378e-09,1.247118376e-09,185.976002,185.976002,LVT
1.08,19,1.453070481e-09,1.26023777e-09,192.832711,192.832711,LVT
1.08,20,1.473165426e-09,1.273337316e-09,199.82811,199.82811,LVT
1.08,21,1.4931938e-09,1.286471095e-09,206.722705,206.722705,LVT
1.08,22,1.513392259e-09,1.299624307e-09,213.767952,213.767952,LVT
1.08,23,1.533455971e-09,1.312706282e-09,220.749689,220.749689,LVT
1.08,24,1.553508446e-09,1.325814739e-09,227.693707,227.693707,LVT
1.08,25,1.57352684e-09,1.338954487e-09,234.572353,234.572353,LVT
1.08,26,1.593606638e-09,1.352139912e-09,241.466726,241.466726,LVT
1.08,27,1.613709233e-09,1.36524472e-09,248.464513,248.464513,LVT
1.08,28,1.633792592e-09,1.378371451e-09,255.421141,255.421141,LVT
1.08,29,1.652487858e-09,1.390204117e-09,262.283741,262.283741,LVT
1.07,0,1.072924712e-09,1.010950753e-09,61.973959,61.973959,LVT
1.07,1,1.093340568e-09,1.024271188e-09,69.06938,69.06938,LVT
1.07,2,1.113825957e-09,1.037622331e-09,76.203626,76.203626,LVT
1.07,3,1.134330479e-09,1.050990673e-09,83.339806,83.339806,LVT
1.07,4,1.154837346e-09,1.064352867e-09,90.484479,90.484479,LVT
1.07,5,1.175331244e-09,1.077699027e-09,97.632217,97.632217,LVT
1.07,6,1.195780146e-09,1.091034369e-09,104.745777,104.745777,LVT
1.07,7,1.216282196e-09,1.104376329e-09,111.905867,111.905867,LVT
1.07,8,1.236815723e-09,1.117705576e-09,119.110147,119.110147,LVT
1.07,9,1.257353121e-09,1.13102647e-09,126.326651,126.326651,LVT
1.07,10,1.277849596e-09,1.144384948e-09,133.464648,133.464648,LVT
1.07,11,1.298346363e-09,1.157721086e-09,140.625277,140.625277,LVT
1.07,12,1.318841561e-09,1.171037742e-09,147.803819,147.803819,LVT
1.07,13,1.339324346e-09,1.184356693e-09,154.967653,154.967653,LVT
1.07,14,1.359838999e-09,1.197677273e-09,162.161726,162.161726,LVT
1.07,15,1.380310582e-09,1.21105945e-09,169.251132,169.251132,LVT
1.07,16,1.400747045e-09,1.224407806e-09,176.339239,176.339239,LVT
1.07,17,1.421234144e-09,1.237666165e-09,183.567979,183.567979,LVT
1.07,18,1.441747099e-09,1.251045958e-09,190.701141,190.701141,LVT
1.07,19,1.462091186e-09,1.264419951e-09,197.671235,197.671235,LVT
1.07,20,1.482607441e-09,1.277682414e-09,204.925027,204.925027,LVT
1.07,21,1.503001081e-09,1.291033062e-09,211.968019,211.968019,LVT
1.07,22,1.523603034e-09,1.304228217e-09,219.374817,219.374817,LVT
1.07,23,1.544006559e-09,1.31762958e-09,226.376979,226.376979,LVT
1.07,24,1.564528897e-09,1.33097304e-09,233.555857,233.555857,LVT
1.07,25,1.585016853e-09,1.344299677e-09,240.717176,240.717176,LVT
1.07,26,1.605519624e-09,1.357657292e-09,247.862332,247.862332,LVT
1.07,27,1.626009105e-09,1.371003427e-09,255.005678,255.005678,LVT
1.07,28,1.646530588e-09,1.384297036e-09,262.233552,262.233552,LVT
1.07,29,1.665709901e-09,1.396282911e-09,269.42699,269.42699,LVT
1.06,0,1.074335714e-09,1.011079005e-09,63.256709,63.256709,LVT
1.06,1,1.095208302e-09,1.024607429e-09,70.600873,70.600873,LVT
1.06,2,1.116058725e-09,1.038175524e-09,77.883201,77.883201,LVT
1.06,3,1.137010612e-09,1.051755753e-09,85.254859,85.254859,LVT
1.06,4,1.157877372e-09,1.065332507e-09,92.544865,92.544865,LVT
1.06,5,1.17881903e-09,1.078890755e-09,99.928275,99.928275,LVT
1.06,6,1.1996957e-09,1.09243645e-09,107.25925,107.25925,LVT
1.06,7,1.220620902e-09,1.106003285e-09,114.617617,114.617617,LVT
1.06,8,1.241568575e-09,1.119553479e-09,122.015096,122.015096,LVT
1.06,9,1.26246051e-09,1.133099725e-09,129.360785,129.360785,LVT
1.06,10,1.283340606e-09,1.146676395e-09,136.664211,136.664211,LVT
1.06,11,1.304205781e-09,1.160210782e-09,143.994999,143.994999,LVT
1.06,12,1.325182381e-09,1.173725202e-09,151.457179,151.457179,LVT
1.06,13,1.34609475e-09,1.187208681e-09,158.886069,158.886069,LVT
1.06,14,1.367042894e-09,1.200737428e-09,166.305466,166.305466,LVT
1.06,15,1.387961537e-09,1.214316693e-09,173.644844,173.644844,LVT
1.06,16,1.408833229e-09,1.227854225e-09,180.979004,180.979004,LVT
1.06,17,1.4298289e-09,1.241365361e-09,188.463539,188.463539,LVT
1.06,18,1.450782678e-09,1.254950267e-09,195.832411,195.832411,LVT
1.06,19,1.471719499e-09,1.268466208e-09,203.253291,203.253291,LVT
1.06,20,1.492630315e-09,1.281929319e-09,210.700996,210.700996,LVT
1.06,21,1.513637064e-09,1.295513666e-09,218.123398,218.123398,LVT
1.06,22,1.534514013e-09,1.308990852e-09,225.523161,225.523161,LVT
1.06,23,1.555408249e-09,1.322595579e-09,232.81267,232.81267,LVT
1.06,24,1.57633799e-09,1.336130502e-09,240.207488,240.207488,LVT
1.06,25,1.597259062e-09,1.349690328e-09,247.568734,247.568734,LVT
1.06,26,1.618074958e-09,1.363247966e-09,254.826992,254.826992,LVT
1.06,27,1.638867951e-09,1.376789175e-09,262.078776,262.078776,LVT
1.06,28,1.659692352e-09,1.390281774e-09,269.410578,269.410578,LVT
1.06,29,1.67929996e-09,1.402564743e-09,276.735217,276.735217,LVT
1.05,0,1.075868526e-09,1.011240238e-09,64.628288,64.628288,LVT
1.05,1,1.097165857e-09,1.025034756e-09,72.131101,72.131101,LVT
1.05,2,1.118497235e-09,1.038826309e-09,79.670926,79.670926,LVT
1.05,3,1.139809695e-09,1.052609537e-09,87.200158,87.200158,LVT
1.05,4,1.161137848e-09,1.066376534e-09,94.761314,94.761314,LVT
1.05,5,1.18254774e-09,1.080138951e-09,102.408789,102.408789,LVT
1.05,6,1.203894382e-09,1.093925378e-09,109.969004,109.969004,LVT
1.05,7,1.225252597e-09,1.107714814e-09,117.537783,117.537783,LVT
1.05,8,1.246577432e-09,1.121469175e-09,125.108257,125.108257,LVT
1.05,9,1.267943566e-09,1.135220696e-09,132.72287,132.72287,LVT
1.05,10,1.289325209e-09,1.149037826e-09,140.287383,140.287383,LVT
1.05,11,1.310663934e-09,1.162809486e-09,147.854448,147.854448,LVT
1.05,12,1.332064516e-09,1.176534772e-09,155.529744,155.529744,LVT
1.05,13,1.353478646e-09,1.190341015e-09,163.137631,163.137631,LVT
1.05,14,1.374878564e-09,1.204142695e-09,170.735869,170.735869,LVT
1.05,15,1.396219885e-09,1.217874061e-09,178.345824,178.345824,LVT
1.05,16,1.417534307e-09,1.231673576e-09,185.860731,185.860731,LVT
1.05,17,1.438923785e-09,1.245395716e-09,193.528069,193.528069,LVT
1.05,18,1.460274444e-09,1.259204184e-09,201.07026,201.07026,LVT
1.05,19,1.481627807e-09,1.273000955e-09,208.626852,208.626852,LVT
1.05,20,1.502995264e-09,1.28673594e-09,216.259324,216.259324,LVT
1.05,21,1.524471204e-09,1.3004973e-09,223.973904,223.973904,LVT
1.05,22,1.54570901e-09,1.314337122e-09,231.371888,231.371888,LVT
1.05,23,1.567103362e-09,1.32808817e-09,239.015192,239.015192,LVT
1.05,24,1.588431026e-09,1.341845188e-09,246.585838,246.585838,LVT
1.05,25,1.609787927e-09,1.355607571e-09,254.180356,254.180356,LVT
1.05,26,1.63118151e-09,1.369394771e-09,261.786739,261.786739,LVT
1.05,27,1.652581129e-09,1.383163592e-09,269.417537,269.417537,LVT
1.05,28,1.673955104e-09,1.396926294e-09,277.02881,277.02881,LVT
1.05,29,1.693968459e-09,1.409307149e-09,284.66131,284.66131,LVT
1.04,0,1.077524803e-09,1.011417498e-09,66.107305,66.107305,LVT
1.04,1,1.099306562e-09,1.025423923e-09,73.882639,73.882639,LVT
1.04,2,1.121099581e-09,1.039444868e-09,81.654713,81.654713,LVT
1.04,3,1.142891113e-09,1.053435832e-09,89.455281,89.455281,LVT
1.04,4,1.164726092e-09,1.067478377e-09,97.247715,97.247715,LVT
1.04,5,1.186572131e-09,1.081476806e-09,105.095325,105.095325,LVT
1.04,6,1.208362069e-09,1.095438895e-09,112.923174,112.923174,LVT
1.04,7,1.230164653e-09,1.109472676e-09,120.691977,120.691977,LVT
1.04,8,1.25196173e-09,1.123477606e-09,128.484124,128.484124,LVT
1.04,9,1.27381735e-09,1.137436844e-09,136.380506,136.380506,LVT
1.04,10,1.295687078e-09,1.151484108e-09,144.20297,144.20297,LVT
1.04,11,1.317548952e-09,1.165505952e-09,152.043,152.043,LVT
1.04,12,1.33938845e-09,1.179462105e-09,159.926345,159.926345,LVT
1.04,13,1.361216373e-09,1.193498198e-09,167.718175,167.718175,LVT
1.04,14,1.383072735e-09,1.207527979e-09,175.544756,175.544756,LVT
1.04,15,1.404830777e-09,1.221463456e-09,183.367321,183.367321,LVT
1.04,16,1.426674807e-09,1.235420514e-09,191.254293,191.254293,LVT
1.04,17,1.448530615e-09,1.249478376e-09,199.052239,199.052239,LVT
1.04,18,1.470478209e-09,1.263393558e-09,207.084651,207.084651,LVT
1.04,19,1.4922229e-09,1.277314642e-09,214.908258,214.908258,LVT
1.04,20,1.514152917e-09,1.291335641e-09,222.817276,222.817276,LVT
1.04,21,1.53595064e-09,1.305166291e-09,230.784349,230.784349,LVT
1.04,22,1.557733029e-09,1.319210508e-09,238.522521,238.522521,LVT
1.04,23,1.579529572e-09,1.333229342e-09,246.30023,246.30023,LVT
1.04,24,1.601253648e-09,1.347241897e-09,254.011751,254.011751,LVT
1.04,25,1.623093699e-09,1.36125622e-09,261.837479,261.837479,LVT
1.04,26,1.644976728e-09,1.375241646e-09,269.735082,269.735082,LVT
1.04,27,1.666624435e-09,1.389239163e-09,277.385272,277.385272,LVT
1.04,28,1.688438691e-09,1.403284287e-09,285.154404,285.154404,LVT
1.04,29,1.708826476e-09,1.415835819e-09,292.990657,292.990657,LVT
1.03,0,1.079127988e-09,1.011533391e-09,67.594597,67.594597,LVT
1.03,1,1.101372272e-09,1.025772176e-09,75.600096,75.600096,LVT
1.03,2,1.123663698e-09,1.040020745e-09,83.642953,83.642953,LVT
1.03,3,1.14595004e-09,1.0543026e-09,91.64744,91.64744,LVT
1.03,4,1.168223124e-09,1.068566867e-09,99.656257,99.656257,LVT
1.03,5,1.190552629e-09,1.082821292e-09,107.731337,107.731337,LVT
1.03,6,1.212889408e-09,1.097001987e-09,115.887421,115.887421,LVT
1.03,7,1.235196927e-09,1.111307935e-09,123.888992,123.888992,LVT
1.03,8,1.257439965e-09,1.125485549e-09,131.954416,131.954416,LVT
1.03,9,1.2797233e-09,1.139690909e-09,140.032391,140.032391,LVT
1.03,10,1.301997553e-09,1.154006905e-09,147.990648,147.990648,LVT
1.03,11,1.324395512e-09,1.16819497e-09,156.200542,156.200542,LVT
1.03,12,1.346732937e-09,1.1824251e-09,164.307837,164.307837,LVT
1.03,13,1.369051202e-09,1.196705707e-09,172.345495,172.345495,LVT
1.03,14,1.391382021e-09,1.210906695e-09,180.475326,180.475326,LVT
1.03,15,1.41360538e-09,1.22522013e-09,188.38525,188.38525,LVT
1.03,16,1.435965444e-09,1.239424837e-09,196.540607,196.540607,LVT
1.03,17,1.458248017e-09,1.253612419e-09,204.635598,204.635598,LVT
1.03,18,1.4804714e-09,1.267883473e-09,212.587927,212.587927,LVT
1.03,19,1.502699087e-09,1.282055423e-09,220.643664,220.643664,LVT
1.03,20,1.525160073e-09,1.296232173e-09,228.9279,228.9279,LVT
1.03,21,1.547333908e-09,1.310449739e-09,236.884169,236.884169,LVT
1.03,22,1.569720968e-09,1.324698139e-09,245.022829,245.022829,LVT
1.03,23,1.591930193e-09,1.338938082e-09,252.992111,252.992111,LVT
1.03,24,1.614239912e-09,1.353198366e-09,261.041546,261.041546,LVT
1.03,25,1.636575875e-09,1.367450747e-09,269.125128,269.125128,LVT
1.03,26,1.658910294e-09,1.381689996e-09,277.220298,277.220298,LVT
1.03,27,1.681287209e-09,1.395897611e-09,285.389598,285.389598,LVT
1.03,28,1.703520068e-09,1.410058036e-09,293.462032,293.462032,LVT
1.03,29,1.72431902e-09,1.423011795e-09,301.307225,301.307225,LVT
1.02,0,1.080909658e-09,1.011700336e-09,69.209322,69.209322,LVT
1.02,1,1.103638331e-09,1.026173077e-09,77.465254,77.465254,LVT
1.02,2,1.126450289e-09,1.040686138e-09,85.764151,85.764151,LVT
1.02,3,1.149251275e-09,1.055223081e-09,94.028194,94.028194,LVT
1.02,4,1.172079493e-09,1.069709421e-09,102.370072,102.370072,LVT
1.02,5,1.194901338e-09,1.084231843e-09,110.669495,110.669495,LVT
1.02,6,1.217730468e-09,1.098662476e-09,119.067992,119.067992,LVT
1.02,7,1.240560955e-09,1.113221614e-09,127.339341,127.339341,LVT
1.02,8,1.263370211e-09,1.12768301e-09,135.687201,135.687201,LVT
1.02,9,1.286152397e-09,1.14216286e-09,143.989537,143.989537,LVT
1.02,10,1.308917738e-09,1.156658882e-09,152.258856,152.258856,LVT
1.02,11,1.331794788e-09,1.171108896e-09,160.685892,160.685892,LVT
1.02,12,1.354648074e-09,1.18563669e-09,169.011384,169.011384,LVT
1.02,13,1.377483733e-09,1.200143566e-09,177.340167,177.340167,LVT
1.02,14,1.400302088e-09,1.214603037e-09,185.699051,185.699051,LVT
1.02,15,1.423135281e-09,1.229167005e-09,193.968276,193.968276,LVT
1.02,16,1.445955462e-09,1.243636094e-09,202.319368,202.319368,LVT
1.02,17,1.46874703e-09,1.258080146e-09,210.666884,210.666884,LVT
1.02,18,1.491585324e-09,1.272600767e-09,218.984557,218.984557,LVT
1.02,19,1.51443946e-09,1.287043367e-09,227.396093,227.396093,LVT
1.02,20,1.537198941e-09,1.301385408e-09,235.813533,235.813533,LVT
1.02,21,1.560099437e-09,1.315931908e-09,244.167529,244.167529,LVT
1.02,22,1.582939572e-09,1.330464253e-09,252.475319,252.475319,LVT
1.02,23,1.605741636e-09,1.344942077e-09,260.799559,260.799559,LVT
1.02,24,1.628570265e-09,1.35944034e-09,269.129925,269.129925,LVT
1.02,25,1.651359882e-09,1.37394874e-09,277.411142,277.411142,LVT
1.02,26,1.674237711e-09,1.388424713e-09,285.812998,285.812998,LVT
1.02,27,1.697112143e-09,1.402883097e-09,294.229046,294.229046,LVT
1.02,28,1.719881232e-09,1.417323658e-09,302.557574,302.557574,LVT
1.02,29,1.741101799e-09,1.430535174e-09,310.566625,310.566625,LVT
1.01,0,1.082762434e-09,1.011903751e-09,70.858683,70.858683,LVT
1.01,1,1.106081711e-09,1.026655412e-09,79.426299,79.426299,LVT
1.01,2,1.12942968e-09,1.041438851e-09,87.990829,87.990829,LVT
1.01,3,1.152741212e-09,1.056217789e-09,96.523423,96.523423,LVT
1.01,4,1.176113585e-09,1.070944602e-09,105.168983,105.168983,LVT
1.01,5,1.199454655e-09,1.085761371e-09,113.693284,113.693284,LVT
1.01,6,1.222805304e-09,1.100472492e-09,122.332812,122.332812,LVT
1.01,7,1.246128274e-09,1.115183254e-09,130.94502,130.94502,LVT
1.01,8,1.26949736e-09,1.129991044e-09,139.506316,139.506316,LVT
1.01,9,1.292870309e-09,1.144678397e-09,148.191912,148.191912,LVT
1.01,10,1.3162637e-09,1.159473323e-09,156.790377,156.790377,LVT
1.01,11,1.339623233e-09,1.174165994e-09,165.457239,165.457239,LVT
1.01,12,1.363071417e-09,1.188995961e-09,174.075456,174.075456,LVT
1.01,13,1.386452467e-09,1.203751089e-09,182.701378,182.701378,LVT
1.01,14,1.409861785e-09,1.218381702e-09,191.480083,191.480083,LVT
1.01,15,1.433132337e-09,1.23320748e-09,199.924857,199.924857,LVT
1.01,16,1.45658062e-09,1.247851696e-09,208.728924,208.728924,LVT
1.01,17,1.48004268e-09,1.262511386e-09,217.531294,217.531294,LVT
1.01,18,1.50324718e-09,1.277266576e-09,225.980604,225.980604,LVT
1.01,19,1.526690031e-09,1.292028675e-09,234.661356,234.661356,LVT
1.01,20,1.550089001e-09,1.306666393e-09,243.422608,243.422608,LVT
1.01,21,1.573540454e-09,1.321487093e-09,252.053361,252.053361,LVT
1.01,22,1.596791793e-09,1.336222981e-09,260.568812,260.568812,LVT
1.01,23,1.620167309e-09,1.350956892e-09,269.210417,269.210417,LVT
1.01,24,1.643584113e-09,1.36574916e-09,277.834953,277.834953,LVT
1.01,25,1.666916046e-09,1.380464907e-09,286.451139,286.451139,LVT
1.01,26,1.690318e-09,1.39519992e-09,295.11808,295.11808,LVT
1.01,27,1.713614587e-09,1.410010431e-09,303.604156,303.604156,LVT
1.01,28,1.737030923e-09,1.424692173e-09,312.33875,312.33875,LVT
1.01,29,1.758973669e-09,1.438079105e-09,320.894564,320.894564,LVT
1,0,1.084660275e-09,1.012040152e-09,72.620123,72.620123,LVT
1,1,1.108516787e-09,1.027044444e-09,81.472343,81.472343,LVT
1,2,1.132458804e-09,1.042112193e-09,90.346611,90.346611,LVT
1,3,1.156349708e-09,1.057192331e-09,99.157377,99.157377,LVT
1,4,1.180287342e-09,1.072175549e-09,108.111793,108.111793,LVT
1,5,1.204271646e-09,1.08726375e-09,117.007896,117.007896,LVT
1,6,1.228216928e-09,1.102244142e-09,125.972786,125.972786,LVT
1,7,1.252088232e-09,1.117253479e-09,134.834753,134.834753,LVT
1,8,1.276006458e-09,1.132328949e-09,143.677509,143.677509,LVT
1,9,1.299949202e-09,1.147320032e-09,152.62917,152.62917,LVT
1,10,1.323967073e-09,1.162379614e-09,161.587459,161.587459,LVT
1,11,1.347881304e-09,1.177393831e-09,170.487473,170.487473,LVT
1,12,1.37186917e-09,1.192359897e-09,179.509273,179.509273,LVT
1,13,1.395801697e-09,1.20729755e-09,188.504147,188.504147,LVT
1,14,1.419743226e-09,1.222289442e-09,197.453784,197.453784,LVT
1,15,1.443706922e-09,1.237360467e-09,206.346455,206.346455,LVT
1,16,1.467753962e-09,1.25233087e-09,215.423092,215.423092,LVT
1,17,1.491648187e-09,1.267335499e-09,224.312688,224.312688,LVT
1,18,1.515625377e-09,1.28243142e-09,233.193957,233.193957,LVT
1,19,1.539566871e-09,1.297371897e-09,242.194974,242.194974,LVT
1,20,1.563489287e-09,1.312362929e-09,251.126358,251.126358,LVT
1,21,1.587447213e-09,1.327436244e-09,260.010969,260.010969,LVT
1,22,1.611423583e-09,1.342427134e-09,268.996449,268.996449,LVT
1,23,1.635341319e-09,1.357472776e-09,277.868543,277.868543,LVT
1,24,1.659209361e-09,1.37252097e-09,286.688391,286.688391,LVT
1,25,1.683191712e-09,1.387508372e-09,295.68334,295.68334,LVT
1,26,1.70713827e-09,1.402589974e-09,304.548296,304.548296,LVT
1,27,1.731116997e-09,1.417552859e-09,313.564138,313.564138,LVT
1,28,1.755015621e-09,1.43254277e-09,322.472851,322.472851,LVT
1,29,1.777246189e-09,1.446209456e-09,331.036733,331.036733,LVT
0.99,0,1.086409204e-09,1.012020543e-09,74.388661,74.388661,LVT
0.99,1,1.110830167e-09,1.027351647e-09,83.47852,83.47852,LVT
0.99,2,1.135384378e-09,1.042683296e-09,92.701082,92.701082,LVT
0.99,3,1.159924879e-09,1.058007155e-09,101.917724,101.917724,LVT
0.99,4,1.184472246e-09,1.073276553e-09,111.195693,111.195693,LVT
0.99,5,1.209052269e-09,1.088661151e-09,120.391118,120.391118,LVT
0.99,6,1.233569432e-09,1.103908912e-09,129.66052,129.66052,LVT
0.99,7,1.258042137e-09,1.119201495e-09,138.840642,138.840642,LVT
0.99,8,1.282629095e-09,1.134576215e-09,148.05288,148.05288,LVT
0.99,9,1.307122577e-09,1.149856577e-09,157.266,157.266,LVT
0.99,10,1.331706681e-09,1.165195996e-09,166.510685,166.510685,LVT
0.99,11,1.356327842e-09,1.180493143e-09,175.834699,175.834699,LVT
0.99,12,1.380795424e-09,1.195758784e-09,185.03664,185.03664,LVT
0.99,13,1.405372041e-09,1.211132038e-09,194.240003,194.240003,LVT
0.99,14,1.429936297e-09,1.22639511e-09,203.541187,203.541187,LVT
0.99,15,1.454473517e-09,1.241693119e-09,212.780398,212.780398,LVT
0.99,16,1.479070927e-09,1.256933907e-09,222.13702,222.13702,LVT
0.99,17,1.503660517e-09,1.272224039e-09,231.436478,231.436478,LVT
0.99,18,1.528284122e-09,1.287574777e-09,240.709345,240.709345,LVT
0.99,19,1.552832297e-09,1.302785429e-09,250.046868,250.046868,LVT
0.99,20,1.577424834e-09,1.318160753e-09,259.264081,259.264081,LVT
0.99,21,1.601955536e-09,1.333531756e-09,268.42378,268.42378,LVT
0.99,22,1.626504548e-09,1.34878448e-09,277.720068,277.720068,LVT
0.99,23,1.651078464e-09,1.364125232e-09,286.953232,286.953232,LVT
0.99,24,1.675719138e-09,1.37944834e-09,296.270798,296.270798,LVT
0.99,25,1.700038577e-09,1.394732268e-09,305.306309,305.306309,LVT
0.99,26,1.724542101e-09,1.41008025e-09,314.461851,314.461851,LVT
0.99,27,1.749115963e-09,1.425298466e-09,323.817497,323.817497,LVT
0.99,28,1.773671692e-09,1.440503316e-09,333.168376,333.168376,LVT
0.99,29,1.796808945e-09,1.454369683e-09,342.439262,342.439262,LVT
0.98,0,1.088647954e-09,1.012218509e-09,76.429445,76.429445,LVT
0.98,1,1.113798172e-09,1.027851136e-09,85.947036,85.947036,LVT
0.98,2,1.138880125e-09,1.043496624e-09,95.383501,95.383501,LVT
0.98,3,1.164063937e-09,1.059108095e-09,104.955842,104.955842,LVT
0.98,4,1.189302361e-09,1.074716209e-09,114.586152,114.586152,LVT
0.98,5,1.214494387e-09,1.090373826e-09,124.120561,124.120561,LVT
0.98,6,1.239625737e-09,1.105919385e-09,133.706352,133.706352,LVT
0.98,7,1.264792343e-09,1.121511408e-09,143.280935,143.280935,LVT
0.98,8,1.289941811e-09,1.13717579e-09,152.766021,152.766021,LVT
0.98,9,1.315139367e-09,1.152758036e-09,162.381331,162.381331,LVT
0.98,10,1.340356819e-09,1.168406359e-09,171.95046,171.95046,LVT
0.98,11,1.365466049e-09,1.183996576e-09,181.469473,181.469473,LVT
0.98,12,1.390684163e-09,1.199574829e-09,191.109334,191.109334,LVT
0.98,13,1.415824308e-09,1.215236851e-09,200.587457,200.587457,LVT
0.98,14,1.441085536e-09,1.230800641e-09,210.284895,210.284895,LVT
0.98,15,1.466179584e-09,1.246413208e-09,219.766376,219.766376,LVT
0.98,16,1.491424742e-09,1.261920574e-09,229.504168,229.504168,LVT
0.98,17,1.516626444e-09,1.277549045e-09,239.077399,239.077399,LVT
0.98,18,1.541762504e-09,1.29315322e-09,248.609284,248.609284,LVT
0.98,19,1.566959221e-09,1.308689084e-09,258.270137,258.270137,LVT
0.98,20,1.592222922e-09,1.324309615e-09,267.913307,267.913307,LVT
0.98,21,1.617299185e-09,1.33998407e-09,277.315115,277.315115,LVT
0.98,22,1.642523964e-09,1.35556977e-09,286.954194,286.954194,LVT
0.98,23,1.66751226e-09,1.37112839e-09,296.38387,296.38387,LVT
0.98,24,1.692607964e-09,1.386748427e-09,305.859537,305.859537,LVT
0.98,25,1.717806884e-09,1.402359775e-09,315.447109,315.447109,LVT
0.98,26,1.743018071e-09,1.417914236e-09,325.103835,325.103835,LVT
0.98,27,1.768259511e-09,1.43342967e-09,334.829841,334.829841,LVT
0.98,28,1.793426934e-09,1.449019757e-09,344.407177,344.407177,LVT
0.98,29,1.817024631e-09,1.463206614e-09,353.818017,353.818017,LVT
0.97,0,1.091108053e-09,1.012581821e-09,78.526232,78.526232,LVT
0.97,1,1.116872388e-09,1.028509687e-09,88.362701,88.362701,LVT
0.97,2,1.142683536e-09,1.044473611e-09,98.209925,98.209925,LVT
0.97,3,1.168570673e-09,1.06041503e-09,108.155643,108.155643,LVT
0.97,4,1.194442341e-09,1.076300363e-09,118.141978,118.141978,LVT
0.97,5,1.220233548e-09,1.09228255e-09,127.950998,127.950998,LVT
0.97,6,1.246115829e-09,1.108151318e-09,137.964511,137.964511,LVT
0.97,7,1.271975095e-09,1.124103114e-09,147.871981,147.871981,LVT
0.97,8,1.297793292e-09,1.139992073e-09,157.801219,157.801219,LVT
0.97,9,1.323738609e-09,1.155924099e-09,167.81451,167.81451,LVT
0.97,10,1.349588416e-09,1.171838492e-09,177.749924,177.749924,LVT
0.97,11,1.375472784e-09,1.187711581e-09,187.761203,187.761203,LVT
0.97,12,1.401365083e-09,1.203670521e-09,197.694562,197.694562,LVT
0.97,13,1.427245944e-09,1.219508817e-09,207.737127,207.737127,LVT
0.97,14,1.453054002e-09,1.235383228e-09,217.670774,217.670774,LVT
0.97,15,1.478894463e-09,1.251362956e-09,227.531507,227.531507,LVT
0.97,16,1.50473493e-09,1.267220967e-09,237.513963,237.513963,LVT
0.97,17,1.53070998e-09,1.283046067e-09,247.663913,247.663913,LVT
0.97,18,1.556476429e-09,1.298972755e-09,257.503674,257.503674,LVT
0.97,19,1.582335149e-09,1.314898461e-09,267.436688,267.436688,LVT
0.97,20,1.608271804e-09,1.330823856e-09,277.447948,277.447948,LVT
0.97,21,1.63404974e-09,1.34677883e-09,287.27091,287.27091,LVT
0.97,22,1.659863518e-09,1.362676098e-09,297.18742,297.18742,LVT
0.97,23,1.685783534e-09,1.378650664e-09,307.13287,307.13287,LVT
0.97,24,1.711669521e-09,1.39452638e-09,317.143141,317.143141,LVT
0.97,25,1.737470257e-09,1.41042668e-09,327.043577,327.043577,LVT
0.97,26,1.763386153e-09,1.426407115e-09,336.979038,336.979038,LVT
0.97,27,1.789338697e-09,1.442197702e-09,347.140995,347.140995,LVT
0.97,28,1.814904227e-09,1.458021404e-09,356.882823,356.882823,LVT
0.97,29,1.839213247e-09,1.472461808e-09,366.751439,366.751439,LVT
0.96,0,1.093448124e-09,1.01274023e-09,80.707894,80.707894,LVT
0.96,1,1.119877683e-09,1.028986856e-09,90.890827,90.890827,LVT
0.96,2,1.146443635e-09,1.045278347e-09,101.165288,101.165288,LVT
0.96,3,1.172981357e-09,1.061548611e-09,111.432746,111.432746,LVT
0.96,4,1.199594471e-09,1.077744435e-09,121.850036,121.850036,LVT
0.96,5,1.226145687e-09,1.094054705e-09,132.090982,132.090982,LVT
0.96,6,1.25274829e-09,1.110256609e-09,142.491681,142.491681,LVT
0.96,7,1.27927254e-09,1.126541475e-09,152.731065,152.731065,LVT
0.96,8,1.305846559e-09,1.142721434e-09,163.125125,163.125125,LVT
0.96,9,1.332474929e-09,1.159036922e-09,173.438007,173.438007,LVT
0.96,10,1.359046444e-09,1.175214731e-09,183.831713,183.831713,LVT
0.96,11,1.385658369e-09,1.191471163e-09,194.187206,194.187206,LVT
0.96,12,1.412277689e-09,1.207696554e-09,204.581135,204.581135,LVT
0.96,13,1.438771e-09,1.223995942e-09,214.775058,214.775058,LVT
0.96,14,1.465316399e-09,1.240230785e-09,225.085614,225.085614,LVT
0.96,15,1.4919278e-09,1.256436644e-09,235.491156,235.491156,LVT
0.96,16,1.518490959e-09,1.272758671e-09,245.732288,245.732288,LVT
0.96,17,1.545100734e-09,1.288979637e-09,256.121097,256.121097,LVT
0.96,18,1.571602902e-09,1.305120862e-09,266.48204,266.48204,LVT
0.96,19,1.598179088e-09,1.321445673e-09,276.733415,276.733415,LVT
0.96,20,1.624814858e-09,1.337719453e-09,287.095405,287.095405,LVT
0.96,21,1.651329215e-09,1.35394985e-09,297.379365,297.379365,LVT
0.96,22,1.677856325e-09,1.370169625e-09,307.6867,307.6867,LVT
0.96,23,1.704459684e-09,1.386280512e-09,318.179172,318.179172,LVT
0.96,24,1.731043483e-09,1.402558705e-09,328.484778,328.484778,LVT
0.96,25,1.757583203e-09,1.418795677e-09,338.787526,338.787526,LVT
0.96,26,1.784129184e-09,1.435014972e-09,349.114212,349.114212,LVT
0.96,27,1.810810254e-09,1.451255517e-09,359.554737,359.554737,LVT
0.96,28,1.837155087e-09,1.467477588e-09,369.677499,369.677499,LVT
0.96,29,1.862049858e-09,1.482076938e-09,379.97292,379.97292,LVT
0.95,0,1.095891858e-09,1.012927351e-09,82.964507,82.964507,LVT
0.95,1,1.123069275e-09,1.02949334e-09,93.575935,93.575935,LVT
0.95,2,1.150357289e-09,1.04613312e-09,104.224169,104.224169,LVT
0.95,3,1.177683904e-09,1.062772055e-09,114.911849,114.911849,LVT
0.95,4,1.205068462e-09,1.07928958e-09,125.778882,125.778882,LVT
0.95,5,1.232319447e-09,1.095930244e-09,136.389203,136.389203,LVT
0.95,6,1.259646822e-09,1.112457602e-09,147.18922,147.18922,LVT
0.95,7,1.286963307e-09,1.129084503e-09,157.878804,157.878804,LVT
0.95,8,1.314334239e-09,1.145662485e-09,168.671754,168.671754,LVT
0.95,9,1.341698213e-09,1.162261038e-09,179.437175,179.437175,LVT
0.95,10,1.369010705e-09,1.178845723e-09,190.164982,190.164982,LVT
0.95,11,1.396267455e-09,1.195429711e-09,200.837744,200.837744,LVT
0.95,12,1.423572795e-09,1.211999758e-09,211.573037,211.573037,LVT
0.95,13,1.450907006e-09,1.22861214e-09,222.294866,222.294866,LVT
0.95,14,1.478211794e-09,1.245181608e-09,233.030186,233.030186,LVT
0.95,15,1.505484775e-09,1.261782358e-09,243.702417,243.702417,LVT
0.95,16,1.532885158e-09,1.278317122e-09,254.568036,254.568036,LVT
0.95,17,1.560180064e-09,1.29491382e-09,265.266244,265.266244,LVT
0.95,18,1.587574068e-09,1.311486418e-09,276.08765,276.08765,LVT
0.95,19,1.614746586e-09,1.328076632e-09,286.669954,286.669954,LVT
0.95,20,1.642019776e-09,1.344737087e-09,297.282689,297.282689,LVT
0.95,21,1.669374638e-09,1.361233732e-09,308.140906,308.140906,LVT
0.95,22,1.69677374e-09,1.377917291e-09,318.856449,318.856449,LVT
0.95,23,1.724124287e-09,1.394471371e-09,329.652916,329.652916,LVT
0.95,24,1.751452689e-09,1.411004276e-09,340.448413,340.448413,LVT
0.95,25,1.778753953e-09,1.427578292e-09,351.175661,351.175661,LVT
0.95,26,1.806053256e-09,1.444179168e-09,361.874088,361.874088,LVT
0.95,27,1.833498168e-09,1.460726806e-09,372.771362,372.771362,LVT
0.95,28,1.860573768e-09,1.477386381e-09,383.187387,383.187387,LVT
0.95,29,1.886246094e-09,1.492458455e-09,393.787639,393.787639,LVT
0.94,0,1.098668294e-09,1.013223175e-09,85.445119,85.445119,LVT
0.94,1,1.126646768e-09,1.030173876e-09,96.472892,96.472892,LVT
0.94,2,1.154774371e-09,1.047174656e-09,107.599715,107.599715,LVT
0.94,3,1.182851611e-09,1.064069243e-09,118.782368,118.782368,LVT
0.94,4,1.210972424e-09,1.081028819e-09,129.943605,129.943605,LVT
0.94,5,1.239133183e-09,1.098041406e-09,141.091777,141.091777,LVT
0.94,6,1.267238052e-09,1.114921449e-09,152.316603,152.316603,LVT
0.94,7,1.29537996e-09,1.131896726e-09,163.483234,163.483234,LVT
0.94,8,1.3235594e-09,1.148861383e-09,174.698017,174.698017,LVT
0.94,9,1.351723495e-09,1.16578612e-09,185.937375,185.937375,LVT
0.94,10,1.379825142e-09,1.182747326e-09,197.077816,197.077816,LVT
0.94,11,1.407973313e-09,1.199715508e-09,208.257805,208.257805,LVT
0.94,12,1.436080187e-09,1.216631706e-09,219.448481,219.448481,LVT
0.94,13,1.464220757e-09,1.233609357e-09,230.6114,230.6114,LVT
0.94,14,1.492316889e-09,1.250529396e-09,241.787493,241.787493,LVT
0.94,15,1.520489556e-09,1.267506747e-09,252.982809,252.982809,LVT
0.94,16,1.548698978e-09,1.284357227e-09,264.341751,264.341751,LVT
0.94,17,1.576739757e-09,1.301262224e-09,275.477533,275.477533,LVT
0.94,18,1.604847338e-09,1.318347242e-09,286.500096,286.500096,LVT
0.94,19,1.633025045e-09,1.335256178e-09,297.768867,297.768867,LVT
0.94,20,1.66126482e-09,1.352255471e-09,309.009349,309.009349,LVT
0.94,21,1.689246297e-09,1.369161898e-09,320.084399,320.084399,LVT
0.94,22,1.7171762e-09,1.386147277e-09,331.028923,331.028923,LVT
0.94,23,1.745282625e-09,1.403063248e-09,342.219377,342.219377,LVT
0.94,24,1.773438975e-09,1.419896727e-09,353.542248,353.542248,LVT
0.94,25,1.80163577e-09,1.436847159e-09,364.788611,364.788611,LVT
0.94,26,1.829794442e-09,1.453819566e-09,375.974876,375.974876,LVT
0.94,27,1.857899243e-09,1.47075667e-09,387.142573,387.142573,LVT
0.94,28,1.886029629e-09,1.487667736e-09,398.361893,398.361893,LVT
0.94,29,1.912467492e-09,1.503049239e-09,409.418253,409.418253,LVT
0.93,0,1.101542029e-09,1.013490409e-09,88.05162,88.05162,LVT
0.93,1,1.130377733e-09,1.030833478e-09,99.544255,99.544255,LVT
0.93,2,1.159414676e-09,1.048209708e-09,111.204968,111.204968,LVT
0.93,3,1.188286641e-09,1.065484138e-09,122.802503,122.802503,LVT
0.93,4,1.217307991e-09,1.082826199e-09,134.481792,134.481792,LVT
0.93,5,1.246330504e-09,1.100225493e-09,146.105011,146.105011,LVT
0.93,6,1.275204609e-09,1.117494813e-09,157.709796,157.709796,LVT
0.93,7,1.304198372e-09,1.134817854e-09,169.380518,169.380518,LVT
0.93,8,1.333300114e-09,1.152127333e-09,181.172781,181.172781,LVT
0.93,9,1.362218015e-09,1.169478678e-09,192.739337,192.739337,LVT
0.93,10,1.391192954e-09,1.186815902e-09,204.377052,204.377052,LVT
0.93,11,1.420187563e-09,1.204127583e-09,216.05998,216.05998,LVT
0.93,12,1.449196188e-09,1.221479076e-09,227.717112,227.717112,LVT
0.93,13,1.478224666e-09,1.238785207e-09,239.439459,239.439459,LVT
0.93,14,1.507169997e-09,1.256128545e-09,251.041452,251.041452,LVT
0.93,15,1.536182067e-09,1.273464126e-09,262.717941,262.717941,LVT
0.93,16,1.565142983e-09,1.290731111e-09,274.411872,274.411872,LVT
0.93,17,1.594149013e-09,1.307997107e-09,286.151906,286.151906,LVT
0.93,18,1.623098226e-09,1.325346313e-09,297.751913,297.751913,LVT
0.93,19,1.652157283e-09,1.34274687e-09,309.410413,309.410413,LVT
0.93,20,1.680981083e-09,1.359979818e-09,321.001265,321.001265,LVT
0.93,21,1.709979996e-09,1.377372445e-09,332.607551,332.607551,LVT
0.93,22,1.739044988e-09,1.394644916e-09,344.400072,344.400072,LVT
0.93,23,1.768056526e-09,1.41199037e-09,356.066156,356.066156,LVT
0.93,24,1.797060978e-09,1.429294161e-09,367.766817,367.766817,LVT
0.93,25,1.826011905e-09,1.446558689e-09,379.453216,379.453216,LVT
0.93,26,1.854995065e-09,1.463805208e-09,391.189857,391.189857,LVT
0.93,27,1.883941805e-09,1.481119986e-09,402.821819,402.821819,LVT
0.93,28,1.913039572e-09,1.498425732e-09,414.61384,414.61384,LVT
0.93,29,1.940107123e-09,1.514111278e-09,425.995845,425.995845,LVT
0.92,0,1.104579496e-09,1.013823531e-09,90.755965,90.755965,LVT
0.92,1,1.134338733e-09,1.031561614e-09,102.777119,102.777119,LVT
0.92,2,1.164327389e-09,1.049349614e-09,114.977775,114.977775,LVT
0.92,3,1.194103798e-09,1.067045524e-09,127.058274,127.058274,LVT
0.92,4,1.22397856e-09,1.084764966e-09,139.213594,139.213594,LVT
0.92,5,1.253875946e-09,1.102539717e-09,151.336229,151.336229,LVT
0.92,6,1.283739713e-09,1.120233749e-09,163.505964,163.505964,LVT
0.92,7,1.313597883e-09,1.137901857e-09,175.696026,175.696026,LVT
0.92,8,1.34349034e-09,1.15563734e-09,187.853,187.853,LVT
0.92,9,1.373408298e-09,1.17332645e-09,200.081848,200.081848,LVT
0.92,10,1.403301354e-09,1.191085014e-09,212.21634,212.21634,LVT
0.92,11,1.433169635e-09,1.208780363e-09,224.389272,224.389272,LVT
0.92,12,1.463022628e-09,1.226516773e-09,236.505855,236.505855,LVT
0.92,13,1.492943106e-09,1.244225094e-09,248.718012,248.718012,LVT
0.92,14,1.522825148e-09,1.261900564e-09,260.924584,260.924584,LVT
0.92,15,1.552820423e-09,1.279546501e-09,273.273922,273.273922,LVT
0.92,16,1.58268285e-09,1.297288698e-09,285.394152,285.394152,LVT
0.92,17,1.612535218e-09,1.315026419e-09,297.508799,297.508799,LVT
0.92,18,1.642483317e-09,1.332761774e-09,309.721543,309.721543,LVT
0.92,19,1.672339681e-09,1.350513374e-09,321.826307,321.826307,LVT
0.92,20,1.702206885e-09,1.36820063e-09,334.006255,334.006255,LVT
0.92,21,1.732205045e-09,1.38594598e-09,346.259065,346.259065,LVT
0.92,22,1.762000859e-09,1.403649605e-09,358.351254,358.351254,LVT
0.92,23,1.791725838e-09,1.421295951e-09,370.429887,370.429887,LVT
0.92,24,1.821423356e-09,1.439012766e-09,382.41059,382.41059,LVT
0.92,25,1.851329424e-09,1.456847628e-09,394.481796,394.481796,LVT
0.92,26,1.881296722e-09,1.474518327e-09,406.778395,406.778395,LVT
0.92,27,1.911186317e-09,1.492213334e-09,418.972983,418.972983,LVT
0.92,28,1.940998698e-09,1.509915194e-09,431.083504,431.083504,LVT
0.92,29,1.969020454e-09,1.526163168e-09,442.857286,442.857286,LVT
0.91,0,1.107940169e-09,1.014017855e-09,93.922314,93.922314,LVT
0.91,1,1.138653718e-09,1.032156594e-09,106.497124,106.497124,LVT
0.91,2,1.169546061e-09,1.05035407e-09,119.191991,119.191991,LVT
0.91,3,1.200378732e-09,1.068516589e-09,131.862143,131.862143,LVT
0.91,4,1.231231466e-09,1.086555483e-09,144.675983,144.675983,LVT
0.91,5,1.26201977e-09,1.10477384e-09,157.24593,157.24593,LVT
0.91,6,1.292953695e-09,1.122866006e-09,170.087689,170.087689,LVT
0.91,7,1.323789411e-09,1.141044664e-09,182.744747,182.744747,LVT
0.91,8,1.354588175e-09,1.159134952e-09,195.453223,195.453223,LVT
0.91,9,1.385512352e-09,1.177313156e-09,208.199196,208.199196,LVT
0.91,10,1.416330556e-09,1.195440226e-09,220.89033,220.89033,LVT
0.91,11,1.447149829e-09,1.213584578e-09,233.565251,233.565251,LVT
0.91,12,1.478032882e-09,1.23171258e-09,246.320302,246.320302,LVT
0.91,13,1.50884236e-09,1.24972179e-09,259.12057,259.12057,LVT
0.91,14,1.539695793e-09,1.267919812e-09,271.775981,271.775981,LVT
0.91,15,1.570599598e-09,1.286053529e-09,284.546069,284.546069,LVT
0.91,16,1.601503058e-09,1.30403522e-09,297.467838,297.467838,LVT
0.91,17,1.632289245e-09,1.322358076e-09,309.931169,309.931169,LVT
0.91,18,1.663094561e-09,1.340432915e-09,322.661646,322.661646,LVT
0.91,19,1.694024938e-09,1.358564436e-09,335.460502,335.460502,LVT
0.91,20,1.724794749e-09,1.376677868e-09,348.116881,348.116881,LVT
0.91,21,1.75567829e-09,1.394772875e-09,360.905415,360.905415,LVT
0.91,22,1.786563063e-09,1.412971555e-09,373.591508,373.591508,LVT
0.91,23,1.817444254e-09,1.431050565e-09,386.393689,386.393689,LVT
0.91,24,1.848200644e-09,1.449109833e-09,399.090811,399.090811,LVT
0.91,25,1.879052145e-09,1.467214384e-09,411.837761,411.837761,LVT
0.91,26,1.910027881e-09,1.48535541e-09,424.672471,424.672471,LVT
0.91,27,1.940670229e-09,1.503431247e-09,437.238982,437.238982,LVT
0.91,28,1.971571889e-09,1.521655722e-09,449.916167,449.916167,LVT
0.91,29,2.000543302e-09,1.538222045e-09,462.321257,462.321257,LVT
0.9,0,1.111377152e-09,1.014358427e-09,97.018725,97.018725,LVT
0.9,1,1.143216705e-09,1.03293924e-09,110.277465,110.277465,LVT
0.9,2,1.175040573e-09,1.051581662e-09,123.458911,123.458911,LVT
0.9,3,1.206903529e-09,1.070175496e-09,136.728033,136.728033,LVT
0.9,4,1.238832643e-09,1.088715042e-09,150.117601,150.117601,LVT
0.9,5,1.270618807e-09,1.107331078e-09,163.287729,163.287729,LVT
0.9,6,1.302479088e-09,1.125898727e-09,176.580361,176.580361,LVT
0.9,7,1.334448235e-09,1.144485684e-09,189.962551,189.962551,LVT
0.9,8,1.366291953e-09,1.163035444e-09,203.256509,203.256509,LVT
0.9,9,1.398200974e-09,1.181621105e-09,216.579869,216.579869,LVT
0.9,10,1.430151131e-09,1.200263938e-09,229.887193,229.887193,LVT
0.9,11,1.461928536e-09,1.218648216e-09,243.28032,243.28032,LVT
0.9,12,1.493841887e-09,1.237286218e-09,256.555669,256.555669,LVT
0.9,13,1.525672718e-09,1.255880044e-09,269.792674,269.792674,LVT
0.9,14,1.557520696e-09,1.274362147e-09,283.158549,283.158549,LVT
0.9,15,1.589565473e-09,1.292894121e-09,296.671352,296.671352,LVT
0.9,16,1.621398266e-09,1.311495925e-09,309.902341,309.902341,LVT
0.9,17,1.653389994e-09,1.330130766e-09,323.259228,323.259228,LVT
0.9,18,1.685070149e-09,1.348687798e-09,336.382351,336.382351,LVT
0.9,19,1.716960359e-09,1.36722909e-09,349.731269,349.731269,LVT
0.9,20,1.748717149e-09,1.385909349e-09,362.8078,362.8078,LVT
0.9,21,1.780523489e-09,1.40449943e-09,376.024059,376.024059,LVT
0.9,22,1.812435911e-09,1.423000248e-09,389.435663,389.435663,LVT
0.9,23,1.844346078e-09,1.44166453e-09,402.681548,402.681548,LVT
0.9,24,1.876248311e-09,1.460309009e-09,415.939302,415.939302,LVT
0.9,25,1.908060339e-09,1.478797453e-09,429.262886,429.262886,LVT
0.9,26,1.939972436e-09,1.497500873e-09,442.471563,442.471563,LVT
0.9,27,1.971812916e-09,1.515886453e-09,455.926463,455.926463,LVT
0.9,28,2.003802194e-09,1.534519788e-09,469.282406,469.282406,LVT
0.9,29,2.033784808e-09,1.55141782e-09,482.366988,482.366988,LVT
0.89,0,1.115128202e-09,1.014668562e-09,100.45964,100.45964,LVT
0.89,1,1.147986393e-09,1.033738322e-09,114.248071,114.248071,LVT
0.89,2,1.180916975e-09,1.052815404e-09,128.101571,128.101571,LVT
0.89,3,1.213996717e-09,1.071869598e-09,142.127119,142.127119,LVT
0.89,4,1.246885154e-09,1.090905965e-09,155.979189,155.979189,LVT
0.89,5,1.27987088e-09,1.109955439e-09,169.915441,169.915441,LVT
0.89,6,1.312787671e-09,1.12905823e-09,183.729441,183.729441,LVT
0.89,7,1.345787422e-09,1.148058285e-09,197.729137,197.729137,LVT
0.89,8,1.378795124e-09,1.167128744e-09,211.66638,211.66638,LVT
0.89,9,1.411781689e-09,1.186207396e-09,225.574293,225.574293,LVT
0.89,10,1.444777259e-09,1.205190313e-09,239.586946,239.586946,LVT
0.89,11,1.477725869e-09,1.224232274e-09,253.493595,253.493595,LVT
0.89,12,1.510655428e-09,1.243268367e-09,267.387061,267.387061,LVT
0.89,13,1.543633359e-09,1.262246978e-09,281.386381,281.386381,LVT
0.89,14,1.576677851e-09,1.281262599e-09,295.415252,295.415252,LVT
0.89,15,1.609523741e-09,1.300235083e-09,309.288658,309.288658,LVT
0.89,16,1.642412559e-09,1.319361554e-09,323.051005,323.051005,LVT
0.89,17,1.675318671e-09,1.338429416e-09,336.889255,336.889255,LVT
0.89,18,1.708381616e-09,1.357519201e-09,350.862415,350.862415,LVT
0.89,19,1.74129778e-09,1.376516562e-09,364.781218,364.781218,LVT
0.89,20,1.774230889e-09,1.395419334e-09,378.811555,378.811555,LVT
0.89,21,1.807355164e-09,1.414564052e-09,392.791112,392.791112,LVT
0.89,22,1.840043282e-09,1.433545077e-09,406.498205,406.498205,LVT
0.89,23,1.872903049e-09,1.452514301e-09,420.388748,420.388748,LVT
0.89,24,1.905842041e-09,1.471645328e-09,434.196713,434.196713,LVT
0.89,25,1.938560043e-09,1.490662618e-09,447.897425,447.897425,LVT
0.89,26,1.971734326e-09,1.509605513e-09,462.128813,462.128813,LVT
0.89,27,2.004688882e-09,1.528741511e-09,475.947371,475.947371,LVT
0.89,28,2.037598382e-09,1.54769736e-09,489.901022,489.901022,LVT
0.89,29,2.068782607e-09,1.565120739e-09,503.661868,503.661868,LVT
0.88,0,1.119024817e-09,1.014947399e-09,104.077418,104.077418,LVT
0.88,1,1.153103469e-09,1.034464892e-09,118.638577,118.638577,LVT
0.88,2,1.18725113e-09,1.054066473e-09,133.184657,133.184657,LVT
0.88,3,1.221433788e-09,1.073593128e-09,147.84066,147.84066,LVT
0.88,4,1.255538151e-09,1.093124027e-09,162.414124,162.414124,LVT
0.88,5,1.28970944e-09,1.1126526e-09,177.05684,177.05684,LVT
0.88,6,1.323788148e-09,1.132272239e-09,191.515909,191.515909,LVT
0.88,7,1.358026026e-09,1.151775236e-09,206.25079,206.25079,LVT
0.88,8,1.392138151e-09,1.171309219e-09,220.828932,220.828932,LVT
0.88,9,1.426271707e-09,1.190911261e-09,235.360446,235.360446,LVT
0.88,10,1.460474552e-09,1.210353281e-09,250.121271,250.121271,LVT
0.88,11,1.494537099e-09,1.229861089e-09,264.67601,264.67601,LVT
0.88,12,1.52872121e-09,1.249429419e-09,279.291791,279.291791,LVT
0.88,13,1.562898701e-09,1.268933776e-09,293.964925,293.964925,LVT
0.88,14,1.597070855e-09,1.28855674e-09,308.514115,308.514115,LVT
0.88,15,1.631230062e-09,1.307871191e-09,323.358871,323.358871,LVT
0.88,16,1.665309996e-09,1.327458414e-09,337.851582,337.851582,LVT
0.88,17,1.699449793e-09,1.347019954e-09,352.429839,352.429839,LVT
0.88,18,1.733433833e-09,1.366548972e-09,366.884861,366.884861,LVT
0.88,19,1.767541347e-09,1.386090744e-09,381.450603,381.450603,LVT
0.88,20,1.801724084e-09,1.405578021e-09,396.146063,396.146063,LVT
0.88,21,1.835901263e-09,1.425113935e-09,410.787328,410.787328,LVT
0.88,22,1.87007558e-09,1.444590205e-09,425.485375,425.485375,LVT
0.88,23,1.904127422e-09,1.464215599e-09,439.911823,439.911823,LVT
0.88,24,1.938331902e-09,1.483692489e-09,454.639413,454.639413,LVT
0.88,25,1.972488477e-09,1.50309456e-09,469.393917,469.393917,LVT
0.88,26,2.006681192e-09,1.522771916e-09,483.909276,483.909276,LVT
0.88,27,2.040777733e-09,1.542267991e-09,498.509742,498.509742,LVT
0.88,28,2.074915312e-09,1.561884302e-09,513.03101,513.03101,LVT
0.88,29,2.106911271e-09,1.579738333e-09,527.172938,527.172938,LVT
0.87,0,1.123244853e-09,1.015219192e-09,108.025661,108.025661,LVT
0.87,1,1.158463075e-09,1.035308755e-09,123.15432,123.15432,LVT
0.87,2,1.193875956e-09,1.055361337e-09,138.514619,138.514619,LVT
0.87,3,1.229320989e-09,1.075441291e-09,153.879698,153.879698,LVT
0.87,4,1.264776236e-09,1.095573953e-09,169.202283,169.202283,LVT
0.87,5,1.300026802e-09,1.115613132e-09,184.41367,184.41367,LVT
0.87,6,1.335549743e-09,1.135661328e-09,199.888415,199.888415,LVT
0.87,7,1.370977581e-09,1.155710581e-09,215.267,215.267,LVT
0.87,8,1.406507456e-09,1.175736449e-09,230.771007,230.771007,LVT
0.87,9,1.441771653e-09,1.195865699e-09,245.905954,245.905954,LVT
0.87,10,1.477201156e-09,1.215835578e-09,261.365578,261.365578,LVT
0.87,11,1.512491254e-09,1.235933159e-09,276.558095,276.558095,LVT
0.87,12,1.547975598e-09,1.255923539e-09,292.052059,292.052059,LVT
0.87,13,1.583377807e-09,1.276054077e-09,307.32373,307.32373,LVT
0.87,14,1.618790376e-09,1.295938491e-09,322.851885,322.851885,LVT
0.87,15,1.654269066e-09,1.315983809e-09,338.285257,338.285257,LVT
0.87,16,1.689696874e-09,1.336063731e-09,353.633143,353.633143,LVT
0.87,17,1.725146029e-09,1.356170711e-09,368.975318,368.975318,LVT
0.87,18,1.76050061e-09,1.376145024e-09,384.355586,384.355586,LVT
0.87,19,1.79584089e-09,1.396240962e-09,399.599928,399.599928,LVT
0.87,20,1.83120861e-09,1.416253947e-09,414.954663,414.954663,LVT
0.87,21,1.866742899e-09,1.43635426e-09,430.388639,430.388639,LVT
0.87,22,1.902182729e-09,1.456280698e-09,445.902031,445.902031,LVT
0.87,23,1.937629961e-09,1.476278069e-09,461.351892,461.351892,LVT
0.87,24,1.973066642e-09,1.496399133e-09,476.667509,476.667509,LVT
0.87,25,2.008494584e-09,1.516290353e-09,492.204231,492.204231,LVT
0.87,26,2.04380775e-09,1.536369099e-09,507.438651,507.438651,LVT
0.87,27,2.079272855e-09,1.556408021e-09,522.864834,522.864834,LVT
0.87,28,2.1146777e-09,1.576474976e-09,538.202724,538.202724,LVT
0.87,29,2.148235542e-09,1.59486061e-09,553.374932,553.374932,LVT
0.86,0,1.127973929e-09,1.015627594e-09,112.346335,112.346335,LVT
0.86,1,1.164560144e-09,1.036303186e-09,128.256958,128.256958,LVT
0.86,2,1.201373992e-09,1.056941404e-09,144.432588,144.432588,LVT
0.86,3,1.23805024e-09,1.077462403e-09,160.587837,160.587837,LVT
0.86,4,1.274783156e-09,1.098157265e-09,176.625891,176.625891,LVT
0.86,5,1.31150929e-09,1.11869418e-09,192.81511,192.81511,LVT
0.86,6,1.348261369e-09,1.139353498e-09,208.907871,208.907871,LVT
0.86,7,1.385123902e-09,1.159864759e-09,225.259143,225.259143,LVT
0.86,8,1.421847331e-09,1.180528187e-09,241.319144,241.319144,LVT
0.86,9,1.458683726e-09,1.201189537e-09,257.494189,257.494189,LVT
0.86,10,1.495421245e-09,1.221705476e-09,273.715769,273.715769,LVT
0.86,11,1.532174311e-09,1.242385426e-09,289.788885,289.788885,LVT
0.86,12,1.568938881e-09,1.262890142e-09,306.048739,306.048739,LVT
0.86,13,1.605750205e-09,1.283527934e-09,322.222271,322.222271,LVT
0.86,14,1.642563623e-09,1.303958483e-09,338.60514,338.60514,LVT
0.86,15,1.67951297e-09,1.324750196e-09,354.762774,354.762774,LVT
0.86,16,1.716330732e-09,1.345334084e-09,370.996648,370.996648,LVT
0.86,17,1.753083932e-09,1.366016882e-09,387.06705,387.06705,LVT
0.86,18,1.7897636e-09,1.386579765e-09,403.183835,403.183835,LVT
0.86,19,1.826610873e-09,1.407194493e-09,419.41638,419.41638,LVT
0.86,20,1.863249434e-09,1.427716471e-09,435.532963,435.532963,LVT
0.86,21,1.899778948e-09,1.448295448e-09,451.4835,451.4835,LVT
0.86,22,1.936440892e-09,1.468993684e-09,467.447208,467.447208,LVT
0.86,23,1.973190348e-09,1.489459631e-09,483.730717,483.730717,LVT
0.86,24,2.009700422e-09,1.510007181e-09,499.693241,499.693241,LVT
0.86,25,2.046634016e-09,1.530705223e-09,515.928793,515.928793,LVT
0.86,26,2.083452538e-09,1.551332017e-09,532.120521,532.120521,LVT
0.86,27,2.120206096e-09,1.57187878e-09,548.327316,548.327316,LVT
0.86,28,2.156949462e-09,1.592493567e-09,564.455895,564.455895,LVT
0.86,29,2.191721366e-09,1.611371283e-09,580.350083,580.350083,LVT
0.85,0,1.132526868e-09,1.015839442e-09,116.687426,116.687426,LVT
0.85,1,1.170572635e-09,1.037023701e-09,133.548934,133.548934,LVT
0.85,2,1.208741281e-09,1.058226633e-09,150.514648,150.514648,LVT
0.85,3,1.247031898e-09,1.079433525e-09,167.598373,167.598373,LVT
0.85,4,1.285195151e-09,1.100714365e-09,184.480786,184.480786,LVT
0.85,5,1.323516489e-09,1.121896818e-09,201.619671,201.619671,LVT
0.85,6,1.361667534e-09,1.143038213e-09,218.629321,218.629321,LVT
0.85,7,1.399849953e-09,1.16431447e-09,235.535483,235.535483,LVT
0.85,8,1.43812321e-09,1.185421857e-09,252.701353,252.701353,LVT
0.85,9,1.476341117e-09,1.206696968e-09,269.644149,269.644149,LVT
0.85,10,1.51457616e-09,1.227791375e-09,286.784785,286.784785,LVT
0.85,11,1.552726958e-09,1.249030324e-09,303.696634,303.696634,LVT
0.85,12,1.590950534e-09,1.270095723e-09,320.854811,320.854811,LVT
0.85,13,1.629257596e-09,1.291452679e-09,337.804917,337.804917,LVT
0.85,14,1.667626474e-09,1.312616088e-09,355.010386,355.010386,LVT
0.85,15,1.705739361e-09,1.333824137e-09,371.915224,371.915224,LVT
0.85,16,1.744033759e-09,1.355090776e-09,388.942983,388.942983,LVT
0.85,17,1.782184845e-09,1.376181849e-09,406.002996,406.002996,LVT
0.85,18,1.820656896e-09,1.39747433e-09,423.182566,423.182566,LVT
0.85,19,1.858709126e-09,1.418535005e-09,440.174121,440.174121,LVT
0.85,20,1.89683495e-09,1.439740038e-09,457.094912,457.094912,LVT
0.85,21,1.935023474e-09,1.460862235e-09,474.161239,474.161239,LVT
0.85,22,1.973472746e-09,1.482022461e-09,491.450285,491.450285,LVT
0.85,23,2.011704865e-09,1.503098804e-09,508.606061,508.606061,LVT
0.85,24,2.049909391e-09,1.524431425e-09,525.477966,525.477966,LVT
0.85,25,2.088121782e-09,1.545528349e-09,542.593433,542.593433,LVT
0.85,26,2.126337392e-09,1.566802032e-09,559.53536,559.53536,LVT
0.85,27,2.16455508e-09,1.587869684e-09,576.685396,576.685396,LVT
0.85,28,2.202772638e-09,1.609124703e-09,593.647935,593.647935,LVT
0.85,29,2.238942897e-09,1.62840287e-09,610.540027,610.540027,LVT
0.84,0,1.137833271e-09,1.016221337e-09,121.611934,121.611934,LVT
0.84,1,1.177383296e-09,1.038060358e-09,139.322938,139.322938,LVT
0.84,2,1.217168049e-09,1.059904967e-09,157.263082,157.263082,LVT
0.84,3,1.256983936e-09,1.081695896e-09,175.28804,175.28804,LVT
0.84,4,1.296880923e-09,1.103598615e-09,193.282308,193.282308,LVT
0.84,5,1.336670834e-09,1.125407081e-09,211.263753,211.263753,LVT
0.84,6,1.376515236e-09,1.147175936e-09,229.3393,229.3393,LVT
0.84,7,1.416230122e-09,1.169015768e-09,247.214354,247.214354,LVT
0.84,8,1.456007631e-09,1.190876606e-09,265.131025,265.131025,LVT
0.84,9,1.495788269e-09,1.212593469e-09,283.1948,283.1948,LVT
0.84,10,1.535580199e-09,1.234351821e-09,301.228378,301.228378,LVT
0.84,11,1.575408368e-09,1.256166016e-09,319.242352,319.242352,LVT
0.84,12,1.615263576e-09,1.277844226e-09,337.41935,337.41935,LVT
0.84,13,1.654992668e-09,1.299603754e-09,355.388914,355.388914,LVT
0.84,14,1.694894406e-09,1.321478824e-09,373.415582,373.415582,LVT
0.84,15,1.734719297e-09,1.343352035e-09,391.367262,391.367262,LVT
0.84,16,1.774534444e-09,1.365048604e-09,409.48584,409.48584,LVT
0.84,17,1.814337124e-09,1.386958099e-09,427.379025,427.379025,LVT
0.84,18,1.854111393e-09,1.408653641e-09,445.457752,445.457752,LVT
0.84,19,1.893921644e-09,1.430549968e-09,463.371676,463.371676,LVT
0.84,20,1.933784206e-09,1.452175974e-09,481.608232,481.608232,LVT
0.84,21,1.973385904e-09,1.474093805e-09,499.292099,499.292099,LVT
0.84,22,2.013068217e-09,1.495819456e-09,517.248761,517.248761,LVT
0.84,23,2.052894595e-09,1.517578944e-09,535.315651,535.315651,LVT
0.84,24,2.09241283e-09,1.539454316e-09,552.958514,552.958514,LVT
0.84,25,2.132334201e-09,1.561245971e-09,571.08823,571.08823,LVT
0.84,26,2.172287919e-09,1.583009243e-09,589.278676,589.278676,LVT
0.84,27,2.212098392e-09,1.604900325e-09,607.198067,607.198067,LVT
0.84,28,2.251894275e-09,1.626611324e-09,625.282951,625.282951,LVT
0.84,29,2.289507691e-09,1.646600187e-09,642.907504,642.907504,LVT
0.83,0,1.143419269e-09,1.016611014e-09,126.808255,126.808255,LVT
0.83,1,1.184896519e-09,1.039167821e-09,145.728698,145.728698,LVT
0.83,2,1.226244858e-09,1.061615079e-09,164.629779,164.629779,LVT
0.83,3,1.267685021e-09,1.0840394e-09,183.645621,183.645621,LVT
0.83,4,1.309099473e-09,1.106594124e-09,202.505349,202.505349,LVT
0.83,5,1.35071674e-09,1.129059321e-09,221.657419,221.657419,LVT
0.83,6,1.392216009e-09,1.151449747e-09,240.766262,240.766262,LVT
0.83,7,1.433774015e-09,1.173999556e-09,259.774459,259.774459,LVT
0.83,8,1.47516459e-09,1.196386191e-09,278.778399,278.778399,LVT
0.83,9,1.516579538e-09,1.218891088e-09,297.68845,297.68845,LVT
0.83,10,1.55804483e-09,1.241289318e-09,316.755512,316.755512,LVT
0.83,11,1.599628723e-09,1.26377678e-09,335.851943,335.851943,LVT
0.83,12,1.641068318e-09,1.286101972e-09,354.966346,354.966346,LVT
0.83,13,1.682584594e-09,1.308493926e-09,374.090668,374.090668,LVT
0.83,14,1.724213187e-09,1.331078506e-09,393.134681,393.134681,LVT
0.83,15,1.765734672e-09,1.353447559e-09,412.287113,412.287113,LVT
0.83,16,1.807486704e-09,1.375993823e-09,431.492881,431.492881,LVT
0.83,17,1.849017903e-09,1.398351686e-09,450.666217,450.666217,LVT
0.83,18,1.890521998e-09,1.420893875e-09,469.628123,469.628123,LVT
0.83,19,1.931902924e-09,1.443310665e-09,488.592259,488.592259,LVT
0.83,20,1.973524002e-09,1.465729776e-09,507.794226,507.794226,LVT
0.83,21,2.014921926e-09,1.488240551e-09,526.681375,526.681375,LVT
0.83,22,2.056179865e-09,1.510577122e-09,545.602743,545.602743,LVT
0.83,23,2.097549762e-09,1.533151952e-09,564.39781,564.39781,LVT
0.83,24,2.138959466e-09,1.555688153e-09,583.271313,583.271313,LVT
0.83,25,2.180413244e-09,1.578017035e-09,602.396209,602.396209,LVT
0.83,26,2.221871532e-09,1.600568243e-09,621.303289,621.303289,LVT
0.83,27,2.263354781e-09,1.623043144e-09,640.311637,640.311637,LVT
0.83,28,2.305097007e-09,1.6454464e-09,659.650607,659.650607,LVT
0.83,29,2.344332075e-09,1.665982294e-09,678.349781,678.349781,LVT
0.82,0,1.149746943e-09,1.017204279e-09,132.542664,132.542664,LVT
0.82,1,1.192966833e-09,1.040413434e-09,152.553399,152.553399,LVT
0.82,2,1.236276275e-09,1.063624964e-09,172.651311,172.651311,LVT
0.82,3,1.27953775e-09,1.086748472e-09,192.789278,192.789278,LVT
0.82,4,1.322904667e-09,1.10988706e-09,213.017607,213.017607,LVT
0.82,5,1.366185257e-09,1.133136888e-09,233.048369,233.048369,LVT
0.82,6,1.409588924e-09,1.156387348e-09,253.201576,253.201576,LVT
0.82,7,1.452845596e-09,1.179415028e-09,273.430568,273.430568,LVT
0.82,8,1.496216891e-09,1.202685724e-09,293.531167,293.531167,LVT
0.82,9,1.539588878e-09,1.225786067e-09,313.802811,313.802811,LVT
0.82,10,1.582859005e-09,1.248961415e-09,333.89759,333.89759,LVT
0.82,11,1.626096954e-09,1.272217219e-09,353.879735,353.879735,LVT
0.82,12,1.669439349e-09,1.295281342e-09,374.158007,374.158007,LVT
0.82,13,1.712770288e-09,1.318452583e-09,394.317705,394.317705,LVT
0.82,14,1.75610261e-09,1.341585656e-09,414.516954,414.516954,LVT
0.82,15,1.799302222e-09,1.364842847e-09,434.459375,434.459375,LVT
0.82,16,1.842391616e-09,1.388032059e-09,454.359557,454.359557,LVT
0.82,17,1.885562124e-09,1.411123528e-09,474.438596,474.438596,LVT
0.82,18,1.928915892e-09,1.434351671e-09,494.564221,494.564221,LVT
0.82,19,1.972156256e-09,1.457403081e-09,514.753175,514.753175,LVT
0.82,20,2.015763077e-09,1.480662002e-09,535.101075,535.101075,LVT
0.82,21,2.059101645e-09,1.503635053e-09,555.466592,555.466592,LVT
0.82,22,2.102436118e-09,1.526948801e-09,575.487317,575.487317,LVT
0.82,23,2.145772237e-09,1.550057244e-09,595.714993,595.714993,LVT
0.82,24,2.189109915e-09,1.57332481e-09,615.785105,615.785105,LVT
0.82,25,2.232448518e-09,1.59641234e-09,636.036178,636.036178,LVT
0.82,26,2.275787736e-09,1.619657744e-09,656.129992,656.129992,LVT
0.82,27,2.319127401e-09,1.642751584e-09,676.375817,676.375817,LVT
0.82,28,2.362467442e-09,1.665876218e-09,696.591224,696.591224,LVT
0.82,29,2.403497341e-09,1.687221759e-09,716.275582,716.275582,LVT
0.81,0,1.156383354e-09,1.01757803e-09,138.805324,138.805324,LVT
0.81,1,1.201518383e-09,1.041617953e-09,159.90043,159.90043,LVT
0.81,2,1.246787608e-09,1.065490927e-09,181.296681,181.296681,LVT
0.81,3,1.292159562e-09,1.089321832e-09,202.83773,202.83773,LVT
0.81,4,1.337329204e-09,1.113274129e-09,224.055075,224.055075,LVT
0.81,5,1.38263338e-09,1.137246282e-09,245.387098,245.387098,LVT
0.81,6,1.427895262e-09,1.161237959e-09,266.657303,266.657303,LVT
0.81,7,1.473206945e-09,1.185023114e-09,288.183831,288.183831,LVT
0.81,8,1.518473276e-09,1.209038001e-09,309.435275,309.435275,LVT
0.81,9,1.563783275e-09,1.232840398e-09,330.942877,330.942877,LVT
0.81,10,1.609165698e-09,1.256819917e-09,352.345781,352.345781,LVT
0.81,11,1.654483528e-09,1.280644792e-09,373.838736,373.838736,LVT
0.81,12,1.699747042e-09,1.304425713e-09,395.321329,395.321329,LVT
0.81,13,1.74512948e-09,1.328496806e-09,416.632674,416.632674,LVT
0.81,14,1.790344156e-09,1.352356194e-09,437.987962,437.987962,LVT
0.81,15,1.835553187e-09,1.376257441e-09,459.295746,459.295746,LVT
0.81,16,1.880833704e-09,1.400259863e-09,480.573841,480.573841,LVT
0.81,17,1.926302372e-09,1.424062566e-09,502.239806,502.239806,LVT
0.81,18,1.971469178e-09,1.448009027e-09,523.460151,523.460151,LVT
0.81,19,2.016905296e-09,1.47200514e-09,544.900156,544.900156,LVT
0.81,20,2.062257123e-09,1.495903072e-09,566.354051,566.354051,LVT
0.81,21,2.107581993e-09,1.519615384e-09,587.966609,587.966609,LVT
0.81,22,2.152918655e-09,1.543560779e-09,609.357876,609.357876,LVT
0.81,23,2.198265065e-09,1.567565316e-09,630.699749,630.699749,LVT
0.81,24,2.243614744e-09,1.591542788e-09,652.071956,652.071956,LVT
0.81,25,2.28896508e-09,1.615313575e-09,673.651505,673.651505,LVT
0.81,26,2.334315527e-09,1.639335572e-09,694.979955,694.979955,LVT
0.81,27,2.379593645e-09,1.663288358e-09,716.305287,716.305287,LVT
0.81,28,2.424947344e-09,1.687040922e-09,737.906422,737.906422,LVT
0.81,29,2.467950748e-09,1.709021421e-09,758.929327,758.929327,LVT
0.8,0,1.163718349e-09,1.01807628e-09,145.642069,145.642069,LVT
0.8,1,1.210954986e-09,1.042782507e-09,168.172479,168.172479,LVT
0.8,2,1.258398913e-09,1.067585437e-09,190.813476,190.813476,LVT
0.8,3,1.305815425e-09,1.092388241e-09,213.427184,213.427184,LVT
0.8,4,1.353365013e-09,1.117050189e-09,236.314824,236.314824,LVT
0.8,5,1.400842738e-09,1.141865749e-09,258.976989,258.976989,LVT
0.8,6,1.448231361e-09,1.166521305e-09,281.710056,281.710056,LVT
0.8,7,1.495628378e-09,1.191340826e-09,304.287552,304.287552,LVT
0.8,8,1.543107595e-09,1.215879905e-09,327.22769,327.22769,LVT
0.8,9,1.590563557e-09,1.240705935e-09,349.857622,349.857622,LVT
0.8,10,1.638012653e-09,1.265488519e-09,372.524134,372.524134,LVT
0.8,11,1.685535035e-09,1.290039328e-09,395.495707,395.495707,LVT
0.8,12,1.73302675e-09,1.314888935e-09,418.137815,418.137815,LVT
0.8,13,1.780629174e-09,1.339662757e-09,440.966417,440.966417,LVT
0.8,14,1.828040398e-09,1.36444302e-09,463.597378,463.597378,LVT
0.8,15,1.875551508e-09,1.389243794e-09,486.307714,486.307714,LVT
0.8,16,1.923032256e-09,1.41382135e-09,509.210906,509.210906,LVT
0.8,17,1.970375477e-09,1.438659802e-09,531.715675,531.715675,LVT
0.8,18,2.017848568e-09,1.46321348e-09,554.635088,554.635088,LVT
0.8,19,2.065245257e-09,1.487972397e-09,577.27286,577.27286,LVT
0.8,20,2.112614154e-09,1.512819318e-09,599.794836,599.794836,LVT
0.8,21,2.160141909e-09,1.537611048e-09,622.530861,622.530861,LVT
0.8,22,2.207886697e-09,1.562329066e-09,645.557631,645.557631,LVT
0.8,23,2.255481214e-09,1.587134969e-09,668.346245,668.346245,LVT
0.8,24,2.303002208e-09,1.611812801e-09,691.189407,691.189407,LVT
0.8,25,2.350528247e-09,1.636487047e-09,714.0412,714.0412,LVT
0.8,26,2.397965559e-09,1.661291364e-09,736.674195,736.674195,LVT
0.8,27,2.445489688e-09,1.685885286e-09,759.604402,759.604402,LVT
0.8,28,2.492894691e-09,1.710702641e-09,782.19205,782.19205,LVT
0.8,29,2.538012685e-09,1.733378048e-09,804.634637,804.634637,LVT
0.79,0,1.171610805e-09,1.018628612e-09,152.982193,152.982193,LVT
0.79,1,1.221243756e-09,1.044197603e-09,177.046153,177.046153,LVT
0.79,2,1.271038352e-09,1.06986175e-09,201.176602,201.176602,LVT
0.79,3,1.320817986e-09,1.095528525e-09,225.289461,225.289461,LVT
0.79,4,1.370659531e-09,1.1210926e-09,249.566931,249.566931,LVT
0.79,5,1.420476971e-09,1.146821888e-09,273.655083,273.655083,LVT
0.79,6,1.470289249e-09,1.172147743e-09,298.141506,298.141506,LVT
0.79,7,1.520087369e-09,1.197821122e-09,322.266247,322.266247,LVT
0.79,8,1.569892013e-09,1.223397369e-09,346.494644,346.494644,LVT
0.79,9,1.619768368e-09,1.248878627e-09,370.889741,370.889741,LVT
0.79,10,1.669546692e-09,1.274542839e-09,395.003853,395.003853,LVT
0.79,11,1.719237453e-09,1.299937261e-09,419.300192,419.300192,LVT
0.79,12,1.769074373e-09,1.325640794e-09,443.433579,443.433579,LVT
0.79,13,1.819065015e-09,1.351206949e-09,467.858066,467.858066,LVT
0.79,14,1.868840039e-09,1.376681855e-09,492.158184,492.158184,LVT
0.79,15,1.918535898e-09,1.402348573e-09,516.187325,516.187325,LVT
0.79,16,1.968540582e-09,1.427862945e-09,540.677637,540.677637,LVT
0.79,17,2.018409545e-09,1.453397717e-09,565.011828,565.011828,LVT
0.79,18,2.068175779e-09,1.478937678e-09,589.238101,589.238101,LVT
0.79,19,2.117801908e-09,1.504380625e-09,613.421283,613.421283,LVT
0.79,20,2.16766453e-09,1.530193583e-09,637.470947,637.470947,LVT
0.79,21,2.217263487e-09,1.555738577e-09,661.52491,661.52491,LVT
0.79,22,2.267154326e-09,1.581422766e-09,685.73156,685.73156,LVT
0.79,23,2.317010168e-09,1.607085056e-09,709.925112,709.925112,LVT
0.79,24,2.366993933e-09,1.63258537e-09,734.408563,734.408563,LVT
0.79,25,2.417035656e-09,1.658264233e-09,758.771423,758.771423,LVT
0.79,26,2.46688444e-09,1.683643611e-09,783.240829,783.240829,LVT
0.79,27,2.516777015e-09,1.709333804e-09,807.443211,807.443211,LVT
0.79,28,2.566618665e-09,1.734891113e-09,831.727552,831.727552,LVT
0.79,29,2.613779405e-09,1.75811086e-09,855.668545,855.668545,LVT
0.78,0,1.180082649e-09,1.019122285e-09,160.960364,160.960364,LVT
0.78,1,1.232229867e-09,1.045643683e-09,186.586184,186.586184,LVT
0.78,2,1.284600325e-09,1.072202196e-09,212.398129,212.398129,LVT
0.78,3,1.336942511e-09,1.098806117e-09,238.136394,238.136394,LVT
0.78,4,1.389389516e-09,1.125376459e-09,264.013057,264.013057,LVT
0.78,5,1.441704558e-09,1.151947761e-09,289.756797,289.756797,LVT
0.78,6,1.494181345e-09,1.178393815e-09,315.78753,315.78753,LVT
0.78,7,1.546501549e-09,1.204808304e-09,341.693245,341.693245,LVT
0.78,8,1.598886346e-09,1.231404395e-09,367.481951,367.481951,LVT
0.78,9,1.651274071e-09,1.257955794e-09,393.318277,393.318277,LVT
0.78,10,1.70359635e-09,1.284329197e-09,419.267153,419.267153,LVT
0.78,11,1.755949952e-09,1.310608623e-09,445.341329,445.341329,LVT
0.78,12,1.808366315e-09,1.337246423e-09,471.119892,471.119892,LVT
0.78,13,1.860903424e-09,1.363790936e-09,497.112488,497.112488,LVT
0.78,14,1.913357944e-09,1.390392516e-09,522.965428,522.965428,LVT
0.78,15,1.9658442e-09,1.416965262e-09,548.878938,548.878938,LVT
0.78,16,2.018286597e-09,1.443402175e-09,574.884422,574.884422,LVT
0.78,17,2.070671011e-09,1.469751817e-09,600.919194,600.919194,LVT
0.78,18,2.123004953e-09,1.4963531e-09,626.651853,626.651853,LVT
0.78,19,2.17529806e-09,1.522726577e-09,652.571483,652.571483,LVT
0.78,20,2.227624755e-09,1.549309154e-09,678.315601,678.315601,LVT
0.78,21,2.279885858e-09,1.575636055e-09,704.249803,704.249803,LVT
0.78,22,2.332413524e-09,1.602185828e-09,730.227696,730.227696,LVT
0.78,23,2.384953362e-09,1.628761184e-09,756.192178,756.192178,LVT
0.78,24,2.437287113e-09,1.655156973e-09,782.13014,782.13014,LVT
0.78,25,2.489701482e-09,1.681637412e-09,808.06407,808.06407,LVT
0.78,26,2.541950568e-09,1.708159158e-09,833.79141,833.79141,LVT
0.78,27,2.594290674e-09,1.73480482e-09,859.485854,859.485854,LVT
0.78,28,2.646714805e-09,1.761080617e-09,885.634188,885.634188,LVT
0.78,29,2.696374386e-09,1.7854603e-09,910.914086,910.914086,LVT
0.77,0,1.189408329e-09,1.019714426e-09,169.693903,169.693903,LVT
0.77,1,1.244321949e-09,1.047291858e-09,197.030091,197.030091,LVT
0.77,2,1.299462176e-09,1.074832429e-09,224.629747,224.629747,LVT
0.77,3,1.354631333e-09,1.10237444e-09,252.256893,252.256893,LVT
0.77,4,1.409855933e-09,1.129958047e-09,279.897886,279.897886,LVT
0.77,5,1.464967005e-09,1.157515519e-09,307.451486,307.451486,LVT
0.77,6,1.520055908e-09,1.185078905e-09,334.977003,334.977003,LVT
0.77,7,1.575234642e-09,1.212352735e-09,362.881907,362.881907,LVT
0.77,8,1.630321361e-09,1.239908771e-09,390.41259,390.41259,LVT
0.77,9,1.685519622e-09,1.267473955e-09,418.045667,418.045667,LVT
0.77,10,1.740658624e-09,1.295036457e-09,445.622167,445.622167,LVT
0.77,11,1.795828132e-09,1.32222819e-09,473.599942,473.599942,LVT
0.77,12,1.851089267e-09,1.349785561e-09,501.303706,501.303706,LVT
0.77,13,1.906306685e-09,1.377338818e-09,528.967867,528.967867,LVT
0.77,14,1.961443309e-09,1.404865015e-09,556.578294,556.578294,LVT
0.77,15,2.016534355e-09,1.432174141e-09,584.360214,584.360214,LVT
0.77,16,2.071574325e-09,1.459739165e-09,611.83516,611.83516,LVT
0.77,17,2.126894538e-09,1.487247915e-09,639.646623,639.646623,LVT
0.77,18,2.182046171e-09,1.514549973e-09,667.496198,667.496198,LVT
0.77,19,2.237372426e-09,1.542146829e-09,695.225597,695.225597,LVT
0.77,20,2.292605054e-09,1.569478388e-09,723.126666,723.126666,LVT
0.77,21,2.347904974e-09,1.597042239e-09,750.862735,750.862735,LVT
0.77,22,2.403153957e-09,1.624589849e-09,778.564108,778.564108,LVT
0.77,23,2.458444734e-09,1.65217161e-09,806.273124,806.273124,LVT
0.77,24,2.51370188e-09,1.679458979e-09,834.242901,834.242901,LVT
0.77,25,2.568986686e-09,1.707059044e-09,861.927642,861.927642,LVT
0.77,26,2.624248809e-09,1.734480209e-09,889.7686,889.7686,LVT
0.77,27,2.679272902e-09,1.761852331e-09,917.420571,917.420571,LVT
0.77,28,2.734427418e-09,1.789424998e-09,945.00242,945.00242,LVT
0.77,29,2.786912386e-09,1.814883072e-09,972.029314,972.029314,LVT
0.76,0,1.199641053e-09,1.02033662e-09,179.304433,179.304433,LVT
0.76,1,1.25762768e-09,1.049062068e-09,208.565612,208.565612,LVT
0.76,2,1.315648326e-09,1.077670786e-09,237.97754,237.97754,LVT
0.76,3,1.373886672e-09,1.106126239e-09,267.760433,267.760433,LVT
0.76,4,1.432112665e-09,1.134771955e-09,297.34071,297.34071,LVT
0.76,5,1.490342477e-09,1.163416036e-09,326.926441,326.926441,LVT
0.76,6,1.54856244e-09,1.192045434e-09,356.517006,356.517006,LVT
0.76,7,1.606606216e-09,1.220661314e-09,385.944902,385.944902,LVT
0.76,8,1.664839084e-09,1.249280944e-09,415.55814,415.55814,LVT
0.76,9,1.723077882e-09,1.277635308e-09,445.442574,445.442574,LVT
0.76,10,1.781291381e-09,1.306133425e-09,475.157956,475.157956,LVT
0.76,11,1.839561255e-09,1.334813291e-09,504.747964,504.747964,LVT
0.76,12,1.897903685e-09,1.363463652e-09,534.440033,534.440033,LVT
0.76,13,1.956273735e-09,1.392125482e-09,564.148253,564.148253,LVT
0.76,14,2.014742302e-09,1.420781574e-09,593.960728,593.960728,LVT
0.76,15,2.073097543e-09,1.449422982e-09,623.674561,623.674561,LVT
0.76,16,2.131325609e-09,1.478051348e-09,653.274261,653.274261,LVT
0.76,17,2.189605572e-09,1.506511464e-09,683.094108,683.094108,LVT
0.76,18,2.247859578e-09,1.535178042e-09,712.681536,712.681536,LVT
0.76,19,2.30625595e-09,1.563806197e-09,742.449753,742.449753,LVT
0.76,20,2.364620044e-09,1.592168491e-09,772.451553,772.451553,LVT
0.76,21,2.422971345e-09,1.620744281e-09,802.227064,802.227064,LVT
0.76,22,2.481330396e-09,1.649399107e-09,831.931289,831.931289,LVT
0.76,23,2.539680709e-09,1.678036813e-09,861.643896,861.643896,LVT
0.76,24,2.598040785e-09,1.70656342e-09,891.477365,891.477365,LVT
0.76,25,2.656147281e-09,1.735119674e-09,921.027607,921.027607,LVT
0.76,26,2.714545004e-09,1.763799625e-09,950.745379,950.745379,LVT
0.76,27,2.772740402e-09,1.792247731e-09,980.492671,980.492671,LVT
0.76,28,2.831013371e-09,1.820627151e-09,1010.38622,1010.38622,LVT
0.76,29,2.886417657e-09,1.847161802e-09,1039.255855,1039.255855,LVT
0.75,0,1.211003633e-09,1.021076496e-09,189.927137,189.927137,LVT
0.75,1,1.272329312e-09,1.050956111e-09,221.373201,221.373201,LVT
0.75,2,1.333999721e-09,1.080661405e-09,253.338316,253.338316,LVT
0.75,3,1.395583561e-09,1.110343317e-09,285.240244,285.240244,LVT
0.75,4,1.457140224e-09,1.139972502e-09,317.167722,317.167722,LVT
0.75,5,1.518651923e-09,1.169744516e-09,348.907407,348.907407,LVT
0.75,6,1.580235317e-09,1.199548577e-09,380.68674,380.68674,LVT
0.75,7,1.641873364e-09,1.229366347e-09,412.507017,412.507017,LVT
0.75,8,1.703484631e-09,1.259187472e-09,444.297159,444.297159,LVT
0.75,9,1.765000963e-09,1.289004799e-09,475.996164,475.996164,LVT
0.75,10,1.826626486e-09,1.31884331e-09,507.783176,507.783176,LVT
0.75,11,1.888242855e-09,1.348644519e-09,539.598336,539.598336,LVT
0.75,12,1.949971667e-09,1.378330508e-09,571.641159,571.641159,LVT
0.75,13,2.011814892e-09,1.407849493e-09,603.965399,603.965399,LVT
0.75,14,2.073692978e-09,1.437642254e-09,636.050724,636.050724,LVT
0.75,15,2.135535547e-09,1.467422457e-09,668.11309,668.11309,LVT
0.75,16,2.196999093e-09,1.497205357e-09,699.793736,699.793736,LVT
0.75,17,2.258763808e-09,1.527022026e-09,731.741782,731.741782,LVT
0.75,18,2.32040087e-09,1.556796069e-09,763.604801,763.604801,LVT
0.75,19,2.382004689e-09,1.586465032e-09,795.539657,795.539657,LVT
0.75,20,2.443784368e-09,1.616249822e-09,827.534546,827.534546,LVT
0.75,21,2.505536894e-09,1.646072188e-09,859.464706,859.464706,LVT
0.75,22,2.567284919e-09,1.67589987e-09,891.385049,891.385049,LVT
0.75,23,2.629032183e-09,1.705725312e-09,923.306871,923.306871,LVT
0.75,24,2.690779315e-09,1.73554735e-09,955.231965,955.231965,LVT
0.75,25,2.752526425e-09,1.765366331e-09,987.160094,987.160094,LVT
0.75,26,2.813990258e-09,1.795194859e-09,1018.795399,1018.795399,LVT
0.75,27,2.875752399e-09,1.824948512e-09,1050.803887,1050.803887,LVT
0.75,28,2.937384468e-09,1.854762182e-09,1082.622286,1082.622286,LVT
0.75,29,2.996056207e-09,1.882094345e-09,1113.961862,1113.961862,LVT
