scenario_id,baseline_vdd_v,physical_vdd_v,medium_code,fine_code,t_xor_rise_s,t_xor_fall_s,t_ck_rise_s,t_ck_rise_2_s,W_xor_ps,D_ref_ps,R_ps,q_final_v,q_final_late_v,q_final,q_state,active_ck_edge_count,recovery_max_ratio,valid,reason,scenario_path,deck_sha256,physical_contract_sha256,Delta_D_ref_ps,Delta_R_ps
m0_probe__b0p80__v0p80__m06__f03__d5da2e707d0fc7ab8dbd,0.8,0.8,6,3,2.291693281e-09,3.076951034e-09,2.926742527e-09,5.99291487e-09,785.257753,635.0492460000002,150.20850699999983,0.8000139445,0.799997933,1,stable_high,1,7.313585163749999e-05,1,,/home/zhupl25/chiplet_side_channel/chiplet_gds_data/power_macro/delay_chain/ftc/runs/m0_detection_margin_characterization/r1/scenarios/m0_probe__b0p80__v0p80__m06__f03__d5da2e707d0fc7ab8dbd,deeb081d33942424f32c2082627f5c5dea38b2fb7c73e6292b88b26101384379,3cadeaa3bcb0f064ce53751acd1af8456a043843e4733455b6b2250258faeea7,-90.06219399999986,90.29195799999991
m0_probe__b0p80__v0p80__m06__f04__f40f847c5f4e879af143,0.8,0.8,6,4,2.291693282e-09,3.076869389e-09,2.933667415e-09,6.000986493e-09,785.1761070000002,641.974133,143.20197400000018,0.8000124093,0.7999974875,1,stable_high,1,0.00026273759175,1,,/home/zhupl25/chiplet_side_channel/chiplet_gds_data/power_macro/delay_chain/ftc/runs/m0_detection_margin_characterization/r1/scenarios/m0_probe__b0p80__v0p80__m06__f04__f40f847c5f4e879af143,fe0db6b8567e6f02fbb1bb9973db33b86420bdbab75a7a8f2229dddd6b90ed5d,3cadeaa3bcb0f064ce53751acd1af8456a043843e4733455b6b2250258faeea7,-83.13730699999996,83.28542500000026
m0_probe__b0p80__v0p80__m06__f05__82ba66d3dd24cf5a2162,0.8,0.8,6,5,2.291693216e-09,3.076847323e-09,2.941304492e-09,6.007690252e-09,785.1541069999998,649.611276,135.54283099999986,0.8000089744,0.7999969236,1,stable_high,1,0.000357245404,1,,/home/zhupl25/chiplet_side_channel/chiplet_gds_data/power_macro/delay_chain/ftc/runs/m0_detection_margin_characterization/r1/scenarios/m0_probe__b0p80__v0p80__m06__f05__82ba66d3dd24cf5a2162,bd2999cdfe9d7725ee51b3623c29dd7ba61b6a3ed8bbb29d0bfe84c0878adff0,3cadeaa3bcb0f064ce53751acd1af8456a043843e4733455b6b2250258faeea7,-75.50016400000004,75.62628199999995
m0_probe__b0p80__v0p80__m06__f06__681caf81dc4d76ac1a9a,0.8,0.8,6,6,2.291693126e-09,3.076896234e-09,2.949473122e-09,6.016084731e-09,785.2031080000003,657.779996,127.42311200000029,0.8000061925,0.7999961008,1,stable_high,1,0.00055728170425,1,,/home/zhupl25/chiplet_side_channel/chiplet_gds_data/power_macro/delay_chain/ftc/runs/m0_detection_margin_characterization/r1/scenarios/m0_probe__b0p80__v0p80__m06__f06__681caf81dc4d76ac1a9a,6b94e29ffd05302b11c3006a290f444856e6ef8a3a349ca6e8ef35249c787310,3cadeaa3bcb0f064ce53751acd1af8456a043843e4733455b6b2250258faeea7,-67.33144400000003,67.50656300000037
m0_probe__b0p80__v0p80__m06__f07__e8bdcfe0680d5c291b01,0.8,0.8,6,7,2.291693233e-09,3.076945628e-09,2.958267007e-09,6.024872225e-09,785.252395,666.573774,118.67862100000002,0.8000041374,0.7999948319,1,stable_high,1,0.0006660171984999999,1,,/home/zhupl25/chiplet_side_channel/chiplet_gds_data/power_macro/delay_chain/ftc/runs/m0_detection_margin_characterization/r1/scenarios/m0_probe__b0p80__v0p80__m06__f07__e8bdcfe0680d5c291b01,286575961a9239df84294d4ceca77e1c526b898c48029f7f0ba8166b9f5c5ddc,3cadeaa3bcb0f064ce53751acd1af8456a043843e4733455b6b2250258faeea7,-58.53766600000006,58.7620720000001
m0_probe__b0p80__v0p80__m06__f08__5176ac8596e5ee192dd3,0.8,0.8,6,8,2.29169318e-09,3.076974581e-09,2.967632662e-09,6.034217789e-09,785.2814009999997,675.9394820000001,109.34191899999962,0.8000026159,0.7999947473,1,stable_high,1,0.0012287880782499998,1,,/home/zhupl25/chiplet_side_channel/chiplet_gds_data/power_macro/delay_chain/ftc/runs/m0_detection_margin_characterization/r1/scenarios/m0_probe__b0p80__v0p80__m06__f08__5176ac8596e5ee192dd3,c8fb47f9551bfb62fff0be8eb32a00be68ae684e265d29aba668f0c3d2e37d2b,3cadeaa3bcb0f064ce53751acd1af8456a043843e4733455b6b2250258faeea7,-49.171957999999904,49.4253699999997
m0_probe__b0p80__v0p80__m06__f09__d4da300331b16f901a02,0.8,0.8,6,9,2.291693145e-09,3.076990746e-09,2.977436183e-09,6.043858661e-09,785.2976010000004,685.7430380000002,99.55456300000026,-0.0001706155053,4.178428676e-07,0,stable_low,1,0.00248394402875,1,,/home/zhupl25/chiplet_side_channel/chiplet_gds_data/power_macro/delay_chain/ftc/runs/m0_detection_margin_characterization/r1/scenarios/m0_probe__b0p80__v0p80__m06__f09__d4da300331b16f901a02,3fc7683f82729081cabd9ae092001f0ccb943ff3bd3438cc20e47378ffea3c90,3cadeaa3bcb0f064ce53751acd1af8456a043843e4733455b6b2250258faeea7,-39.36840199999983,39.63801400000034
m0_probe__b0p80__v0p80__m07__f03__ca005bc511262742bc1c,0.8,0.8,7,3,2.291693281e-09,3.076676041e-09,2.993983503e-09,6.059727743e-09,784.9827600000002,702.2902220000001,82.69253800000013,0.8000026441,0.7999970625,1,stable_high,1,0.0011373530223749999,1,,/home/zhupl25/chiplet_side_channel/chiplet_gds_data/power_macro/delay_chain/ftc/runs/m0_detection_margin_characterization/r1/scenarios/m0_probe__b0p80__v0p80__m07__f03__ca005bc511262742bc1c,06fdbc1ddb93b54e55ebc06849fac672bcb9ac00bf41c067425afde6e0a910d2,3cadeaa3bcb0f064ce53751acd1af8456a043843e4733455b6b2250258faeea7,-22.82121799999993,22.77598900000021
m0_probe__b0p80__v0p80__m07__f04__c07ea8f185e3514184fa,0.8,0.8,7,4,2.291693282e-09,3.076699187e-09,3.001068982e-09,6.067489373e-09,785.0059049999998,709.3757000000002,75.63020499999959,0.8000025013,0.7999860852,1,stable_high,1,0.00221548654,1,,/home/zhupl25/chiplet_side_channel/chiplet_gds_data/power_macro/delay_chain/ftc/runs/m0_detection_margin_characterization/r1/scenarios/m0_probe__b0p80__v0p80__m07__f04__c07ea8f185e3514184fa,c17cc154d605cfa7cb60cc18885793121300b44c4ecc46499e7fe7802e6bbecd,3cadeaa3bcb0f064ce53751acd1af8456a043843e4733455b6b2250258faeea7,-15.73573999999985,15.713655999999673
m0_probe__b0p80__v0p80__m07__f05__227dc62a10d225219ef5,0.8,0.8,7,5,2.291693216e-09,3.076712659e-09,3.008617087e-09,6.074868161e-09,785.0194429999999,716.9238709999998,68.09557200000006,1.03068323e-06,-1.177693431e-06,0,stable_low,1,0.0029500017237499994,1,,/home/zhupl25/chiplet_side_channel/chiplet_gds_data/power_macro/delay_chain/ftc/runs/m0_detection_margin_characterization/r1/scenarios/m0_probe__b0p80__v0p80__m07__f05__227dc62a10d225219ef5,8aa5663c6cd0152514758f2b7b312455a27a5f63690c9ed7e9978c1570dd0add,3cadeaa3bcb0f064ce53751acd1af8456a043843e4733455b6b2250258faeea7,-8.187569000000167,8.179023000000143
m0_probe__b0p80__v0p80__m07__f06__f45f1ca259eec5ded99a,0.8,0.8,7,6,2.291693126e-09,3.076721115e-09,3.016804566e-09,6.083020835e-09,785.0279889999999,725.11144,59.91654899999992,9.393407874e-07,-1.990963845e-06,0,stable_low,1,0.004789073014999999,1,,/home/zhupl25/chiplet_side_channel/chiplet_gds_data/power_macro/delay_chain/ftc/runs/m0_detection_margin_characterization/r1/scenarios/m0_probe__b0p80__v0p80__m07__f06__f45f1ca259eec5ded99a,b518b10e2afb540bc8995feff188c4284951b487ae28d4ba45689326f80fabeb,3cadeaa3bcb0f064ce53751acd1af8456a043843e4733455b6b2250258faeea7,0.0,0.0
m0_probe__b0p80__v0p80__m07__f07__fbe0fec2be7ff4fe6a8e,0.8,0.8,7,7,2.291693233e-09,3.076726452e-09,3.025559293e-09,6.091729481e-09,785.0332189999998,733.86606,51.167158999999856,8.651697822e-07,-1.059971644e-05,0,stable_low,1,0.006788339294999999,1,,/home/zhupl25/chiplet_side_channel/chiplet_gds_data/power_macro/delay_chain/ftc/runs/m0_detection_margin_characterization/r1/scenarios/m0_probe__b0p80__v0p80__m07__f07__fbe0fec2be7ff4fe6a8e,7e6019cb6b6c007fffb32c01a0994f893a4326efd2ed135daed6e4db10853d5c,3cadeaa3bcb0f064ce53751acd1af8456a043843e4733455b6b2250258faeea7,8.754619999999932,-8.749390000000062
m0_probe__b0p80__v0p80__m07__f08__d74344112b1128d879e9,0.8,0.8,7,8,2.29169318e-09,3.076730437e-09,3.034922512e-09,6.101106758e-09,785.0372569999997,743.2293319999998,41.807924999999955,8.02233798e-07,-1.663881417e-05,0,stable_low,1,0.00976243387,1,,/home/zhupl25/chiplet_side_channel/chiplet_gds_data/power_macro/delay_chain/ftc/runs/m0_detection_margin_characterization/r1/scenarios/m0_probe__b0p80__v0p80__m07__f08__d74344112b1128d879e9,b6c29dcadd9c866dcce3166b2557d5383f3ba9782c3b2ef52c94f7306798811c,3cadeaa3bcb0f064ce53751acd1af8456a043843e4733455b6b2250258faeea7,18.117891999999756,-18.108623999999963
m0_probe__b0p80__v0p80__m07__f09__a79067851729e3357a17,0.8,0.8,7,9,2.291693145e-09,3.076733328e-09,3.04475171e-09,6.110957995e-09,785.0401830000001,753.058565,31.981618000000026,7.451697015e-07,1.868387084e-05,0,stable_low,1,0.0135518921125,1,,/home/zhupl25/chiplet_side_channel/chiplet_gds_data/power_macro/delay_chain/ftc/runs/m0_detection_margin_characterization/r1/scenarios/m0_probe__b0p80__v0p80__m07__f09__a79067851729e3357a17,01677e88cba2693ad92810a0f4c4d0d1ec6652b528de9b9eccd0b28d473d3c6b,3cadeaa3bcb0f064ce53751acd1af8456a043843e4733455b6b2250258faeea7,27.947125000000028,-27.934930999999892
m0_probe__b0p80__v0p80__m08__f03__7eb294a40cf2cd8dbda9,0.8,0.8,8,3,2.291693281e-09,3.076544665e-09,3.060851849e-09,6.12745817e-09,784.8513839999999,769.1585680000001,15.69281599999988,5.310962204e-07,2.668640516e-05,0,stable_low,1,0.012127480673749998,1,,/home/zhupl25/chiplet_side_channel/chiplet_gds_data/power_macro/delay_chain/ftc/runs/m0_detection_margin_characterization/r1/scenarios/m0_probe__b0p80__v0p80__m08__f03__7eb294a40cf2cd8dbda9,6dc05e71b52ba34f7f935e6007a4ac3f4511cb98c85d64a01d56043dc6944b41,3cadeaa3bcb0f064ce53751acd1af8456a043843e4733455b6b2250258faeea7,44.04712800000004,-44.22373300000004
m0_probe__b0p80__v0p80__m08__f04__a743cf5581e5899ed242,0.8,0.8,8,4,2.291693282e-09,3.076547645e-09,3.067856722e-09,6.134522109e-09,784.8543629999998,776.1634399999999,8.690922999999884,5.337060393e-07,-2.24480392e-05,0,stable_low,1,0.01806075055,1,,/home/zhupl25/chiplet_side_channel/chiplet_gds_data/power_macro/delay_chain/ftc/runs/m0_detection_margin_characterization/r1/scenarios/m0_probe__b0p80__v0p80__m08__f04__a743cf5581e5899ed242,56cffbb8d452861f76d730870d8c9a97c3ef212340c8c6fb540a0ee8d61cd142,3cadeaa3bcb0f064ce53751acd1af8456a043843e4733455b6b2250258faeea7,51.05199999999991,-51.225626000000034
m0_probe__b0p80__v0p80__m08__f05__d71d51e5eeb6f0616703,0.8,0.8,8,5,2.291693216e-09,3.076551183e-09,3.075477565e-09,6.142291626e-09,784.8579669999999,783.7843489999999,1.0736180000000104,5.060628344e-07,-5.385270365e-05,0,stable_low,1,0.026828910875,1,,/home/zhupl25/chiplet_side_channel/chiplet_gds_data/power_macro/delay_chain/ftc/runs/m0_detection_margin_characterization/r1/scenarios/m0_probe__b0p80__v0p80__m08__f05__d71d51e5eeb6f0616703,27a579fe1d7290b05665932729c4495d7b24be099c2672be0edd771f02e198a5,3cadeaa3bcb0f064ce53751acd1af8456a043843e4733455b6b2250258faeea7,58.67290899999989,-58.84293099999991
m0_probe__b0p80__v0p80__m08__f06__af2deab34038e06d6521,0.8,0.8,8,6,2.291693126e-09,3.076554708e-09,3.083598486e-09,6.150049049e-09,784.861582,791.90536,-7.043777999999975,5.236417333e-07,-3.789485228e-05,0,stable_low,1,0.035829590862499996,1,,/home/zhupl25/chiplet_side_channel/chiplet_gds_data/power_macro/delay_chain/ftc/runs/m0_detection_margin_characterization/r1/scenarios/m0_probe__b0p80__v0p80__m08__f06__af2deab34038e06d6521,f29dcae66e0d18e08f3aaf31e8767a61fa4ddc6c86b856c170a265242f6191ad,3cadeaa3bcb0f064ce53751acd1af8456a043843e4733455b6b2250258faeea7,66.79391999999996,-66.9603269999999
m0_probe__b0p80__v0p80__m08__f07__7207269deeddef626ed8,0.8,0.8,8,7,2.291693233e-09,3.076553641e-09,3.092364991e-09,6.15881623e-09,784.8604079999998,800.671758,-15.811350000000175,5.298983248e-07,-2.496524216e-05,0,stable_low,1,0.047434375599999995,1,,/home/zhupl25/chiplet_side_channel/chiplet_gds_data/power_macro/delay_chain/ftc/runs/m0_detection_margin_characterization/r1/scenarios/m0_probe__b0p80__v0p80__m08__f07__7207269deeddef626ed8,1fcb6357fcba7c10aeaca9940e1537e2d93def5534198de2746b66997b3eba57,3cadeaa3bcb0f064ce53751acd1af8456a043843e4733455b6b2250258faeea7,75.56031799999994,-75.7278990000001
m0_probe__b0p80__v0p80__m08__f08__806c9dc39808a4ebc36c,0.8,0.8,8,8,2.29169318e-09,3.07655578e-09,3.101693178e-09,6.168153283e-09,784.8626000000002,809.999998,-25.13739799999985,5.236232519e-07,-1.433669146e-05,0,stable_low,1,0.0626706255125,1,,/home/zhupl25/chiplet_side_channel/chiplet_gds_data/power_macro/delay_chain/ftc/runs/m0_detection_margin_characterization/r1/scenarios/m0_probe__b0p80__v0p80__m08__f08__806c9dc39808a4ebc36c,29cab26a04c41a45ff43df5e6edaa51859081634c119cbac9818b16c2a242afd,3cadeaa3bcb0f064ce53751acd1af8456a043843e4733455b6b2250258faeea7,84.88855799999999,-85.05394699999977
m0_probe__b0p80__v0p80__m08__f09__c8c642293aa5d531366e,0.8,0.8,8,9,2.291693145e-09,3.076557376e-09,3.111444797e-09,6.177910915e-09,784.8642310000002,819.7516520000001,-34.887420999999904,5.25791542e-07,-5.936523789e-06,0,stable_low,1,0.07984750976249999,1,,/home/zhupl25/chiplet_side_channel/chiplet_gds_data/power_macro/delay_chain/ftc/runs/m0_detection_margin_characterization/r1/scenarios/m0_probe__b0p80__v0p80__m08__f09__c8c642293aa5d531366e,81739bce219343e8899fbf220127654a69d3c7a0c7a5a5ec2aee3b55c1502f83,3cadeaa3bcb0f064ce53751acd1af8456a043843e4733455b6b2250258faeea7,94.64021200000013,-94.80396999999982
m0_probe__b0p95__v0p95__m03__f03__244ed24f2771bfe48854,0.95,0.95,3,3,2.02223944e-09,2.403465745e-09,2.314614487e-09,5.350744302e-09,381.2263050000003,292.3750470000002,88.85125800000009,0.9499997039,0.9499997051,1,stable_high,1,2.98175228631579e-06,1,,/home/zhupl25/chiplet_side_channel/chiplet_gds_data/power_macro/delay_chain/ftc/runs/m0_detection_margin_characterization/r1/scenarios/m0_probe__b0p95__v0p95__m03__f03__244ed24f2771bfe48854,aedbb8aaef97f8e2bb10e49e496bd9cc5187a89198e0395f1123f92b5fd534e9,3cadeaa3bcb0f064ce53751acd1af8456a043843e4733455b6b2250258faeea7,-66.11265499999985,66.03577400000006
m0_probe__b0p95__v0p95__m03__f04__6db421f671321e0111b5,0.95,0.95,3,4,2.02223944e-09,2.403462801e-09,2.321663369e-09,5.357522901e-09,381.2233610000003,299.4239290000004,81.79943199999991,0.9499996876,0.949999712,1,stable_high,1,1.7560393189473686e-06,1,,/home/zhupl25/chiplet_side_channel/chiplet_gds_data/power_macro/delay_chain/ftc/runs/m0_detection_margin_characterization/r1/scenarios/m0_probe__b0p95__v0p95__m03__f04__6db421f671321e0111b5,6c2632ecbbd11965958f9f4cca611c929d98d7b2df561d53948c7fbd495a02e4,3cadeaa3bcb0f064ce53751acd1af8456a043843e4733455b6b2250258faeea7,-59.063772999999685,58.983947999999884
m0_probe__b0p95__v0p95__m03__f05__097ce5d770278b4c7cbc,0.95,0.95,3,5,2.02223944e-09,2.403437848e-09,2.329126354e-09,5.365290276e-09,381.19840800000014,306.8869140000002,74.31149399999993,0.9499997015,0.9499997037,1,stable_high,1,1.0336190616842107e-06,1,,/home/zhupl25/chiplet_side_channel/chiplet_gds_data/power_macro/delay_chain/ftc/runs/m0_detection_margin_characterization/r1/scenarios/m0_probe__b0p95__v0p95__m03__f05__097ce5d770278b4c7cbc,907714e7bc9818aad82f68bb0cc6e99dda329d6bd1a14db316f7f73f03785ce6,3cadeaa3bcb0f064ce53751acd1af8456a043843e4733455b6b2250258faeea7,-51.60078799999985,51.4960099999999
m0_probe__b0p95__v0p95__m03__f06__e98271456403c6420b09,0.95,0.95,3,6,2.02223944e-09,2.403435061e-09,2.336899554e-09,5.373065204e-09,381.19562100000036,314.6601140000003,66.53550700000005,0.9499996922,0.9499996962,1,stable_high,1,1.7165812189473685e-06,1,,/home/zhupl25/chiplet_side_channel/chiplet_gds_data/power_macro/delay_chain/ftc/runs/m0_detection_margin_characterization/r1/scenarios/m0_probe__b0p95__v0p95__m03__f06__e98271456403c6420b09,c0fba3e2d6ac1abce466dc85d908e6a227eacd0cbbb7f2e5ceb9dc0506cae8a7,3cadeaa3bcb0f064ce53751acd1af8456a043843e4733455b6b2250258faeea7,-43.827587999999764,43.720023000000026
m0_probe__b0p95__v0p95__m03__f07__34088df123b31022221a,0.95,0.95,3,7,2.02223944e-09,2.403446856e-09,2.344880683e-09,5.38076485e-09,381.2074160000001,322.6412430000002,58.56617299999988,0.9499996639,0.9499997237,1,stable_high,1,1.293810250526316e-06,1,,/home/zhupl25/chiplet_side_channel/chiplet_gds_data/power_macro/delay_chain/ftc/runs/m0_detection_margin_characterization/r1/scenarios/m0_probe__b0p95__v0p95__m03__f07__34088df123b31022221a,cd609b1b10ef8b3da1d814dc33745cea3d04eeb55a9cd8a315e26ff0abf103bd,3cadeaa3bcb0f064ce53751acd1af8456a043843e4733455b6b2250258faeea7,-35.84645899999987,35.75068899999985
m0_probe__b0p95__v0p95__m03__f08__9acf9210cb92a7f25397,0.95,0.95,3,8,2.02223944e-09,2.403456066e-09,2.352995856e-09,5.389233971e-09,381.21662600000036,330.75641600000023,50.46021000000013,0.9499996193,0.9499996591,1,stable_high,1,1.6709463442105264e-06,1,,/home/zhupl25/chiplet_side_channel/chiplet_gds_data/power_macro/delay_chain/ftc/runs/m0_detection_margin_characterization/r1/scenarios/m0_probe__b0p95__v0p95__m03__f08__9acf9210cb92a7f25397,623977c2d6c0ff05cb4c5d5260ff6addef01e71ae43af8bc5b0d6b0de94a830b,3cadeaa3bcb0f064ce53751acd1af8456a043843e4733455b6b2250258faeea7,-27.73128599999984,27.644726000000105
m0_probe__b0p95__v0p95__m03__f09__eba75f274613a38a2f83,0.95,0.95,3,9,2.02223944e-09,2.403461761e-09,2.361203863e-09,5.396775297e-09,381.2223210000002,338.9644230000001,42.25789800000007,1.219940449e-07,4.26312071e-07,0,stable_low,1,2.8776217989473685e-06,1,,/home/zhupl25/chiplet_side_channel/chiplet_gds_data/power_macro/delay_chain/ftc/runs/m0_detection_margin_characterization/r1/scenarios/m0_probe__b0p95__v0p95__m03__f09__eba75f274613a38a2f83,acfa7bc8eb4b823f75885b1e865c2e615887afdc2b25b6989a9ec9ca4e852755,3cadeaa3bcb0f064ce53751acd1af8456a043843e4733455b6b2250258faeea7,-19.523278999999945,19.442414000000042
m0_probe__b0p95__v0p95__m04__f03__ddae476780090cffa4af,0.95,0.95,4,3,2.02223944e-09,2.40351952e-09,2.358435181e-09,5.394385096e-09,381.2800800000001,336.19574100000034,45.08433899999977,0.9499996628,0.9499997466,1,stable_high,1,2.5825267789473684e-06,1,,/home/zhupl25/chiplet_side_channel/chiplet_gds_data/power_macro/delay_chain/ftc/runs/m0_detection_margin_characterization/r1/scenarios/m0_probe__b0p95__v0p95__m04__f03__ddae476780090cffa4af,6c6f373292e85fae5fb3ce01c26e9d6e370c4ee8a42197e7c45216f01e76c2de,3cadeaa3bcb0f064ce53751acd1af8456a043843e4733455b6b2250258faeea7,-22.29196099999973,22.268854999999746
m0_probe__b0p95__v0p95__m04__f04__c22c5e312e7088fbf55c,0.95,0.95,4,4,2.02223944e-09,2.403530689e-09,2.365493812e-09,5.401115633e-09,381.2912490000003,343.25437200000016,38.03687700000012,0.9499996321,0.9499996833,1,stable_high,1,1.3937157915789473e-06,1,,/home/zhupl25/chiplet_side_channel/chiplet_gds_data/power_macro/delay_chain/ftc/runs/m0_detection_margin_characterization/r1/scenarios/m0_probe__b0p95__v0p95__m04__f04__c22c5e312e7088fbf55c,fdaff622e7b52cc263a5236f6d2315bb37c14dce29b57ebe5cff97bebd32a223,3cadeaa3bcb0f064ce53751acd1af8456a043843e4733455b6b2250258faeea7,-15.23332999999991,15.221393000000091
m0_probe__b0p95__v0p95__m04__f05__37bc95cde8661a02a023,0.95,0.95,4,5,2.02223944e-09,2.403537883e-09,2.372951916e-09,5.4086132e-09,381.298443,350.71247600000004,30.585966999999982,1.396336072e-07,2.637037183e-07,0,stable_low,1,1.9234728505263156e-06,1,,/home/zhupl25/chiplet_side_channel/chiplet_gds_data/power_macro/delay_chain/ftc/runs/m0_detection_margin_characterization/r1/scenarios/m0_probe__b0p95__v0p95__m04__f05__37bc95cde8661a02a023,dfdde26f2cb79ee1e047617632fa201e60aafc7209773e7577963396e550d64e,3cadeaa3bcb0f064ce53751acd1af8456a043843e4733455b6b2250258faeea7,-7.775226000000032,7.770482999999956
m0_probe__b0p95__v0p95__m04__f06__f634ed4930967cb98a2d,0.95,0.95,4,6,2.02223944e-09,2.403542626e-09,2.380727142e-09,5.416536645e-09,381.3031860000001,358.48770200000007,22.815484000000026,3.676478378e-08,-1.238317167e-08,0,stable_low,1,1.6080378536842106e-06,1,,/home/zhupl25/chiplet_side_channel/chiplet_gds_data/power_macro/delay_chain/ftc/runs/m0_detection_margin_characterization/r1/scenarios/m0_probe__b0p95__v0p95__m04__f06__f634ed4930967cb98a2d,c11f4596d04ffde34965481289078f4252c9e43af4185bea172c1e20bd888ede,3cadeaa3bcb0f064ce53751acd1af8456a043843e4733455b6b2250258faeea7,0.0,0.0
m0_probe__b0p95__v0p95__m04__f07__4ccf674b0c52a3e3ae4e,0.95,0.95,4,7,2.02223944e-09,2.403545962e-09,2.38870946e-09,5.424528706e-09,381.3065220000003,366.4700200000004,14.836501999999939,1.843298909e-07,6.627481832e-08,0,stable_low,1,1.3296363789473684e-06,1,,/home/zhupl25/chiplet_side_channel/chiplet_gds_data/power_macro/delay_chain/ftc/runs/m0_detection_margin_characterization/r1/scenarios/m0_probe__b0p95__v0p95__m04__f07__4ccf674b0c52a3e3ae4e,a46305bef0f90ecb9167da6f06933539e0da8b040297672ddd0fc9cccf97368e,3cadeaa3bcb0f064ce53751acd1af8456a043843e4733455b6b2250258faeea7,7.982318000000305,-7.978982000000087
m0_probe__b0p95__v0p95__m04__f08__323ba601d584d2a46afd,0.95,0.95,4,8,2.02223944e-09,2.403548404e-09,2.396831509e-09,5.43254265e-09,381.3089640000003,374.5920690000002,6.716895000000079,7.651022411e-08,-3.99685415e-09,0,stable_low,1,1.6639910989473684e-06,1,,/home/zhupl25/chiplet_side_channel/chiplet_gds_data/power_macro/delay_chain/ftc/runs/m0_detection_margin_characterization/r1/scenarios/m0_probe__b0p95__v0p95__m04__f08__323ba601d584d2a46afd,b20a3b0a240422f0aad7c35b7fcc17e5da97d8aeb686ab80232aa6c7c8568c3d,3cadeaa3bcb0f064ce53751acd1af8456a043843e4733455b6b2250258faeea7,16.10436700000014,-16.098588999999947
m0_probe__b0p95__v0p95__m04__f09__c137aba3461b78cdcd33,0.95,0.95,4,9,2.02223944e-09,2.403550248e-09,2.405032501e-09,5.440725397e-09,381.310808,382.7930610000002,-1.4822530000001848,-1.729146219e-07,-3.027015705e-07,0,stable_low,1,1.9509414557894736e-06,1,,/home/zhupl25/chiplet_side_channel/chiplet_gds_data/power_macro/delay_chain/ftc/runs/m0_detection_margin_characterization/r1/scenarios/m0_probe__b0p95__v0p95__m04__f09__c137aba3461b78cdcd33,69993a30cdc18a2708225921503060621edf01922f49635e2724b9346cb973d1,3cadeaa3bcb0f064ce53751acd1af8456a043843e4733455b6b2250258faeea7,24.305359000000124,-24.29773700000021
m0_probe__b0p95__v0p95__m05__f03__e5cae9dc810e8a3db582,0.95,0.95,5,3,2.02223944e-09,2.403652364e-09,2.402321544e-09,5.437985287e-09,381.4129240000002,380.08210400000024,1.3308199999999601,-8.806967021e-08,-5.490603385e-07,0,stable_low,1,2.022004485263158e-06,1,,/home/zhupl25/chiplet_side_channel/chiplet_gds_data/power_macro/delay_chain/ftc/runs/m0_detection_margin_characterization/r1/scenarios/m0_probe__b0p95__v0p95__m05__f03__e5cae9dc810e8a3db582,2ec1b071eb638688909eae1b9fdb3511b499f12fea27e8101f4f275784175a01,3cadeaa3bcb0f064ce53751acd1af8456a043843e4733455b6b2250258faeea7,21.594402000000173,-21.484664000000066
m0_probe__b0p95__v0p95__m05__f04__07a58c63ac92252acf89,0.95,0.95,5,4,2.02223944e-09,2.40365472e-09,2.409363729e-09,5.445029851e-09,381.41528000000017,387.1242890000004,-5.709009000000208,-6.312563574e-07,-5.544010257e-07,0,stable_low,1,2.2742384084210526e-06,1,,/home/zhupl25/chiplet_side_channel/chiplet_gds_data/power_macro/delay_chain/ftc/runs/m0_detection_margin_characterization/r1/scenarios/m0_probe__b0p95__v0p95__m05__f04__07a58c63ac92252acf89,70e76a437be8765115aaef226626e2bfe2b5d9d21a6cb3cd3b01b4b781ef2ad6,3cadeaa3bcb0f064ce53751acd1af8456a043843e4733455b6b2250258faeea7,28.636587000000304,-28.524493000000234
m0_probe__b0p95__v0p95__m05__f05__f0aef984ef52c06e4e18,0.95,0.95,5,5,2.02223944e-09,2.403656362e-09,2.416782779e-09,5.452359437e-09,381.41692200000034,394.543339,-13.126416999999662,-2.565607276e-07,-1.035066913e-06,0,stable_low,1,1.997131308421053e-06,1,,/home/zhupl25/chiplet_side_channel/chiplet_gds_data/power_macro/delay_chain/ftc/runs/m0_detection_margin_characterization/r1/scenarios/m0_probe__b0p95__v0p95__m05__f05__f0aef984ef52c06e4e18,41241960ece63d25a3c401687c72c8a5357d881f149254d1c4824a6ef3ef97b6,3cadeaa3bcb0f064ce53751acd1af8456a043843e4733455b6b2250258faeea7,36.05563699999993,-35.94190099999969
m0_probe__b0p95__v0p95__m05__f06__551d20db3f4f9a5fb066,0.95,0.95,5,6,2.02223944e-09,2.403657567e-09,2.424512925e-09,5.46000342e-09,381.41812700000025,402.2734850000002,-20.855357999999967,2.122490955e-07,-4.817658767e-07,0,stable_low,1,2.745143234736842e-06,1,,/home/zhupl25/chiplet_side_channel/chiplet_gds_data/power_macro/delay_chain/ftc/runs/m0_detection_margin_characterization/r1/scenarios/m0_probe__b0p95__v0p95__m05__f06__551d20db3f4f9a5fb066,6752adf242e4a3ca18e656ed93657925f5714c3243336e7b2309cfdb094ff256,3cadeaa3bcb0f064ce53751acd1af8456a043843e4733455b6b2250258faeea7,43.78578300000015,-43.67084199999999
m0_probe__b0p95__v0p95__m05__f07__7ac712dd34f0d7af40f9,0.95,0.95,5,7,2.02223944e-09,2.403658493e-09,2.432480237e-09,5.467992403e-09,381.41905300000025,410.24079700000027,-28.821744000000024,2.766251541e-08,-4.878406729e-07,0,stable_low,1,3.0486492063157895e-06,1,,/home/zhupl25/chiplet_side_channel/chiplet_gds_data/power_macro/delay_chain/ftc/runs/m0_detection_margin_characterization/r1/scenarios/m0_probe__b0p95__v0p95__m05__f07__7ac712dd34f0d7af40f9,01730920f0617356054cf48061ed4b979b6abb36f1f15b77a302fffcea93ca0b,3cadeaa3bcb0f064ce53751acd1af8456a043843e4733455b6b2250258faeea7,51.7530950000002,-51.63722800000005
m0_probe__b0p95__v0p95__m05__f08__248bbc83eb36fa40e66a,0.95,0.95,5,8,2.02223944e-09,2.403659227e-09,2.440598857e-09,5.476108843e-09,381.41978700000016,418.35941700000006,-36.93962999999991,-2.443411012e-07,-1.586395252e-07,0,stable_low,1,2.779345094736842e-06,1,,/home/zhupl25/chiplet_side_channel/chiplet_gds_data/power_macro/delay_chain/ftc/runs/m0_detection_margin_characterization/r1/scenarios/m0_probe__b0p95__v0p95__m05__f08__248bbc83eb36fa40e66a,eaf10a86d2bdbc2b9fea98f7ed5f7553d0e0a5555bea8feba9a1e673c897c23b,3cadeaa3bcb0f064ce53751acd1af8456a043843e4733455b6b2250258faeea7,59.871714999999995,-59.755113999999935
m0_probe__b0p95__v0p95__m05__f09__4c08b96793444fb0c90a,0.95,0.95,5,9,2.02223944e-09,2.403659815e-09,2.448830271e-09,5.484321565e-09,381.42037500000026,426.5908310000002,-45.170455999999945,-4.75975775e-07,3.883881569e-08,0,stable_low,1,2.085702907368421e-06,1,,/home/zhupl25/chiplet_side_channel/chiplet_gds_data/power_macro/delay_chain/ftc/runs/m0_detection_margin_characterization/r1/scenarios/m0_probe__b0p95__v0p95__m05__f09__4c08b96793444fb0c90a,fec0d4952b5b6396feb5bdbfcbe35433aa65af78f29783abf8714eb4eb20a62a,3cadeaa3bcb0f064ce53751acd1af8456a043843e4733455b6b2250258faeea7,68.10312900000014,-67.98593999999997
m0_probe__b1p10__v1p10__m01__f06__bb4181e4d0dd953aaa79,1.1,1.1,1,6,1.896564865e-09,2.136039827e-09,2.077588146e-09,5.100561143e-09,239.47496199999986,181.02328100000014,58.451680999999724,1.0999996648,1.0999996647,1,stable_high,1,1.8114008218181818e-06,1,,/home/zhupl25/chiplet_side_channel/chiplet_gds_data/power_macro/delay_chain/ftc/runs/m0_detection_margin_characterization/r1/scenarios/m0_probe__b1p10__v1p10__m01__f06__bb4181e4d0dd953aaa79,7b47ac49b64d26420ee99fb5c10dafa8d4ebc83182b38787cb2ed2414d2645b4,3cadeaa3bcb0f064ce53751acd1af8456a043843e4733455b6b2250258faeea7,-54.28057099999995,54.29607599999986
m0_probe__b1p10__v1p10__m01__f07__bc0f79b3f28f0b01126b,1.1,1.1,1,7,1.896564865e-09,2.136042402e-09,2.084581943e-09,5.107804167e-09,239.47753699999984,188.01707799999986,51.460458999999986,1.0999996656,1.0999996669,1,stable_high,1,2.1402835281818178e-06,1,,/home/zhupl25/chiplet_side_channel/chiplet_gds_data/power_macro/delay_chain/ftc/runs/m0_detection_margin_characterization/r1/scenarios/m0_probe__b1p10__v1p10__m01__f07__bc0f79b3f28f0b01126b,0c9c07e071a522635915076e9cebaa303a8a74738ee446ac11916c6d94d24e0c,3cadeaa3bcb0f064ce53751acd1af8456a043843e4733455b6b2250258faeea7,-47.286774000000236,47.30485400000012
m0_probe__b1p10__v1p10__m01__f08__7c86bd79694d0bb52a12,1.1,1.1,1,8,1.896564865e-09,2.136038872e-09,2.091632363e-09,5.114799755e-09,239.47400700000006,195.06749799999997,44.406509000000085,1.0999996663,1.0999996667,1,stable_high,1,1.7854979045454544e-06,1,,/home/zhupl25/chiplet_side_channel/chiplet_gds_data/power_macro/delay_chain/ftc/runs/m0_detection_margin_characterization/r1/scenarios/m0_probe__b1p10__v1p10__m01__f08__7c86bd79694d0bb52a12,e998d9d458a8c298263d126b3d412f77bdd74079bb6eed30390215a571b3b48d,3cadeaa3bcb0f064ce53751acd1af8456a043843e4733455b6b2250258faeea7,-40.23635400000012,40.25090400000022
m0_probe__b1p10__v1p10__m01__f09__51374369ff88bce32609,1.1,1.1,1,9,1.896564865e-09,2.136034714e-09,2.0987203e-09,5.12182653e-09,239.469849,202.1554350000001,37.314413999999914,1.0999996646,1.0999996661,1,stable_high,1,2.2477083027272726e-06,1,,/home/zhupl25/chiplet_side_channel/chiplet_gds_data/power_macro/delay_chain/ftc/runs/m0_detection_margin_characterization/r1/scenarios/m0_probe__b1p10__v1p10__m01__f09__51374369ff88bce32609,c92dcae172afec0df0f0718f9104be31a0b807eda16e917a6c171db51161f779,3cadeaa3bcb0f064ce53751acd1af8456a043843e4733455b6b2250258faeea7,-33.148416999999995,33.15880900000005
m0_probe__b1p10__v1p10__m01__f10__8e33e27cd1f46e2813a6,1.1,1.1,1,10,1.896564865e-09,2.13603215e-09,2.105836774e-09,5.128881856e-09,239.467285,209.27190899999994,30.195376000000067,1.0999996634,1.0999996647,1,stable_high,1,2.502603159090909e-06,1,,/home/zhupl25/chiplet_side_channel/chiplet_gds_data/power_macro/delay_chain/ftc/runs/m0_detection_margin_characterization/r1/scenarios/m0_probe__b1p10__v1p10__m01__f10__8e33e27cd1f46e2813a6,3c11056c6d71447dfce476ec647dc45db3abefc7d4568c2ca4927a952ecf80e1,3cadeaa3bcb0f064ce53751acd1af8456a043843e4733455b6b2250258faeea7,-26.031943000000155,26.0397710000002
m0_probe__b1p10__v1p10__m02__f06__07e823d9b246a59c91c2,1.1,1.1,2,6,1.896564865e-09,2.136025241e-09,2.110733674e-09,5.133643601e-09,239.4603760000002,214.16880900000004,25.291567000000157,1.0999996171,1.0999996145,1,stable_high,1,2.0191542727272725e-06,1,,/home/zhupl25/chiplet_side_channel/chiplet_gds_data/power_macro/delay_chain/ftc/runs/m0_detection_margin_characterization/r1/scenarios/m0_probe__b1p10__v1p10__m02__f06__07e823d9b246a59c91c2,2994164fa14a944cec6ad3502ca08065ce87a88dc805c32f863617b6abf49f8b,3cadeaa3bcb0f064ce53751acd1af8456a043843e4733455b6b2250258faeea7,-21.135043000000053,21.13596200000029
m0_probe__b1p10__v1p10__m02__f07__ba7e666c322a4a87fc70,1.1,1.1,2,7,1.896564865e-09,2.136023601e-09,2.117729061e-09,5.140482312e-09,239.4587359999999,221.164196,18.2945399999999,1.0999997382,1.0999996145,1,stable_high,1,2.2037400209090905e-06,1,,/home/zhupl25/chiplet_side_channel/chiplet_gds_data/power_macro/delay_chain/ftc/runs/m0_detection_margin_characterization/r1/scenarios/m0_probe__b1p10__v1p10__m02__f07__ba7e666c322a4a87fc70,f5648192573250c623b4d946614f576bb619c854e8a57dbd4c8e4f11e727d589,3cadeaa3bcb0f064ce53751acd1af8456a043843e4733455b6b2250258faeea7,-14.139656000000087,14.138935000000032
m0_probe__b1p10__v1p10__m02__f08__2e9bf982a3998d97c722,1.1,1.1,2,8,1.896564865e-09,2.136023618e-09,2.124779876e-09,5.147583603e-09,239.45875299999997,228.21501099999992,11.243742000000054,1.185716319e-07,2.249247518e-07,0,stable_low,1,2.3871755654545454e-06,1,,/home/zhupl25/chiplet_side_channel/chiplet_gds_data/power_macro/delay_chain/ftc/runs/m0_detection_margin_characterization/r1/scenarios/m0_probe__b1p10__v1p10__m02__f08__2e9bf982a3998d97c722,67870ab01148ff5a9e19f65bccc33b9267ad30f714b48f59975d376623f68564,3cadeaa3bcb0f064ce53751acd1af8456a043843e4733455b6b2250258faeea7,-7.088841000000173,7.088137000000188
m0_probe__b1p10__v1p10__m02__f09__274b8794097df4af5965,1.1,1.1,2,9,1.896564865e-09,2.136024322e-09,2.131868717e-09,5.154739354e-09,239.45945699999996,235.3038520000001,4.155604999999866,1.445564225e-07,1.442346307e-07,0,stable_low,1,2.213062195454545e-06,1,,/home/zhupl25/chiplet_side_channel/chiplet_gds_data/power_macro/delay_chain/ftc/runs/m0_detection_margin_characterization/r1/scenarios/m0_probe__b1p10__v1p10__m02__f09__274b8794097df4af5965,cb510303b652795aa681805203da11dfcf0166ae4fa38da9d6310bc6d4c739ac,3cadeaa3bcb0f064ce53751acd1af8456a043843e4733455b6b2250258faeea7,0.0,0.0
m0_probe__b1p10__v1p10__m02__f10__8be2de7da7cbf606fe9b,1.1,1.1,2,10,1.896564865e-09,2.13602518e-09,2.138980399e-09,5.161868858e-09,239.46031500000018,242.415534,-2.955218999999829,1.109787209e-07,1.3438539e-07,0,stable_low,1,2.915727718181818e-06,1,,/home/zhupl25/chiplet_side_channel/chiplet_gds_data/power_macro/delay_chain/ftc/runs/m0_detection_margin_characterization/r1/scenarios/m0_probe__b1p10__v1p10__m02__f10__8be2de7da7cbf606fe9b,6eec423619479ffa8a0df1ad4db5f9d0254149b3f2b32917562462f819d2fa9b,3cadeaa3bcb0f064ce53751acd1af8456a043843e4733455b6b2250258faeea7,7.111681999999917,-7.110823999999695
m0_probe__b1p10__v1p10__m03__f06__0036127275397508c080,1.1,1.1,3,6,1.896564865e-09,2.136045892e-09,2.143670166e-09,5.166879897e-09,239.4810269999999,247.10530099999988,-7.624273999999986,-1.167151053e-06,-1.161615983e-06,0,stable_low,1,1.7321816854545453e-06,1,,/home/zhupl25/chiplet_side_channel/chiplet_gds_data/power_macro/delay_chain/ftc/runs/m0_detection_margin_characterization/r1/scenarios/m0_probe__b1p10__v1p10__m03__f06__0036127275397508c080,f13560dea63a89898b68e17460071cb5fa4036c77a0a6df3507b376ddbbde6f0,3cadeaa3bcb0f064ce53751acd1af8456a043843e4733455b6b2250258faeea7,11.801448999999792,-11.779878999999852
m0_probe__b1p10__v1p10__m03__f07__8ff16ee89b2d0e2e970d,1.1,1.1,3,7,1.896564865e-09,2.136047218e-09,2.150631488e-09,5.173741498e-09,239.48235300000005,254.066623,-14.584269999999947,-1.820638425e-07,-1.840359672e-07,0,stable_low,1,2.0208045554545453e-06,1,,/home/zhupl25/chiplet_side_channel/chiplet_gds_data/power_macro/delay_chain/ftc/runs/m0_detection_margin_characterization/r1/scenarios/m0_probe__b1p10__v1p10__m03__f07__8ff16ee89b2d0e2e970d,d8660e5e66340eb581ba1356f562c9d3b32cded48b1609553d15f661cefb9c28,3cadeaa3bcb0f064ce53751acd1af8456a043843e4733455b6b2250258faeea7,18.7627709999999,-18.739874999999813
m0_probe__b1p10__v1p10__m03__f08__3d4c6e61ae61d8fa30d1,1.1,1.1,3,8,1.896564865e-09,2.1360482e-09,2.157671645e-09,5.180798665e-09,239.48333500000015,261.10677999999984,-21.62344499999969,4.935793211e-08,4.99135898e-08,0,stable_low,1,1.846061439090909e-06,1,,/home/zhupl25/chiplet_side_channel/chiplet_gds_data/power_macro/delay_chain/ftc/runs/m0_detection_margin_characterization/r1/scenarios/m0_probe__b1p10__v1p10__m03__f08__3d4c6e61ae61d8fa30d1,18c426611c00ce4868e950d8fa64a03f2fcb63450b71b9b558599dc5c1554e88,3cadeaa3bcb0f064ce53751acd1af8456a043843e4733455b6b2250258faeea7,25.802927999999753,-25.779049999999557
m0_probe__b1p10__v1p10__m03__f09__daba31837ad4c50c6a09,1.1,1.1,3,9,1.896564865e-09,2.136048936e-09,2.164772128e-09,5.188190601e-09,239.48407099999997,268.20726300000007,-28.723192000000097,-1.912910237e-06,7.287655975e-07,0,stable_low,1,2.297496445454545e-06,1,,/home/zhupl25/chiplet_side_channel/chiplet_gds_data/power_macro/delay_chain/ftc/runs/m0_detection_margin_characterization/r1/scenarios/m0_probe__b1p10__v1p10__m03__f09__daba31837ad4c50c6a09,922a5e5319ee1d6b6fa464c4663939a2e240c9d48ee6e70af61eb48634122949,3cadeaa3bcb0f064ce53751acd1af8456a043843e4733455b6b2250258faeea7,32.90341099999998,-32.87879699999996
m0_probe__b1p10__v1p10__m03__f10__ab94cf51af4fc10777d8,1.1,1.1,3,10,1.896564865e-09,2.136049511e-09,2.17191501e-09,5.194857561e-09,239.48464600000014,275.350145,-35.86549899999986,-8.043631789e-07,-8.107009822e-07,0,stable_low,1,3.231216297272727e-06,1,,/home/zhupl25/chiplet_side_channel/chiplet_gds_data/power_macro/delay_chain/ftc/runs/m0_detection_margin_characterization/r1/scenarios/m0_probe__b1p10__v1p10__m03__f10__ab94cf51af4fc10777d8,a9098d1c555da2aa3869c1d520895104c39f1a41b25b87e71c868c08da4e3557,3cadeaa3bcb0f064ce53751acd1af8456a043843e4733455b6b2250258faeea7,40.046292999999906,-40.021103999999724
