voltage_v,margin,rule,normal_count,normal_alarm_count,fpr,droop_count,droop_alarm_count,tpr,fnr
0.92,0,D_M > margin,30,1,0.03333333333333333,30,29,0.9666666666666667,0.033333333333333326
0.92,1,D_M > margin,30,1,0.03333333333333333,30,29,0.9666666666666667,0.033333333333333326
0.92,2,D_M > margin,30,1,0.03333333333333333,30,28,0.9333333333333333,0.06666666666666665
0.92,3,D_M > margin,30,1,0.03333333333333333,30,28,0.9333333333333333,0.06666666666666665
0.92,4,D_M > margin,30,1,0.03333333333333333,30,28,0.9333333333333333,0.06666666666666665
0.92,5,D_M > margin,30,1,0.03333333333333333,30,28,0.9333333333333333,0.06666666666666665
0.92,6,D_M > margin,30,1,0.03333333333333333,30,28,0.9333333333333333,0.06666666666666665
0.92,7,D_M > margin,30,0,0.0,30,28,0.9333333333333333,0.06666666666666665
0.92,8,D_M > margin,30,0,0.0,30,28,0.9333333333333333,0.06666666666666665
0.92,9,D_M > margin,30,0,0.0,30,27,0.9,0.09999999999999998
0.92,10,D_M > margin,30,0,0.0,30,27,0.9,0.09999999999999998
0.92,11,D_M > margin,30,0,0.0,30,27,0.9,0.09999999999999998
0.92,12,D_M > margin,30,0,0.0,30,26,0.8666666666666667,0.1333333333333333
0.92,13,D_M > margin,30,0,0.0,30,24,0.8,0.19999999999999996
0.92,14,D_M > margin,30,0,0.0,30,22,0.7333333333333333,0.2666666666666667
0.92,15,D_M > margin,30,0,0.0,30,21,0.7,0.30000000000000004
0.92,16,D_M > margin,30,0,0.0,30,20,0.6666666666666666,0.33333333333333337
0.92,17,D_M > margin,30,0,0.0,30,20,0.6666666666666666,0.33333333333333337
0.92,18,D_M > margin,30,0,0.0,30,19,0.6333333333333333,0.3666666666666667
0.92,19,D_M > margin,30,0,0.0,30,19,0.6333333333333333,0.3666666666666667
0.92,20,D_M > margin,30,0,0.0,30,19,0.6333333333333333,0.3666666666666667
0.92,21,D_M > margin,30,0,0.0,30,19,0.6333333333333333,0.3666666666666667
0.92,22,D_M > margin,30,0,0.0,30,17,0.5666666666666667,0.43333333333333335
0.92,23,D_M > margin,30,0,0.0,30,17,0.5666666666666667,0.43333333333333335
0.92,24,D_M > margin,30,0,0.0,30,17,0.5666666666666667,0.43333333333333335
0.92,25,D_M > margin,30,0,0.0,30,17,0.5666666666666667,0.43333333333333335
0.92,26,D_M > margin,30,0,0.0,30,15,0.5,0.5
0.92,27,D_M > margin,30,0,0.0,30,14,0.4666666666666667,0.5333333333333333
0.92,28,D_M > margin,30,0,0.0,30,12,0.4,0.6
0.92,29,D_M > margin,30,0,0.0,30,12,0.4,0.6
0.92,30,D_M > margin,30,0,0.0,30,10,0.3333333333333333,0.6666666666666667
0.92,31,D_M > margin,30,0,0.0,30,10,0.3333333333333333,0.6666666666666667
0.92,32,D_M > margin,30,0,0.0,30,10,0.3333333333333333,0.6666666666666667
0.92,33,D_M > margin,30,0,0.0,30,10,0.3333333333333333,0.6666666666666667
0.92,34,D_M > margin,30,0,0.0,30,10,0.3333333333333333,0.6666666666666667
0.92,35,D_M > margin,30,0,0.0,30,10,0.3333333333333333,0.6666666666666667
0.92,36,D_M > margin,30,0,0.0,30,10,0.3333333333333333,0.6666666666666667
0.92,37,D_M > margin,30,0,0.0,30,8,0.26666666666666666,0.7333333333333334
0.92,38,D_M > margin,30,0,0.0,30,8,0.26666666666666666,0.7333333333333334
0.92,39,D_M > margin,30,0,0.0,30,6,0.2,0.8
0.92,40,D_M > margin,30,0,0.0,30,3,0.1,0.9
0.92,41,D_M > margin,30,0,0.0,30,2,0.06666666666666667,0.9333333333333333
0.92,42,D_M > margin,30,0,0.0,30,2,0.06666666666666667,0.9333333333333333
0.92,43,D_M > margin,30,0,0.0,30,0,0.0,1.0
0.92,44,D_M > margin,30,0,0.0,30,0,0.0,1.0
0.92,45,D_M > margin,30,0,0.0,30,0,0.0,1.0
0.92,46,D_M > margin,30,0,0.0,30,0,0.0,1.0
0.92,47,D_M > margin,30,0,0.0,30,0,0.0,1.0
0.92,48,D_M > margin,30,0,0.0,30,0,0.0,1.0
0.92,49,D_M > margin,30,0,0.0,30,0,0.0,1.0
0.92,50,D_M > margin,30,0,0.0,30,0,0.0,1.0
0.92,51,D_M > margin,30,0,0.0,30,0,0.0,1.0
0.92,52,D_M > margin,30,0,0.0,30,0,0.0,1.0
0.92,53,D_M > margin,30,0,0.0,30,0,0.0,1.0
0.92,54,D_M > margin,30,0,0.0,30,0,0.0,1.0
0.92,55,D_M > margin,30,0,0.0,30,0,0.0,1.0
0.92,56,D_M > margin,30,0,0.0,30,0,0.0,1.0
0.92,57,D_M > margin,30,0,0.0,30,0,0.0,1.0
0.92,58,D_M > margin,30,0,0.0,30,0,0.0,1.0
0.92,59,D_M > margin,30,0,0.0,30,0,0.0,1.0
0.92,60,D_M > margin,30,0,0.0,30,0,0.0,1.0
0.92,61,D_M > margin,30,0,0.0,30,0,0.0,1.0
0.92,62,D_M > margin,30,0,0.0,30,0,0.0,1.0
0.92,63,D_M > margin,30,0,0.0,30,0,0.0,1.0
0.92,64,D_M > margin,30,0,0.0,30,0,0.0,1.0
0.92,65,D_M > margin,30,0,0.0,30,0,0.0,1.0
0.92,66,D_M > margin,30,0,0.0,30,0,0.0,1.0
0.92,67,D_M > margin,30,0,0.0,30,0,0.0,1.0
0.92,68,D_M > margin,30,0,0.0,30,0,0.0,1.0
0.92,69,D_M > margin,30,0,0.0,30,0,0.0,1.0
0.92,70,D_M > margin,30,0,0.0,30,0,0.0,1.0
0.92,71,D_M > margin,30,0,0.0,30,0,0.0,1.0
0.92,72,D_M > margin,30,0,0.0,30,0,0.0,1.0
0.92,73,D_M > margin,30,0,0.0,30,0,0.0,1.0
0.92,74,D_M > margin,30,0,0.0,30,0,0.0,1.0
0.92,75,D_M > margin,30,0,0.0,30,0,0.0,1.0
0.92,76,D_M > margin,30,0,0.0,30,0,0.0,1.0
0.92,77,D_M > margin,30,0,0.0,30,0,0.0,1.0
0.92,78,D_M > margin,30,0,0.0,30,0,0.0,1.0
0.92,79,D_M > margin,30,0,0.0,30,0,0.0,1.0
0.92,80,D_M > margin,30,0,0.0,30,0,0.0,1.0
0.92,81,D_M > margin,30,0,0.0,30,0,0.0,1.0
0.92,82,D_M > margin,30,0,0.0,30,0,0.0,1.0
0.92,83,D_M > margin,30,0,0.0,30,0,0.0,1.0
0.92,84,D_M > margin,30,0,0.0,30,0,0.0,1.0
0.92,85,D_M > margin,30,0,0.0,30,0,0.0,1.0
0.92,86,D_M > margin,30,0,0.0,30,0,0.0,1.0
0.92,87,D_M > margin,30,0,0.0,30,0,0.0,1.0
0.92,88,D_M > margin,30,0,0.0,30,0,0.0,1.0
0.92,89,D_M > margin,30,0,0.0,30,0,0.0,1.0
0.92,90,D_M > margin,30,0,0.0,30,0,0.0,1.0
0.92,91,D_M > margin,30,0,0.0,30,0,0.0,1.0
0.92,92,D_M > margin,30,0,0.0,30,0,0.0,1.0
0.92,93,D_M > margin,30,0,0.0,30,0,0.0,1.0
0.92,94,D_M > margin,30,0,0.0,30,0,0.0,1.0
0.92,95,D_M > margin,30,0,0.0,30,0,0.0,1.0
0.92,96,D_M > margin,30,0,0.0,30,0,0.0,1.0
0.92,97,D_M > margin,30,0,0.0,30,0,0.0,1.0
0.92,98,D_M > margin,30,0,0.0,30,0,0.0,1.0
0.92,99,D_M > margin,30,0,0.0,30,0,0.0,1.0
0.92,100,D_M > margin,30,0,0.0,30,0,0.0,1.0
0.92,101,D_M > margin,30,0,0.0,30,0,0.0,1.0
0.92,102,D_M > margin,30,0,0.0,30,0,0.0,1.0
0.92,103,D_M > margin,30,0,0.0,30,0,0.0,1.0
0.92,104,D_M > margin,30,0,0.0,30,0,0.0,1.0
0.92,105,D_M > margin,30,0,0.0,30,0,0.0,1.0
0.92,106,D_M > margin,30,0,0.0,30,0,0.0,1.0
0.92,107,D_M > margin,30,0,0.0,30,0,0.0,1.0
0.92,108,D_M > margin,30,0,0.0,30,0,0.0,1.0
0.92,109,D_M > margin,30,0,0.0,30,0,0.0,1.0
0.92,110,D_M > margin,30,0,0.0,30,0,0.0,1.0
0.92,111,D_M > margin,30,0,0.0,30,0,0.0,1.0
0.92,112,D_M > margin,30,0,0.0,30,0,0.0,1.0
0.92,113,D_M > margin,30,0,0.0,30,0,0.0,1.0
0.92,114,D_M > margin,30,0,0.0,30,0,0.0,1.0
0.92,115,D_M > margin,30,0,0.0,30,0,0.0,1.0
0.92,116,D_M > margin,30,0,0.0,30,0,0.0,1.0
0.92,117,D_M > margin,30,0,0.0,30,0,0.0,1.0
0.92,118,D_M > margin,30,0,0.0,30,0,0.0,1.0
0.92,119,D_M > margin,30,0,0.0,30,0,0.0,1.0
0.92,120,D_M > margin,30,0,0.0,30,0,0.0,1.0
0.92,121,D_M > margin,30,0,0.0,30,0,0.0,1.0
0.92,122,D_M > margin,30,0,0.0,30,0,0.0,1.0
0.92,123,D_M > margin,30,0,0.0,30,0,0.0,1.0
0.92,124,D_M > margin,30,0,0.0,30,0,0.0,1.0
0.92,125,D_M > margin,30,0,0.0,30,0,0.0,1.0
0.92,126,D_M > margin,30,0,0.0,30,0,0.0,1.0
0.92,127,D_M > margin,30,0,0.0,30,0,0.0,1.0
0.92,128,D_M > margin,30,0,0.0,30,0,0.0,1.0
0.92,129,D_M > margin,30,0,0.0,30,0,0.0,1.0
0.92,130,D_M > margin,30,0,0.0,30,0,0.0,1.0
0.92,131,D_M > margin,30,0,0.0,30,0,0.0,1.0
0.92,132,D_M > margin,30,0,0.0,30,0,0.0,1.0
0.92,133,D_M > margin,30,0,0.0,30,0,0.0,1.0
0.92,134,D_M > margin,30,0,0.0,30,0,0.0,1.0
0.92,135,D_M > margin,30,0,0.0,30,0,0.0,1.0
0.92,136,D_M > margin,30,0,0.0,30,0,0.0,1.0
0.92,137,D_M > margin,30,0,0.0,30,0,0.0,1.0
0.92,138,D_M > margin,30,0,0.0,30,0,0.0,1.0
0.92,139,D_M > margin,30,0,0.0,30,0,0.0,1.0
0.92,140,D_M > margin,30,0,0.0,30,0,0.0,1.0
0.92,141,D_M > margin,30,0,0.0,30,0,0.0,1.0
0.92,142,D_M > margin,30,0,0.0,30,0,0.0,1.0
0.92,143,D_M > margin,30,0,0.0,30,0,0.0,1.0
0.92,144,D_M > margin,30,0,0.0,30,0,0.0,1.0
0.92,145,D_M > margin,30,0,0.0,30,0,0.0,1.0
0.92,146,D_M > margin,30,0,0.0,30,0,0.0,1.0
0.92,147,D_M > margin,30,0,0.0,30,0,0.0,1.0
0.92,148,D_M > margin,30,0,0.0,30,0,0.0,1.0
0.92,149,D_M > margin,30,0,0.0,30,0,0.0,1.0
0.92,150,D_M > margin,30,0,0.0,30,0,0.0,1.0
0.92,151,D_M > margin,30,0,0.0,30,0,0.0,1.0
0.92,152,D_M > margin,30,0,0.0,30,0,0.0,1.0
0.92,153,D_M > margin,30,0,0.0,30,0,0.0,1.0
0.92,154,D_M > margin,30,0,0.0,30,0,0.0,1.0
0.92,155,D_M > margin,30,0,0.0,30,0,0.0,1.0
0.92,156,D_M > margin,30,0,0.0,30,0,0.0,1.0
0.92,157,D_M > margin,30,0,0.0,30,0,0.0,1.0
0.92,158,D_M > margin,30,0,0.0,30,0,0.0,1.0
0.92,159,D_M > margin,30,0,0.0,30,0,0.0,1.0
0.92,160,D_M > margin,30,0,0.0,30,0,0.0,1.0
0.92,161,D_M > margin,30,0,0.0,30,0,0.0,1.0
0.92,162,D_M > margin,30,0,0.0,30,0,0.0,1.0
0.92,163,D_M > margin,30,0,0.0,30,0,0.0,1.0
0.92,164,D_M > margin,30,0,0.0,30,0,0.0,1.0
0.92,165,D_M > margin,30,0,0.0,30,0,0.0,1.0
0.92,166,D_M > margin,30,0,0.0,30,0,0.0,1.0
0.92,167,D_M > margin,30,0,0.0,30,0,0.0,1.0
0.92,168,D_M > margin,30,0,0.0,30,0,0.0,1.0
0.92,169,D_M > margin,30,0,0.0,30,0,0.0,1.0
0.92,170,D_M > margin,30,0,0.0,30,0,0.0,1.0
0.92,171,D_M > margin,30,0,0.0,30,0,0.0,1.0
0.92,172,D_M > margin,30,0,0.0,30,0,0.0,1.0
0.92,173,D_M > margin,30,0,0.0,30,0,0.0,1.0
0.92,174,D_M > margin,30,0,0.0,30,0,0.0,1.0
0.92,175,D_M > margin,30,0,0.0,30,0,0.0,1.0
0.92,176,D_M > margin,30,0,0.0,30,0,0.0,1.0
0.92,177,D_M > margin,30,0,0.0,30,0,0.0,1.0
0.92,178,D_M > margin,30,0,0.0,30,0,0.0,1.0
0.92,179,D_M > margin,30,0,0.0,30,0,0.0,1.0
0.92,180,D_M > margin,30,0,0.0,30,0,0.0,1.0
0.92,181,D_M > margin,30,0,0.0,30,0,0.0,1.0
0.92,182,D_M > margin,30,0,0.0,30,0,0.0,1.0
0.92,183,D_M > margin,30,0,0.0,30,0,0.0,1.0
0.92,184,D_M > margin,30,0,0.0,30,0,0.0,1.0
0.92,185,D_M > margin,30,0,0.0,30,0,0.0,1.0
0.92,186,D_M > margin,30,0,0.0,30,0,0.0,1.0
0.92,187,D_M > margin,30,0,0.0,30,0,0.0,1.0
0.92,188,D_M > margin,30,0,0.0,30,0,0.0,1.0
0.92,189,D_M > margin,30,0,0.0,30,0,0.0,1.0
0.92,190,D_M > margin,30,0,0.0,30,0,0.0,1.0
0.92,191,D_M > margin,30,0,0.0,30,0,0.0,1.0
0.92,192,D_M > margin,30,0,0.0,30,0,0.0,1.0
0.92,193,D_M > margin,30,0,0.0,30,0,0.0,1.0
0.92,194,D_M > margin,30,0,0.0,30,0,0.0,1.0
0.92,195,D_M > margin,30,0,0.0,30,0,0.0,1.0
0.92,196,D_M > margin,30,0,0.0,30,0,0.0,1.0
0.92,197,D_M > margin,30,0,0.0,30,0,0.0,1.0
0.92,198,D_M > margin,30,0,0.0,30,0,0.0,1.0
0.92,199,D_M > margin,30,0,0.0,30,0,0.0,1.0
0.92,200,D_M > margin,30,0,0.0,30,0,0.0,1.0
0.92,201,D_M > margin,30,0,0.0,30,0,0.0,1.0
0.92,202,D_M > margin,30,0,0.0,30,0,0.0,1.0
0.92,203,D_M > margin,30,0,0.0,30,0,0.0,1.0
0.92,204,D_M > margin,30,0,0.0,30,0,0.0,1.0
0.92,205,D_M > margin,30,0,0.0,30,0,0.0,1.0
0.92,206,D_M > margin,30,0,0.0,30,0,0.0,1.0
0.92,207,D_M > margin,30,0,0.0,30,0,0.0,1.0
0.92,208,D_M > margin,30,0,0.0,30,0,0.0,1.0
0.92,209,D_M > margin,30,0,0.0,30,0,0.0,1.0
0.92,210,D_M > margin,30,0,0.0,30,0,0.0,1.0
0.92,211,D_M > margin,30,0,0.0,30,0,0.0,1.0
0.92,212,D_M > margin,30,0,0.0,30,0,0.0,1.0
0.92,213,D_M > margin,30,0,0.0,30,0,0.0,1.0
0.92,214,D_M > margin,30,0,0.0,30,0,0.0,1.0
0.92,215,D_M > margin,30,0,0.0,30,0,0.0,1.0
0.92,216,D_M > margin,30,0,0.0,30,0,0.0,1.0
0.92,217,D_M > margin,30,0,0.0,30,0,0.0,1.0
0.92,218,D_M > margin,30,0,0.0,30,0,0.0,1.0
0.92,219,D_M > margin,30,0,0.0,30,0,0.0,1.0
0.92,220,D_M > margin,30,0,0.0,30,0,0.0,1.0
0.92,221,D_M > margin,30,0,0.0,30,0,0.0,1.0
0.92,222,D_M > margin,30,0,0.0,30,0,0.0,1.0
0.92,223,D_M > margin,30,0,0.0,30,0,0.0,1.0
0.92,224,D_M > margin,30,0,0.0,30,0,0.0,1.0
0.92,225,D_M > margin,30,0,0.0,30,0,0.0,1.0
0.92,226,D_M > margin,30,0,0.0,30,0,0.0,1.0
0.92,227,D_M > margin,30,0,0.0,30,0,0.0,1.0
0.92,228,D_M > margin,30,0,0.0,30,0,0.0,1.0
0.92,229,D_M > margin,30,0,0.0,30,0,0.0,1.0
0.92,230,D_M > margin,30,0,0.0,30,0,0.0,1.0
0.92,231,D_M > margin,30,0,0.0,30,0,0.0,1.0
0.92,232,D_M > margin,30,0,0.0,30,0,0.0,1.0
0.92,233,D_M > margin,30,0,0.0,30,0,0.0,1.0
0.92,234,D_M > margin,30,0,0.0,30,0,0.0,1.0
0.92,235,D_M > margin,30,0,0.0,30,0,0.0,1.0
0.92,236,D_M > margin,30,0,0.0,30,0,0.0,1.0
0.92,237,D_M > margin,30,0,0.0,30,0,0.0,1.0
0.92,238,D_M > margin,30,0,0.0,30,0,0.0,1.0
0.92,239,D_M > margin,30,0,0.0,30,0,0.0,1.0
0.92,240,D_M > margin,30,0,0.0,30,0,0.0,1.0
0.92,241,D_M > margin,30,0,0.0,30,0,0.0,1.0
0.92,242,D_M > margin,30,0,0.0,30,0,0.0,1.0
0.92,243,D_M > margin,30,0,0.0,30,0,0.0,1.0
0.92,244,D_M > margin,30,0,0.0,30,0,0.0,1.0
0.92,245,D_M > margin,30,0,0.0,30,0,0.0,1.0
0.92,246,D_M > margin,30,0,0.0,30,0,0.0,1.0
0.92,247,D_M > margin,30,0,0.0,30,0,0.0,1.0
0.92,248,D_M > margin,30,0,0.0,30,0,0.0,1.0
0.92,249,D_M > margin,30,0,0.0,30,0,0.0,1.0
0.92,250,D_M > margin,30,0,0.0,30,0,0.0,1.0
0.92,251,D_M > margin,30,0,0.0,30,0,0.0,1.0
0.92,252,D_M > margin,30,0,0.0,30,0,0.0,1.0
0.92,253,D_M > margin,30,0,0.0,30,0,0.0,1.0
0.92,254,D_M > margin,30,0,0.0,30,0,0.0,1.0
0.92,255,D_M > margin,30,0,0.0,30,0,0.0,1.0
0.92,256,D_M > margin,30,0,0.0,30,0,0.0,1.0
0.92,257,D_M > margin,30,0,0.0,30,0,0.0,1.0
0.92,258,D_M > margin,30,0,0.0,30,0,0.0,1.0
0.92,259,D_M > margin,30,0,0.0,30,0,0.0,1.0
0.92,260,D_M > margin,30,0,0.0,30,0,0.0,1.0
0.92,261,D_M > margin,30,0,0.0,30,0,0.0,1.0
0.92,262,D_M > margin,30,0,0.0,30,0,0.0,1.0
0.92,263,D_M > margin,30,0,0.0,30,0,0.0,1.0
0.92,264,D_M > margin,30,0,0.0,30,0,0.0,1.0
0.92,265,D_M > margin,30,0,0.0,30,0,0.0,1.0
0.92,266,D_M > margin,30,0,0.0,30,0,0.0,1.0
0.92,267,D_M > margin,30,0,0.0,30,0,0.0,1.0
0.92,268,D_M > margin,30,0,0.0,30,0,0.0,1.0
0.92,269,D_M > margin,30,0,0.0,30,0,0.0,1.0
0.92,270,D_M > margin,30,0,0.0,30,0,0.0,1.0
0.92,271,D_M > margin,30,0,0.0,30,0,0.0,1.0
0.92,272,D_M > margin,30,0,0.0,30,0,0.0,1.0
0.92,273,D_M > margin,30,0,0.0,30,0,0.0,1.0
0.92,274,D_M > margin,30,0,0.0,30,0,0.0,1.0
0.92,275,D_M > margin,30,0,0.0,30,0,0.0,1.0
0.92,276,D_M > margin,30,0,0.0,30,0,0.0,1.0
0.92,277,D_M > margin,30,0,0.0,30,0,0.0,1.0
0.92,278,D_M > margin,30,0,0.0,30,0,0.0,1.0
0.92,279,D_M > margin,30,0,0.0,30,0,0.0,1.0
0.92,280,D_M > margin,30,0,0.0,30,0,0.0,1.0
0.92,281,D_M > margin,30,0,0.0,30,0,0.0,1.0
0.92,282,D_M > margin,30,0,0.0,30,0,0.0,1.0
0.92,283,D_M > margin,30,0,0.0,30,0,0.0,1.0
0.92,284,D_M > margin,30,0,0.0,30,0,0.0,1.0
0.92,285,D_M > margin,30,0,0.0,30,0,0.0,1.0
0.92,286,D_M > margin,30,0,0.0,30,0,0.0,1.0
0.92,287,D_M > margin,30,0,0.0,30,0,0.0,1.0
0.92,288,D_M > margin,30,0,0.0,30,0,0.0,1.0
0.92,289,D_M > margin,30,0,0.0,30,0,0.0,1.0
0.92,290,D_M > margin,30,0,0.0,30,0,0.0,1.0
0.92,291,D_M > margin,30,0,0.0,30,0,0.0,1.0
0.92,292,D_M > margin,30,0,0.0,30,0,0.0,1.0
0.92,293,D_M > margin,30,0,0.0,30,0,0.0,1.0
0.92,294,D_M > margin,30,0,0.0,30,0,0.0,1.0
0.92,295,D_M > margin,30,0,0.0,30,0,0.0,1.0
0.92,296,D_M > margin,30,0,0.0,30,0,0.0,1.0
0.92,297,D_M > margin,30,0,0.0,30,0,0.0,1.0
0.92,298,D_M > margin,30,0,0.0,30,0,0.0,1.0
0.92,299,D_M > margin,30,0,0.0,30,0,0.0,1.0
0.92,300,D_M > margin,30,0,0.0,30,0,0.0,1.0
0.92,301,D_M > margin,30,0,0.0,30,0,0.0,1.0
0.92,302,D_M > margin,30,0,0.0,30,0,0.0,1.0
0.92,303,D_M > margin,30,0,0.0,30,0,0.0,1.0
0.92,304,D_M > margin,30,0,0.0,30,0,0.0,1.0
0.92,305,D_M > margin,30,0,0.0,30,0,0.0,1.0
0.92,306,D_M > margin,30,0,0.0,30,0,0.0,1.0
0.92,307,D_M > margin,30,0,0.0,30,0,0.0,1.0
0.92,308,D_M > margin,30,0,0.0,30,0,0.0,1.0
0.92,309,D_M > margin,30,0,0.0,30,0,0.0,1.0
0.92,310,D_M > margin,30,0,0.0,30,0,0.0,1.0
0.92,311,D_M > margin,30,0,0.0,30,0,0.0,1.0
0.92,312,D_M > margin,30,0,0.0,30,0,0.0,1.0
0.92,313,D_M > margin,30,0,0.0,30,0,0.0,1.0
0.92,314,D_M > margin,30,0,0.0,30,0,0.0,1.0
0.92,315,D_M > margin,30,0,0.0,30,0,0.0,1.0
0.92,316,D_M > margin,30,0,0.0,30,0,0.0,1.0
0.92,317,D_M > margin,30,0,0.0,30,0,0.0,1.0
0.92,318,D_M > margin,30,0,0.0,30,0,0.0,1.0
0.92,319,D_M > margin,30,0,0.0,30,0,0.0,1.0
0.92,320,D_M > margin,30,0,0.0,30,0,0.0,1.0
0.92,321,D_M > margin,30,0,0.0,30,0,0.0,1.0
0.92,322,D_M > margin,30,0,0.0,30,0,0.0,1.0
0.92,323,D_M > margin,30,0,0.0,30,0,0.0,1.0
0.92,324,D_M > margin,30,0,0.0,30,0,0.0,1.0
0.92,325,D_M > margin,30,0,0.0,30,0,0.0,1.0
0.92,326,D_M > margin,30,0,0.0,30,0,0.0,1.0
0.92,327,D_M > margin,30,0,0.0,30,0,0.0,1.0
0.92,328,D_M > margin,30,0,0.0,30,0,0.0,1.0
0.92,329,D_M > margin,30,0,0.0,30,0,0.0,1.0
0.92,330,D_M > margin,30,0,0.0,30,0,0.0,1.0
0.92,331,D_M > margin,30,0,0.0,30,0,0.0,1.0
0.92,332,D_M > margin,30,0,0.0,30,0,0.0,1.0
0.92,333,D_M > margin,30,0,0.0,30,0,0.0,1.0
0.92,334,D_M > margin,30,0,0.0,30,0,0.0,1.0
0.92,335,D_M > margin,30,0,0.0,30,0,0.0,1.0
0.92,336,D_M > margin,30,0,0.0,30,0,0.0,1.0
0.92,337,D_M > margin,30,0,0.0,30,0,0.0,1.0
0.92,338,D_M > margin,30,0,0.0,30,0,0.0,1.0
0.92,339,D_M > margin,30,0,0.0,30,0,0.0,1.0
0.92,340,D_M > margin,30,0,0.0,30,0,0.0,1.0
0.92,341,D_M > margin,30,0,0.0,30,0,0.0,1.0
0.92,342,D_M > margin,30,0,0.0,30,0,0.0,1.0
0.92,343,D_M > margin,30,0,0.0,30,0,0.0,1.0
0.92,344,D_M > margin,30,0,0.0,30,0,0.0,1.0
0.92,345,D_M > margin,30,0,0.0,30,0,0.0,1.0
0.92,346,D_M > margin,30,0,0.0,30,0,0.0,1.0
0.92,347,D_M > margin,30,0,0.0,30,0,0.0,1.0
0.92,348,D_M > margin,30,0,0.0,30,0,0.0,1.0
0.92,349,D_M > margin,30,0,0.0,30,0,0.0,1.0
0.92,350,D_M > margin,30,0,0.0,30,0,0.0,1.0
0.92,351,D_M > margin,30,0,0.0,30,0,0.0,1.0
0.92,352,D_M > margin,30,0,0.0,30,0,0.0,1.0
0.92,353,D_M > margin,30,0,0.0,30,0,0.0,1.0
0.92,354,D_M > margin,30,0,0.0,30,0,0.0,1.0
0.92,355,D_M > margin,30,0,0.0,30,0,0.0,1.0
0.92,356,D_M > margin,30,0,0.0,30,0,0.0,1.0
0.92,357,D_M > margin,30,0,0.0,30,0,0.0,1.0
0.92,358,D_M > margin,30,0,0.0,30,0,0.0,1.0
0.92,359,D_M > margin,30,0,0.0,30,0,0.0,1.0
0.92,360,D_M > margin,30,0,0.0,30,0,0.0,1.0
0.92,361,D_M > margin,30,0,0.0,30,0,0.0,1.0
0.92,362,D_M > margin,30,0,0.0,30,0,0.0,1.0
0.92,363,D_M > margin,30,0,0.0,30,0,0.0,1.0
0.92,364,D_M > margin,30,0,0.0,30,0,0.0,1.0
0.92,365,D_M > margin,30,0,0.0,30,0,0.0,1.0
0.92,366,D_M > margin,30,0,0.0,30,0,0.0,1.0
0.92,367,D_M > margin,30,0,0.0,30,0,0.0,1.0
0.92,368,D_M > margin,30,0,0.0,30,0,0.0,1.0
0.92,369,D_M > margin,30,0,0.0,30,0,0.0,1.0
0.92,370,D_M > margin,30,0,0.0,30,0,0.0,1.0
0.92,371,D_M > margin,30,0,0.0,30,0,0.0,1.0
0.92,372,D_M > margin,30,0,0.0,30,0,0.0,1.0
0.92,373,D_M > margin,30,0,0.0,30,0,0.0,1.0
0.92,374,D_M > margin,30,0,0.0,30,0,0.0,1.0
0.92,375,D_M > margin,30,0,0.0,30,0,0.0,1.0
0.92,376,D_M > margin,30,0,0.0,30,0,0.0,1.0
0.92,377,D_M > margin,30,0,0.0,30,0,0.0,1.0
0.92,378,D_M > margin,30,0,0.0,30,0,0.0,1.0
0.92,379,D_M > margin,30,0,0.0,30,0,0.0,1.0
0.92,380,D_M > margin,30,0,0.0,30,0,0.0,1.0
0.92,381,D_M > margin,30,0,0.0,30,0,0.0,1.0
0.92,382,D_M > margin,30,0,0.0,30,0,0.0,1.0
0.92,383,D_M > margin,30,0,0.0,30,0,0.0,1.0
0.92,384,D_M > margin,30,0,0.0,30,0,0.0,1.0
0.92,385,D_M > margin,30,0,0.0,30,0,0.0,1.0
0.92,386,D_M > margin,30,0,0.0,30,0,0.0,1.0
0.92,387,D_M > margin,30,0,0.0,30,0,0.0,1.0
0.92,388,D_M > margin,30,0,0.0,30,0,0.0,1.0
0.92,389,D_M > margin,30,0,0.0,30,0,0.0,1.0
0.92,390,D_M > margin,30,0,0.0,30,0,0.0,1.0
0.92,391,D_M > margin,30,0,0.0,30,0,0.0,1.0
0.92,392,D_M > margin,30,0,0.0,30,0,0.0,1.0
0.92,393,D_M > margin,30,0,0.0,30,0,0.0,1.0
0.92,394,D_M > margin,30,0,0.0,30,0,0.0,1.0
0.92,395,D_M > margin,30,0,0.0,30,0,0.0,1.0
0.92,396,D_M > margin,30,0,0.0,30,0,0.0,1.0
0.92,397,D_M > margin,30,0,0.0,30,0,0.0,1.0
0.92,398,D_M > margin,30,0,0.0,30,0,0.0,1.0
0.92,399,D_M > margin,30,0,0.0,30,0,0.0,1.0
0.92,400,D_M > margin,30,0,0.0,30,0,0.0,1.0
0.92,401,D_M > margin,30,0,0.0,30,0,0.0,1.0
0.92,402,D_M > margin,30,0,0.0,30,0,0.0,1.0
0.92,403,D_M > margin,30,0,0.0,30,0,0.0,1.0
0.92,404,D_M > margin,30,0,0.0,30,0,0.0,1.0
0.92,405,D_M > margin,30,0,0.0,30,0,0.0,1.0
0.92,406,D_M > margin,30,0,0.0,30,0,0.0,1.0
0.92,407,D_M > margin,30,0,0.0,30,0,0.0,1.0
0.92,408,D_M > margin,30,0,0.0,30,0,0.0,1.0
0.92,409,D_M > margin,30,0,0.0,30,0,0.0,1.0
0.92,410,D_M > margin,30,0,0.0,30,0,0.0,1.0
0.92,411,D_M > margin,30,0,0.0,30,0,0.0,1.0
0.92,412,D_M > margin,30,0,0.0,30,0,0.0,1.0
0.92,413,D_M > margin,30,0,0.0,30,0,0.0,1.0
0.92,414,D_M > margin,30,0,0.0,30,0,0.0,1.0
0.92,415,D_M > margin,30,0,0.0,30,0,0.0,1.0
0.92,416,D_M > margin,30,0,0.0,30,0,0.0,1.0
0.92,417,D_M > margin,30,0,0.0,30,0,0.0,1.0
0.92,418,D_M > margin,30,0,0.0,30,0,0.0,1.0
0.92,419,D_M > margin,30,0,0.0,30,0,0.0,1.0
0.92,420,D_M > margin,30,0,0.0,30,0,0.0,1.0
0.92,421,D_M > margin,30,0,0.0,30,0,0.0,1.0
0.92,422,D_M > margin,30,0,0.0,30,0,0.0,1.0
0.92,423,D_M > margin,30,0,0.0,30,0,0.0,1.0
0.92,424,D_M > margin,30,0,0.0,30,0,0.0,1.0
0.92,425,D_M > margin,30,0,0.0,30,0,0.0,1.0
0.92,426,D_M > margin,30,0,0.0,30,0,0.0,1.0
0.92,427,D_M > margin,30,0,0.0,30,0,0.0,1.0
0.92,428,D_M > margin,30,0,0.0,30,0,0.0,1.0
0.92,429,D_M > margin,30,0,0.0,30,0,0.0,1.0
0.92,430,D_M > margin,30,0,0.0,30,0,0.0,1.0
0.92,431,D_M > margin,30,0,0.0,30,0,0.0,1.0
0.92,432,D_M > margin,30,0,0.0,30,0,0.0,1.0
0.92,433,D_M > margin,30,0,0.0,30,0,0.0,1.0
0.92,434,D_M > margin,30,0,0.0,30,0,0.0,1.0
0.92,435,D_M > margin,30,0,0.0,30,0,0.0,1.0
0.89,0,D_M > margin,30,1,0.03333333333333333,30,30,1.0,0.0
0.89,1,D_M > margin,30,1,0.03333333333333333,30,30,1.0,0.0
0.89,2,D_M > margin,30,1,0.03333333333333333,30,30,1.0,0.0
0.89,3,D_M > margin,30,1,0.03333333333333333,30,30,1.0,0.0
0.89,4,D_M > margin,30,1,0.03333333333333333,30,30,1.0,0.0
0.89,5,D_M > margin,30,1,0.03333333333333333,30,30,1.0,0.0
0.89,6,D_M > margin,30,1,0.03333333333333333,30,30,1.0,0.0
0.89,7,D_M > margin,30,0,0.0,30,30,1.0,0.0
0.89,8,D_M > margin,30,0,0.0,30,30,1.0,0.0
0.89,9,D_M > margin,30,0,0.0,30,30,1.0,0.0
0.89,10,D_M > margin,30,0,0.0,30,28,0.9333333333333333,0.06666666666666665
0.89,11,D_M > margin,30,0,0.0,30,28,0.9333333333333333,0.06666666666666665
0.89,12,D_M > margin,30,0,0.0,30,28,0.9333333333333333,0.06666666666666665
0.89,13,D_M > margin,30,0,0.0,30,28,0.9333333333333333,0.06666666666666665
0.89,14,D_M > margin,30,0,0.0,30,28,0.9333333333333333,0.06666666666666665
0.89,15,D_M > margin,30,0,0.0,30,28,0.9333333333333333,0.06666666666666665
0.89,16,D_M > margin,30,0,0.0,30,28,0.9333333333333333,0.06666666666666665
0.89,17,D_M > margin,30,0,0.0,30,28,0.9333333333333333,0.06666666666666665
0.89,18,D_M > margin,30,0,0.0,30,27,0.9,0.09999999999999998
0.89,19,D_M > margin,30,0,0.0,30,27,0.9,0.09999999999999998
0.89,20,D_M > margin,30,0,0.0,30,27,0.9,0.09999999999999998
0.89,21,D_M > margin,30,0,0.0,30,26,0.8666666666666667,0.1333333333333333
0.89,22,D_M > margin,30,0,0.0,30,26,0.8666666666666667,0.1333333333333333
0.89,23,D_M > margin,30,0,0.0,30,26,0.8666666666666667,0.1333333333333333
0.89,24,D_M > margin,30,0,0.0,30,26,0.8666666666666667,0.1333333333333333
0.89,25,D_M > margin,30,0,0.0,30,26,0.8666666666666667,0.1333333333333333
0.89,26,D_M > margin,30,0,0.0,30,26,0.8666666666666667,0.1333333333333333
0.89,27,D_M > margin,30,0,0.0,30,24,0.8,0.19999999999999996
0.89,28,D_M > margin,30,0,0.0,30,24,0.8,0.19999999999999996
0.89,29,D_M > margin,30,0,0.0,30,24,0.8,0.19999999999999996
0.89,30,D_M > margin,30,0,0.0,30,24,0.8,0.19999999999999996
0.89,31,D_M > margin,30,0,0.0,30,24,0.8,0.19999999999999996
0.89,32,D_M > margin,30,0,0.0,30,24,0.8,0.19999999999999996
0.89,33,D_M > margin,30,0,0.0,30,23,0.7666666666666667,0.23333333333333328
0.89,34,D_M > margin,30,0,0.0,30,23,0.7666666666666667,0.23333333333333328
0.89,35,D_M > margin,30,0,0.0,30,23,0.7666666666666667,0.23333333333333328
0.89,36,D_M > margin,30,0,0.0,30,21,0.7,0.30000000000000004
0.89,37,D_M > margin,30,0,0.0,30,21,0.7,0.30000000000000004
0.89,38,D_M > margin,30,0,0.0,30,21,0.7,0.30000000000000004
0.89,39,D_M > margin,30,0,0.0,30,20,0.6666666666666666,0.33333333333333337
0.89,40,D_M > margin,30,0,0.0,30,20,0.6666666666666666,0.33333333333333337
0.89,41,D_M > margin,30,0,0.0,30,20,0.6666666666666666,0.33333333333333337
0.89,42,D_M > margin,30,0,0.0,30,19,0.6333333333333333,0.3666666666666667
0.89,43,D_M > margin,30,0,0.0,30,19,0.6333333333333333,0.3666666666666667
0.89,44,D_M > margin,30,0,0.0,30,19,0.6333333333333333,0.3666666666666667
0.89,45,D_M > margin,30,0,0.0,30,18,0.6,0.4
0.89,46,D_M > margin,30,0,0.0,30,18,0.6,0.4
0.89,47,D_M > margin,30,0,0.0,30,18,0.6,0.4
0.89,48,D_M > margin,30,0,0.0,30,17,0.5666666666666667,0.43333333333333335
0.89,49,D_M > margin,30,0,0.0,30,17,0.5666666666666667,0.43333333333333335
0.89,50,D_M > margin,30,0,0.0,30,17,0.5666666666666667,0.43333333333333335
0.89,51,D_M > margin,30,0,0.0,30,16,0.5333333333333333,0.4666666666666667
0.89,52,D_M > margin,30,0,0.0,30,16,0.5333333333333333,0.4666666666666667
0.89,53,D_M > margin,30,0,0.0,30,16,0.5333333333333333,0.4666666666666667
0.89,54,D_M > margin,30,0,0.0,30,16,0.5333333333333333,0.4666666666666667
0.89,55,D_M > margin,30,0,0.0,30,15,0.5,0.5
0.89,56,D_M > margin,30,0,0.0,30,15,0.5,0.5
0.89,57,D_M > margin,30,0,0.0,30,14,0.4666666666666667,0.5333333333333333
0.89,58,D_M > margin,30,0,0.0,30,14,0.4666666666666667,0.5333333333333333
0.89,59,D_M > margin,30,0,0.0,30,13,0.43333333333333335,0.5666666666666667
0.89,60,D_M > margin,30,0,0.0,30,13,0.43333333333333335,0.5666666666666667
0.89,61,D_M > margin,30,0,0.0,30,13,0.43333333333333335,0.5666666666666667
0.89,62,D_M > margin,30,0,0.0,30,13,0.43333333333333335,0.5666666666666667
0.89,63,D_M > margin,30,0,0.0,30,13,0.43333333333333335,0.5666666666666667
0.89,64,D_M > margin,30,0,0.0,30,9,0.3,0.7
0.89,65,D_M > margin,30,0,0.0,30,8,0.26666666666666666,0.7333333333333334
0.89,66,D_M > margin,30,0,0.0,30,8,0.26666666666666666,0.7333333333333334
0.89,67,D_M > margin,30,0,0.0,30,6,0.2,0.8
0.89,68,D_M > margin,30,0,0.0,30,6,0.2,0.8
0.89,69,D_M > margin,30,0,0.0,30,6,0.2,0.8
0.89,70,D_M > margin,30,0,0.0,30,6,0.2,0.8
0.89,71,D_M > margin,30,0,0.0,30,2,0.06666666666666667,0.9333333333333333
0.89,72,D_M > margin,30,0,0.0,30,2,0.06666666666666667,0.9333333333333333
0.89,73,D_M > margin,30,0,0.0,30,2,0.06666666666666667,0.9333333333333333
0.89,74,D_M > margin,30,0,0.0,30,2,0.06666666666666667,0.9333333333333333
0.89,75,D_M > margin,30,0,0.0,30,2,0.06666666666666667,0.9333333333333333
0.89,76,D_M > margin,30,0,0.0,30,2,0.06666666666666667,0.9333333333333333
0.89,77,D_M > margin,30,0,0.0,30,1,0.03333333333333333,0.9666666666666667
0.89,78,D_M > margin,30,0,0.0,30,0,0.0,1.0
0.89,79,D_M > margin,30,0,0.0,30,0,0.0,1.0
0.89,80,D_M > margin,30,0,0.0,30,0,0.0,1.0
0.89,81,D_M > margin,30,0,0.0,30,0,0.0,1.0
0.89,82,D_M > margin,30,0,0.0,30,0,0.0,1.0
0.89,83,D_M > margin,30,0,0.0,30,0,0.0,1.0
0.89,84,D_M > margin,30,0,0.0,30,0,0.0,1.0
0.89,85,D_M > margin,30,0,0.0,30,0,0.0,1.0
0.89,86,D_M > margin,30,0,0.0,30,0,0.0,1.0
0.89,87,D_M > margin,30,0,0.0,30,0,0.0,1.0
0.89,88,D_M > margin,30,0,0.0,30,0,0.0,1.0
0.89,89,D_M > margin,30,0,0.0,30,0,0.0,1.0
0.89,90,D_M > margin,30,0,0.0,30,0,0.0,1.0
0.89,91,D_M > margin,30,0,0.0,30,0,0.0,1.0
0.89,92,D_M > margin,30,0,0.0,30,0,0.0,1.0
0.89,93,D_M > margin,30,0,0.0,30,0,0.0,1.0
0.89,94,D_M > margin,30,0,0.0,30,0,0.0,1.0
0.89,95,D_M > margin,30,0,0.0,30,0,0.0,1.0
0.89,96,D_M > margin,30,0,0.0,30,0,0.0,1.0
0.89,97,D_M > margin,30,0,0.0,30,0,0.0,1.0
0.89,98,D_M > margin,30,0,0.0,30,0,0.0,1.0
0.89,99,D_M > margin,30,0,0.0,30,0,0.0,1.0
0.89,100,D_M > margin,30,0,0.0,30,0,0.0,1.0
0.89,101,D_M > margin,30,0,0.0,30,0,0.0,1.0
0.89,102,D_M > margin,30,0,0.0,30,0,0.0,1.0
0.89,103,D_M > margin,30,0,0.0,30,0,0.0,1.0
0.89,104,D_M > margin,30,0,0.0,30,0,0.0,1.0
0.89,105,D_M > margin,30,0,0.0,30,0,0.0,1.0
0.89,106,D_M > margin,30,0,0.0,30,0,0.0,1.0
0.89,107,D_M > margin,30,0,0.0,30,0,0.0,1.0
0.89,108,D_M > margin,30,0,0.0,30,0,0.0,1.0
0.89,109,D_M > margin,30,0,0.0,30,0,0.0,1.0
0.89,110,D_M > margin,30,0,0.0,30,0,0.0,1.0
0.89,111,D_M > margin,30,0,0.0,30,0,0.0,1.0
0.89,112,D_M > margin,30,0,0.0,30,0,0.0,1.0
0.89,113,D_M > margin,30,0,0.0,30,0,0.0,1.0
0.89,114,D_M > margin,30,0,0.0,30,0,0.0,1.0
0.89,115,D_M > margin,30,0,0.0,30,0,0.0,1.0
0.89,116,D_M > margin,30,0,0.0,30,0,0.0,1.0
0.89,117,D_M > margin,30,0,0.0,30,0,0.0,1.0
0.89,118,D_M > margin,30,0,0.0,30,0,0.0,1.0
0.89,119,D_M > margin,30,0,0.0,30,0,0.0,1.0
0.89,120,D_M > margin,30,0,0.0,30,0,0.0,1.0
0.89,121,D_M > margin,30,0,0.0,30,0,0.0,1.0
0.89,122,D_M > margin,30,0,0.0,30,0,0.0,1.0
0.89,123,D_M > margin,30,0,0.0,30,0,0.0,1.0
0.89,124,D_M > margin,30,0,0.0,30,0,0.0,1.0
0.89,125,D_M > margin,30,0,0.0,30,0,0.0,1.0
0.89,126,D_M > margin,30,0,0.0,30,0,0.0,1.0
0.89,127,D_M > margin,30,0,0.0,30,0,0.0,1.0
0.89,128,D_M > margin,30,0,0.0,30,0,0.0,1.0
0.89,129,D_M > margin,30,0,0.0,30,0,0.0,1.0
0.89,130,D_M > margin,30,0,0.0,30,0,0.0,1.0
0.89,131,D_M > margin,30,0,0.0,30,0,0.0,1.0
0.89,132,D_M > margin,30,0,0.0,30,0,0.0,1.0
0.89,133,D_M > margin,30,0,0.0,30,0,0.0,1.0
0.89,134,D_M > margin,30,0,0.0,30,0,0.0,1.0
0.89,135,D_M > margin,30,0,0.0,30,0,0.0,1.0
0.89,136,D_M > margin,30,0,0.0,30,0,0.0,1.0
0.89,137,D_M > margin,30,0,0.0,30,0,0.0,1.0
0.89,138,D_M > margin,30,0,0.0,30,0,0.0,1.0
0.89,139,D_M > margin,30,0,0.0,30,0,0.0,1.0
0.89,140,D_M > margin,30,0,0.0,30,0,0.0,1.0
0.89,141,D_M > margin,30,0,0.0,30,0,0.0,1.0
0.89,142,D_M > margin,30,0,0.0,30,0,0.0,1.0
0.89,143,D_M > margin,30,0,0.0,30,0,0.0,1.0
0.89,144,D_M > margin,30,0,0.0,30,0,0.0,1.0
0.89,145,D_M > margin,30,0,0.0,30,0,0.0,1.0
0.89,146,D_M > margin,30,0,0.0,30,0,0.0,1.0
0.89,147,D_M > margin,30,0,0.0,30,0,0.0,1.0
0.89,148,D_M > margin,30,0,0.0,30,0,0.0,1.0
0.89,149,D_M > margin,30,0,0.0,30,0,0.0,1.0
0.89,150,D_M > margin,30,0,0.0,30,0,0.0,1.0
0.89,151,D_M > margin,30,0,0.0,30,0,0.0,1.0
0.89,152,D_M > margin,30,0,0.0,30,0,0.0,1.0
0.89,153,D_M > margin,30,0,0.0,30,0,0.0,1.0
0.89,154,D_M > margin,30,0,0.0,30,0,0.0,1.0
0.89,155,D_M > margin,30,0,0.0,30,0,0.0,1.0
0.89,156,D_M > margin,30,0,0.0,30,0,0.0,1.0
0.89,157,D_M > margin,30,0,0.0,30,0,0.0,1.0
0.89,158,D_M > margin,30,0,0.0,30,0,0.0,1.0
0.89,159,D_M > margin,30,0,0.0,30,0,0.0,1.0
0.89,160,D_M > margin,30,0,0.0,30,0,0.0,1.0
0.89,161,D_M > margin,30,0,0.0,30,0,0.0,1.0
0.89,162,D_M > margin,30,0,0.0,30,0,0.0,1.0
0.89,163,D_M > margin,30,0,0.0,30,0,0.0,1.0
0.89,164,D_M > margin,30,0,0.0,30,0,0.0,1.0
0.89,165,D_M > margin,30,0,0.0,30,0,0.0,1.0
0.89,166,D_M > margin,30,0,0.0,30,0,0.0,1.0
0.89,167,D_M > margin,30,0,0.0,30,0,0.0,1.0
0.89,168,D_M > margin,30,0,0.0,30,0,0.0,1.0
0.89,169,D_M > margin,30,0,0.0,30,0,0.0,1.0
0.89,170,D_M > margin,30,0,0.0,30,0,0.0,1.0
0.89,171,D_M > margin,30,0,0.0,30,0,0.0,1.0
0.89,172,D_M > margin,30,0,0.0,30,0,0.0,1.0
0.89,173,D_M > margin,30,0,0.0,30,0,0.0,1.0
0.89,174,D_M > margin,30,0,0.0,30,0,0.0,1.0
0.89,175,D_M > margin,30,0,0.0,30,0,0.0,1.0
0.89,176,D_M > margin,30,0,0.0,30,0,0.0,1.0
0.89,177,D_M > margin,30,0,0.0,30,0,0.0,1.0
0.89,178,D_M > margin,30,0,0.0,30,0,0.0,1.0
0.89,179,D_M > margin,30,0,0.0,30,0,0.0,1.0
0.89,180,D_M > margin,30,0,0.0,30,0,0.0,1.0
0.89,181,D_M > margin,30,0,0.0,30,0,0.0,1.0
0.89,182,D_M > margin,30,0,0.0,30,0,0.0,1.0
0.89,183,D_M > margin,30,0,0.0,30,0,0.0,1.0
0.89,184,D_M > margin,30,0,0.0,30,0,0.0,1.0
0.89,185,D_M > margin,30,0,0.0,30,0,0.0,1.0
0.89,186,D_M > margin,30,0,0.0,30,0,0.0,1.0
0.89,187,D_M > margin,30,0,0.0,30,0,0.0,1.0
0.89,188,D_M > margin,30,0,0.0,30,0,0.0,1.0
0.89,189,D_M > margin,30,0,0.0,30,0,0.0,1.0
0.89,190,D_M > margin,30,0,0.0,30,0,0.0,1.0
0.89,191,D_M > margin,30,0,0.0,30,0,0.0,1.0
0.89,192,D_M > margin,30,0,0.0,30,0,0.0,1.0
0.89,193,D_M > margin,30,0,0.0,30,0,0.0,1.0
0.89,194,D_M > margin,30,0,0.0,30,0,0.0,1.0
0.89,195,D_M > margin,30,0,0.0,30,0,0.0,1.0
0.89,196,D_M > margin,30,0,0.0,30,0,0.0,1.0
0.89,197,D_M > margin,30,0,0.0,30,0,0.0,1.0
0.89,198,D_M > margin,30,0,0.0,30,0,0.0,1.0
0.89,199,D_M > margin,30,0,0.0,30,0,0.0,1.0
0.89,200,D_M > margin,30,0,0.0,30,0,0.0,1.0
0.89,201,D_M > margin,30,0,0.0,30,0,0.0,1.0
0.89,202,D_M > margin,30,0,0.0,30,0,0.0,1.0
0.89,203,D_M > margin,30,0,0.0,30,0,0.0,1.0
0.89,204,D_M > margin,30,0,0.0,30,0,0.0,1.0
0.89,205,D_M > margin,30,0,0.0,30,0,0.0,1.0
0.89,206,D_M > margin,30,0,0.0,30,0,0.0,1.0
0.89,207,D_M > margin,30,0,0.0,30,0,0.0,1.0
0.89,208,D_M > margin,30,0,0.0,30,0,0.0,1.0
0.89,209,D_M > margin,30,0,0.0,30,0,0.0,1.0
0.89,210,D_M > margin,30,0,0.0,30,0,0.0,1.0
0.89,211,D_M > margin,30,0,0.0,30,0,0.0,1.0
0.89,212,D_M > margin,30,0,0.0,30,0,0.0,1.0
0.89,213,D_M > margin,30,0,0.0,30,0,0.0,1.0
0.89,214,D_M > margin,30,0,0.0,30,0,0.0,1.0
0.89,215,D_M > margin,30,0,0.0,30,0,0.0,1.0
0.89,216,D_M > margin,30,0,0.0,30,0,0.0,1.0
0.89,217,D_M > margin,30,0,0.0,30,0,0.0,1.0
0.89,218,D_M > margin,30,0,0.0,30,0,0.0,1.0
0.89,219,D_M > margin,30,0,0.0,30,0,0.0,1.0
0.89,220,D_M > margin,30,0,0.0,30,0,0.0,1.0
0.89,221,D_M > margin,30,0,0.0,30,0,0.0,1.0
0.89,222,D_M > margin,30,0,0.0,30,0,0.0,1.0
0.89,223,D_M > margin,30,0,0.0,30,0,0.0,1.0
0.89,224,D_M > margin,30,0,0.0,30,0,0.0,1.0
0.89,225,D_M > margin,30,0,0.0,30,0,0.0,1.0
0.89,226,D_M > margin,30,0,0.0,30,0,0.0,1.0
0.89,227,D_M > margin,30,0,0.0,30,0,0.0,1.0
0.89,228,D_M > margin,30,0,0.0,30,0,0.0,1.0
0.89,229,D_M > margin,30,0,0.0,30,0,0.0,1.0
0.89,230,D_M > margin,30,0,0.0,30,0,0.0,1.0
0.89,231,D_M > margin,30,0,0.0,30,0,0.0,1.0
0.89,232,D_M > margin,30,0,0.0,30,0,0.0,1.0
0.89,233,D_M > margin,30,0,0.0,30,0,0.0,1.0
0.89,234,D_M > margin,30,0,0.0,30,0,0.0,1.0
0.89,235,D_M > margin,30,0,0.0,30,0,0.0,1.0
0.89,236,D_M > margin,30,0,0.0,30,0,0.0,1.0
0.89,237,D_M > margin,30,0,0.0,30,0,0.0,1.0
0.89,238,D_M > margin,30,0,0.0,30,0,0.0,1.0
0.89,239,D_M > margin,30,0,0.0,30,0,0.0,1.0
0.89,240,D_M > margin,30,0,0.0,30,0,0.0,1.0
0.89,241,D_M > margin,30,0,0.0,30,0,0.0,1.0
0.89,242,D_M > margin,30,0,0.0,30,0,0.0,1.0
0.89,243,D_M > margin,30,0,0.0,30,0,0.0,1.0
0.89,244,D_M > margin,30,0,0.0,30,0,0.0,1.0
0.89,245,D_M > margin,30,0,0.0,30,0,0.0,1.0
0.89,246,D_M > margin,30,0,0.0,30,0,0.0,1.0
0.89,247,D_M > margin,30,0,0.0,30,0,0.0,1.0
0.89,248,D_M > margin,30,0,0.0,30,0,0.0,1.0
0.89,249,D_M > margin,30,0,0.0,30,0,0.0,1.0
0.89,250,D_M > margin,30,0,0.0,30,0,0.0,1.0
0.89,251,D_M > margin,30,0,0.0,30,0,0.0,1.0
0.89,252,D_M > margin,30,0,0.0,30,0,0.0,1.0
0.89,253,D_M > margin,30,0,0.0,30,0,0.0,1.0
0.89,254,D_M > margin,30,0,0.0,30,0,0.0,1.0
0.89,255,D_M > margin,30,0,0.0,30,0,0.0,1.0
0.89,256,D_M > margin,30,0,0.0,30,0,0.0,1.0
0.89,257,D_M > margin,30,0,0.0,30,0,0.0,1.0
0.89,258,D_M > margin,30,0,0.0,30,0,0.0,1.0
0.89,259,D_M > margin,30,0,0.0,30,0,0.0,1.0
0.89,260,D_M > margin,30,0,0.0,30,0,0.0,1.0
0.89,261,D_M > margin,30,0,0.0,30,0,0.0,1.0
0.89,262,D_M > margin,30,0,0.0,30,0,0.0,1.0
0.89,263,D_M > margin,30,0,0.0,30,0,0.0,1.0
0.89,264,D_M > margin,30,0,0.0,30,0,0.0,1.0
0.89,265,D_M > margin,30,0,0.0,30,0,0.0,1.0
0.89,266,D_M > margin,30,0,0.0,30,0,0.0,1.0
0.89,267,D_M > margin,30,0,0.0,30,0,0.0,1.0
0.89,268,D_M > margin,30,0,0.0,30,0,0.0,1.0
0.89,269,D_M > margin,30,0,0.0,30,0,0.0,1.0
0.89,270,D_M > margin,30,0,0.0,30,0,0.0,1.0
0.89,271,D_M > margin,30,0,0.0,30,0,0.0,1.0
0.89,272,D_M > margin,30,0,0.0,30,0,0.0,1.0
0.89,273,D_M > margin,30,0,0.0,30,0,0.0,1.0
0.89,274,D_M > margin,30,0,0.0,30,0,0.0,1.0
0.89,275,D_M > margin,30,0,0.0,30,0,0.0,1.0
0.89,276,D_M > margin,30,0,0.0,30,0,0.0,1.0
0.89,277,D_M > margin,30,0,0.0,30,0,0.0,1.0
0.89,278,D_M > margin,30,0,0.0,30,0,0.0,1.0
0.89,279,D_M > margin,30,0,0.0,30,0,0.0,1.0
0.89,280,D_M > margin,30,0,0.0,30,0,0.0,1.0
0.89,281,D_M > margin,30,0,0.0,30,0,0.0,1.0
0.89,282,D_M > margin,30,0,0.0,30,0,0.0,1.0
0.89,283,D_M > margin,30,0,0.0,30,0,0.0,1.0
0.89,284,D_M > margin,30,0,0.0,30,0,0.0,1.0
0.89,285,D_M > margin,30,0,0.0,30,0,0.0,1.0
0.89,286,D_M > margin,30,0,0.0,30,0,0.0,1.0
0.89,287,D_M > margin,30,0,0.0,30,0,0.0,1.0
0.89,288,D_M > margin,30,0,0.0,30,0,0.0,1.0
0.89,289,D_M > margin,30,0,0.0,30,0,0.0,1.0
0.89,290,D_M > margin,30,0,0.0,30,0,0.0,1.0
0.89,291,D_M > margin,30,0,0.0,30,0,0.0,1.0
0.89,292,D_M > margin,30,0,0.0,30,0,0.0,1.0
0.89,293,D_M > margin,30,0,0.0,30,0,0.0,1.0
0.89,294,D_M > margin,30,0,0.0,30,0,0.0,1.0
0.89,295,D_M > margin,30,0,0.0,30,0,0.0,1.0
0.89,296,D_M > margin,30,0,0.0,30,0,0.0,1.0
0.89,297,D_M > margin,30,0,0.0,30,0,0.0,1.0
0.89,298,D_M > margin,30,0,0.0,30,0,0.0,1.0
0.89,299,D_M > margin,30,0,0.0,30,0,0.0,1.0
0.89,300,D_M > margin,30,0,0.0,30,0,0.0,1.0
0.89,301,D_M > margin,30,0,0.0,30,0,0.0,1.0
0.89,302,D_M > margin,30,0,0.0,30,0,0.0,1.0
0.89,303,D_M > margin,30,0,0.0,30,0,0.0,1.0
0.89,304,D_M > margin,30,0,0.0,30,0,0.0,1.0
0.89,305,D_M > margin,30,0,0.0,30,0,0.0,1.0
0.89,306,D_M > margin,30,0,0.0,30,0,0.0,1.0
0.89,307,D_M > margin,30,0,0.0,30,0,0.0,1.0
0.89,308,D_M > margin,30,0,0.0,30,0,0.0,1.0
0.89,309,D_M > margin,30,0,0.0,30,0,0.0,1.0
0.89,310,D_M > margin,30,0,0.0,30,0,0.0,1.0
0.89,311,D_M > margin,30,0,0.0,30,0,0.0,1.0
0.89,312,D_M > margin,30,0,0.0,30,0,0.0,1.0
0.89,313,D_M > margin,30,0,0.0,30,0,0.0,1.0
0.89,314,D_M > margin,30,0,0.0,30,0,0.0,1.0
0.89,315,D_M > margin,30,0,0.0,30,0,0.0,1.0
0.89,316,D_M > margin,30,0,0.0,30,0,0.0,1.0
0.89,317,D_M > margin,30,0,0.0,30,0,0.0,1.0
0.89,318,D_M > margin,30,0,0.0,30,0,0.0,1.0
0.89,319,D_M > margin,30,0,0.0,30,0,0.0,1.0
0.89,320,D_M > margin,30,0,0.0,30,0,0.0,1.0
0.89,321,D_M > margin,30,0,0.0,30,0,0.0,1.0
0.89,322,D_M > margin,30,0,0.0,30,0,0.0,1.0
0.89,323,D_M > margin,30,0,0.0,30,0,0.0,1.0
0.89,324,D_M > margin,30,0,0.0,30,0,0.0,1.0
0.89,325,D_M > margin,30,0,0.0,30,0,0.0,1.0
0.89,326,D_M > margin,30,0,0.0,30,0,0.0,1.0
0.89,327,D_M > margin,30,0,0.0,30,0,0.0,1.0
0.89,328,D_M > margin,30,0,0.0,30,0,0.0,1.0
0.89,329,D_M > margin,30,0,0.0,30,0,0.0,1.0
0.89,330,D_M > margin,30,0,0.0,30,0,0.0,1.0
0.89,331,D_M > margin,30,0,0.0,30,0,0.0,1.0
0.89,332,D_M > margin,30,0,0.0,30,0,0.0,1.0
0.89,333,D_M > margin,30,0,0.0,30,0,0.0,1.0
0.89,334,D_M > margin,30,0,0.0,30,0,0.0,1.0
0.89,335,D_M > margin,30,0,0.0,30,0,0.0,1.0
0.89,336,D_M > margin,30,0,0.0,30,0,0.0,1.0
0.89,337,D_M > margin,30,0,0.0,30,0,0.0,1.0
0.89,338,D_M > margin,30,0,0.0,30,0,0.0,1.0
0.89,339,D_M > margin,30,0,0.0,30,0,0.0,1.0
0.89,340,D_M > margin,30,0,0.0,30,0,0.0,1.0
0.89,341,D_M > margin,30,0,0.0,30,0,0.0,1.0
0.89,342,D_M > margin,30,0,0.0,30,0,0.0,1.0
0.89,343,D_M > margin,30,0,0.0,30,0,0.0,1.0
0.89,344,D_M > margin,30,0,0.0,30,0,0.0,1.0
0.89,345,D_M > margin,30,0,0.0,30,0,0.0,1.0
0.89,346,D_M > margin,30,0,0.0,30,0,0.0,1.0
0.89,347,D_M > margin,30,0,0.0,30,0,0.0,1.0
0.89,348,D_M > margin,30,0,0.0,30,0,0.0,1.0
0.89,349,D_M > margin,30,0,0.0,30,0,0.0,1.0
0.89,350,D_M > margin,30,0,0.0,30,0,0.0,1.0
0.89,351,D_M > margin,30,0,0.0,30,0,0.0,1.0
0.89,352,D_M > margin,30,0,0.0,30,0,0.0,1.0
0.89,353,D_M > margin,30,0,0.0,30,0,0.0,1.0
0.89,354,D_M > margin,30,0,0.0,30,0,0.0,1.0
0.89,355,D_M > margin,30,0,0.0,30,0,0.0,1.0
0.89,356,D_M > margin,30,0,0.0,30,0,0.0,1.0
0.89,357,D_M > margin,30,0,0.0,30,0,0.0,1.0
0.89,358,D_M > margin,30,0,0.0,30,0,0.0,1.0
0.89,359,D_M > margin,30,0,0.0,30,0,0.0,1.0
0.89,360,D_M > margin,30,0,0.0,30,0,0.0,1.0
0.89,361,D_M > margin,30,0,0.0,30,0,0.0,1.0
0.89,362,D_M > margin,30,0,0.0,30,0,0.0,1.0
0.89,363,D_M > margin,30,0,0.0,30,0,0.0,1.0
0.89,364,D_M > margin,30,0,0.0,30,0,0.0,1.0
0.89,365,D_M > margin,30,0,0.0,30,0,0.0,1.0
0.89,366,D_M > margin,30,0,0.0,30,0,0.0,1.0
0.89,367,D_M > margin,30,0,0.0,30,0,0.0,1.0
0.89,368,D_M > margin,30,0,0.0,30,0,0.0,1.0
0.89,369,D_M > margin,30,0,0.0,30,0,0.0,1.0
0.89,370,D_M > margin,30,0,0.0,30,0,0.0,1.0
0.89,371,D_M > margin,30,0,0.0,30,0,0.0,1.0
0.89,372,D_M > margin,30,0,0.0,30,0,0.0,1.0
0.89,373,D_M > margin,30,0,0.0,30,0,0.0,1.0
0.89,374,D_M > margin,30,0,0.0,30,0,0.0,1.0
0.89,375,D_M > margin,30,0,0.0,30,0,0.0,1.0
0.89,376,D_M > margin,30,0,0.0,30,0,0.0,1.0
0.89,377,D_M > margin,30,0,0.0,30,0,0.0,1.0
0.89,378,D_M > margin,30,0,0.0,30,0,0.0,1.0
0.89,379,D_M > margin,30,0,0.0,30,0,0.0,1.0
0.89,380,D_M > margin,30,0,0.0,30,0,0.0,1.0
0.89,381,D_M > margin,30,0,0.0,30,0,0.0,1.0
0.89,382,D_M > margin,30,0,0.0,30,0,0.0,1.0
0.89,383,D_M > margin,30,0,0.0,30,0,0.0,1.0
0.89,384,D_M > margin,30,0,0.0,30,0,0.0,1.0
0.89,385,D_M > margin,30,0,0.0,30,0,0.0,1.0
0.89,386,D_M > margin,30,0,0.0,30,0,0.0,1.0
0.89,387,D_M > margin,30,0,0.0,30,0,0.0,1.0
0.89,388,D_M > margin,30,0,0.0,30,0,0.0,1.0
0.89,389,D_M > margin,30,0,0.0,30,0,0.0,1.0
0.89,390,D_M > margin,30,0,0.0,30,0,0.0,1.0
0.89,391,D_M > margin,30,0,0.0,30,0,0.0,1.0
0.89,392,D_M > margin,30,0,0.0,30,0,0.0,1.0
0.89,393,D_M > margin,30,0,0.0,30,0,0.0,1.0
0.89,394,D_M > margin,30,0,0.0,30,0,0.0,1.0
0.89,395,D_M > margin,30,0,0.0,30,0,0.0,1.0
0.89,396,D_M > margin,30,0,0.0,30,0,0.0,1.0
0.89,397,D_M > margin,30,0,0.0,30,0,0.0,1.0
0.89,398,D_M > margin,30,0,0.0,30,0,0.0,1.0
0.89,399,D_M > margin,30,0,0.0,30,0,0.0,1.0
0.89,400,D_M > margin,30,0,0.0,30,0,0.0,1.0
0.89,401,D_M > margin,30,0,0.0,30,0,0.0,1.0
0.89,402,D_M > margin,30,0,0.0,30,0,0.0,1.0
0.89,403,D_M > margin,30,0,0.0,30,0,0.0,1.0
0.89,404,D_M > margin,30,0,0.0,30,0,0.0,1.0
0.89,405,D_M > margin,30,0,0.0,30,0,0.0,1.0
0.89,406,D_M > margin,30,0,0.0,30,0,0.0,1.0
0.89,407,D_M > margin,30,0,0.0,30,0,0.0,1.0
0.89,408,D_M > margin,30,0,0.0,30,0,0.0,1.0
0.89,409,D_M > margin,30,0,0.0,30,0,0.0,1.0
0.89,410,D_M > margin,30,0,0.0,30,0,0.0,1.0
0.89,411,D_M > margin,30,0,0.0,30,0,0.0,1.0
0.89,412,D_M > margin,30,0,0.0,30,0,0.0,1.0
0.89,413,D_M > margin,30,0,0.0,30,0,0.0,1.0
0.89,414,D_M > margin,30,0,0.0,30,0,0.0,1.0
0.89,415,D_M > margin,30,0,0.0,30,0,0.0,1.0
0.89,416,D_M > margin,30,0,0.0,30,0,0.0,1.0
0.89,417,D_M > margin,30,0,0.0,30,0,0.0,1.0
0.89,418,D_M > margin,30,0,0.0,30,0,0.0,1.0
0.89,419,D_M > margin,30,0,0.0,30,0,0.0,1.0
0.89,420,D_M > margin,30,0,0.0,30,0,0.0,1.0
0.89,421,D_M > margin,30,0,0.0,30,0,0.0,1.0
0.89,422,D_M > margin,30,0,0.0,30,0,0.0,1.0
0.89,423,D_M > margin,30,0,0.0,30,0,0.0,1.0
0.89,424,D_M > margin,30,0,0.0,30,0,0.0,1.0
0.89,425,D_M > margin,30,0,0.0,30,0,0.0,1.0
0.89,426,D_M > margin,30,0,0.0,30,0,0.0,1.0
0.89,427,D_M > margin,30,0,0.0,30,0,0.0,1.0
0.89,428,D_M > margin,30,0,0.0,30,0,0.0,1.0
0.89,429,D_M > margin,30,0,0.0,30,0,0.0,1.0
0.89,430,D_M > margin,30,0,0.0,30,0,0.0,1.0
0.89,431,D_M > margin,30,0,0.0,30,0,0.0,1.0
0.89,432,D_M > margin,30,0,0.0,30,0,0.0,1.0
0.89,433,D_M > margin,30,0,0.0,30,0,0.0,1.0
0.89,434,D_M > margin,30,0,0.0,30,0,0.0,1.0
0.89,435,D_M > margin,30,0,0.0,30,0,0.0,1.0
0.86,0,D_M > margin,30,1,0.03333333333333333,30,30,1.0,0.0
0.86,1,D_M > margin,30,1,0.03333333333333333,30,30,1.0,0.0
0.86,2,D_M > margin,30,1,0.03333333333333333,30,30,1.0,0.0
0.86,3,D_M > margin,30,1,0.03333333333333333,30,30,1.0,0.0
0.86,4,D_M > margin,30,1,0.03333333333333333,30,30,1.0,0.0
0.86,5,D_M > margin,30,1,0.03333333333333333,30,30,1.0,0.0
0.86,6,D_M > margin,30,1,0.03333333333333333,30,30,1.0,0.0
0.86,7,D_M > margin,30,0,0.0,30,30,1.0,0.0
0.86,8,D_M > margin,30,0,0.0,30,30,1.0,0.0
0.86,9,D_M > margin,30,0,0.0,30,30,1.0,0.0
0.86,10,D_M > margin,30,0,0.0,30,30,1.0,0.0
0.86,11,D_M > margin,30,0,0.0,30,29,0.9666666666666667,0.033333333333333326
0.86,12,D_M > margin,30,0,0.0,30,29,0.9666666666666667,0.033333333333333326
0.86,13,D_M > margin,30,0,0.0,30,29,0.9666666666666667,0.033333333333333326
0.86,14,D_M > margin,30,0,0.0,30,29,0.9666666666666667,0.033333333333333326
0.86,15,D_M > margin,30,0,0.0,30,29,0.9666666666666667,0.033333333333333326
0.86,16,D_M > margin,30,0,0.0,30,29,0.9666666666666667,0.033333333333333326
0.86,17,D_M > margin,30,0,0.0,30,29,0.9666666666666667,0.033333333333333326
0.86,18,D_M > margin,30,0,0.0,30,29,0.9666666666666667,0.033333333333333326
0.86,19,D_M > margin,30,0,0.0,30,29,0.9666666666666667,0.033333333333333326
0.86,20,D_M > margin,30,0,0.0,30,29,0.9666666666666667,0.033333333333333326
0.86,21,D_M > margin,30,0,0.0,30,29,0.9666666666666667,0.033333333333333326
0.86,22,D_M > margin,30,0,0.0,30,29,0.9666666666666667,0.033333333333333326
0.86,23,D_M > margin,30,0,0.0,30,29,0.9666666666666667,0.033333333333333326
0.86,24,D_M > margin,30,0,0.0,30,29,0.9666666666666667,0.033333333333333326
0.86,25,D_M > margin,30,0,0.0,30,29,0.9666666666666667,0.033333333333333326
0.86,26,D_M > margin,30,0,0.0,30,29,0.9666666666666667,0.033333333333333326
0.86,27,D_M > margin,30,0,0.0,30,29,0.9666666666666667,0.033333333333333326
0.86,28,D_M > margin,30,0,0.0,30,29,0.9666666666666667,0.033333333333333326
0.86,29,D_M > margin,30,0,0.0,30,29,0.9666666666666667,0.033333333333333326
0.86,30,D_M > margin,30,0,0.0,30,29,0.9666666666666667,0.033333333333333326
0.86,31,D_M > margin,30,0,0.0,30,29,0.9666666666666667,0.033333333333333326
0.86,32,D_M > margin,30,0,0.0,30,29,0.9666666666666667,0.033333333333333326
0.86,33,D_M > margin,30,0,0.0,30,29,0.9666666666666667,0.033333333333333326
0.86,34,D_M > margin,30,0,0.0,30,28,0.9333333333333333,0.06666666666666665
0.86,35,D_M > margin,30,0,0.0,30,28,0.9333333333333333,0.06666666666666665
0.86,36,D_M > margin,30,0,0.0,30,28,0.9333333333333333,0.06666666666666665
0.86,37,D_M > margin,30,0,0.0,30,28,0.9333333333333333,0.06666666666666665
0.86,38,D_M > margin,30,0,0.0,30,28,0.9333333333333333,0.06666666666666665
0.86,39,D_M > margin,30,0,0.0,30,28,0.9333333333333333,0.06666666666666665
0.86,40,D_M > margin,30,0,0.0,30,28,0.9333333333333333,0.06666666666666665
0.86,41,D_M > margin,30,0,0.0,30,28,0.9333333333333333,0.06666666666666665
0.86,42,D_M > margin,30,0,0.0,30,28,0.9333333333333333,0.06666666666666665
0.86,43,D_M > margin,30,0,0.0,30,28,0.9333333333333333,0.06666666666666665
0.86,44,D_M > margin,30,0,0.0,30,28,0.9333333333333333,0.06666666666666665
0.86,45,D_M > margin,30,0,0.0,30,27,0.9,0.09999999999999998
0.86,46,D_M > margin,30,0,0.0,30,27,0.9,0.09999999999999998
0.86,47,D_M > margin,30,0,0.0,30,27,0.9,0.09999999999999998
0.86,48,D_M > margin,30,0,0.0,30,27,0.9,0.09999999999999998
0.86,49,D_M > margin,30,0,0.0,30,27,0.9,0.09999999999999998
0.86,50,D_M > margin,30,0,0.0,30,27,0.9,0.09999999999999998
0.86,51,D_M > margin,30,0,0.0,30,27,0.9,0.09999999999999998
0.86,52,D_M > margin,30,0,0.0,30,27,0.9,0.09999999999999998
0.86,53,D_M > margin,30,0,0.0,30,27,0.9,0.09999999999999998
0.86,54,D_M > margin,30,0,0.0,30,27,0.9,0.09999999999999998
0.86,55,D_M > margin,30,0,0.0,30,26,0.8666666666666667,0.1333333333333333
0.86,56,D_M > margin,30,0,0.0,30,26,0.8666666666666667,0.1333333333333333
0.86,57,D_M > margin,30,0,0.0,30,26,0.8666666666666667,0.1333333333333333
0.86,58,D_M > margin,30,0,0.0,30,26,0.8666666666666667,0.1333333333333333
0.86,59,D_M > margin,30,0,0.0,30,26,0.8666666666666667,0.1333333333333333
0.86,60,D_M > margin,30,0,0.0,30,24,0.8,0.19999999999999996
0.86,61,D_M > margin,30,0,0.0,30,24,0.8,0.19999999999999996
0.86,62,D_M > margin,30,0,0.0,30,24,0.8,0.19999999999999996
0.86,63,D_M > margin,30,0,0.0,30,24,0.8,0.19999999999999996
0.86,64,D_M > margin,30,0,0.0,30,23,0.7666666666666667,0.23333333333333328
0.86,65,D_M > margin,30,0,0.0,30,20,0.6666666666666666,0.33333333333333337
0.86,66,D_M > margin,30,0,0.0,30,19,0.6333333333333333,0.3666666666666667
0.86,67,D_M > margin,30,0,0.0,30,19,0.6333333333333333,0.3666666666666667
0.86,68,D_M > margin,30,0,0.0,30,19,0.6333333333333333,0.3666666666666667
0.86,69,D_M > margin,30,0,0.0,30,19,0.6333333333333333,0.3666666666666667
0.86,70,D_M > margin,30,0,0.0,30,18,0.6,0.4
0.86,71,D_M > margin,30,0,0.0,30,17,0.5666666666666667,0.43333333333333335
0.86,72,D_M > margin,30,0,0.0,30,17,0.5666666666666667,0.43333333333333335
0.86,73,D_M > margin,30,0,0.0,30,17,0.5666666666666667,0.43333333333333335
0.86,74,D_M > margin,30,0,0.0,30,17,0.5666666666666667,0.43333333333333335
0.86,75,D_M > margin,30,0,0.0,30,15,0.5,0.5
0.86,76,D_M > margin,30,0,0.0,30,14,0.4666666666666667,0.5333333333333333
0.86,77,D_M > margin,30,0,0.0,30,14,0.4666666666666667,0.5333333333333333
0.86,78,D_M > margin,30,0,0.0,30,14,0.4666666666666667,0.5333333333333333
0.86,79,D_M > margin,30,0,0.0,30,14,0.4666666666666667,0.5333333333333333
0.86,80,D_M > margin,30,0,0.0,30,14,0.4666666666666667,0.5333333333333333
0.86,81,D_M > margin,30,0,0.0,30,13,0.43333333333333335,0.5666666666666667
0.86,82,D_M > margin,30,0,0.0,30,13,0.43333333333333335,0.5666666666666667
0.86,83,D_M > margin,30,0,0.0,30,13,0.43333333333333335,0.5666666666666667
0.86,84,D_M > margin,30,0,0.0,30,13,0.43333333333333335,0.5666666666666667
0.86,85,D_M > margin,30,0,0.0,30,11,0.36666666666666664,0.6333333333333333
0.86,86,D_M > margin,30,0,0.0,30,11,0.36666666666666664,0.6333333333333333
0.86,87,D_M > margin,30,0,0.0,30,11,0.36666666666666664,0.6333333333333333
0.86,88,D_M > margin,30,0,0.0,30,11,0.36666666666666664,0.6333333333333333
0.86,89,D_M > margin,30,0,0.0,30,10,0.3333333333333333,0.6666666666666667
0.86,90,D_M > margin,30,0,0.0,30,10,0.3333333333333333,0.6666666666666667
0.86,91,D_M > margin,30,0,0.0,30,9,0.3,0.7
0.86,92,D_M > margin,30,0,0.0,30,9,0.3,0.7
0.86,93,D_M > margin,30,0,0.0,30,9,0.3,0.7
0.86,94,D_M > margin,30,0,0.0,30,9,0.3,0.7
0.86,95,D_M > margin,30,0,0.0,30,9,0.3,0.7
0.86,96,D_M > margin,30,0,0.0,30,8,0.26666666666666666,0.7333333333333334
0.86,97,D_M > margin,30,0,0.0,30,8,0.26666666666666666,0.7333333333333334
0.86,98,D_M > margin,30,0,0.0,30,8,0.26666666666666666,0.7333333333333334
0.86,99,D_M > margin,30,0,0.0,30,5,0.16666666666666666,0.8333333333333334
0.86,100,D_M > margin,30,0,0.0,30,5,0.16666666666666666,0.8333333333333334
0.86,101,D_M > margin,30,0,0.0,30,5,0.16666666666666666,0.8333333333333334
0.86,102,D_M > margin,30,0,0.0,30,5,0.16666666666666666,0.8333333333333334
0.86,103,D_M > margin,30,0,0.0,30,4,0.13333333333333333,0.8666666666666667
0.86,104,D_M > margin,30,0,0.0,30,4,0.13333333333333333,0.8666666666666667
0.86,105,D_M > margin,30,0,0.0,30,4,0.13333333333333333,0.8666666666666667
0.86,106,D_M > margin,30,0,0.0,30,4,0.13333333333333333,0.8666666666666667
0.86,107,D_M > margin,30,0,0.0,30,4,0.13333333333333333,0.8666666666666667
0.86,108,D_M > margin,30,0,0.0,30,4,0.13333333333333333,0.8666666666666667
0.86,109,D_M > margin,30,0,0.0,30,1,0.03333333333333333,0.9666666666666667
0.86,110,D_M > margin,30,0,0.0,30,1,0.03333333333333333,0.9666666666666667
0.86,111,D_M > margin,30,0,0.0,30,1,0.03333333333333333,0.9666666666666667
0.86,112,D_M > margin,30,0,0.0,30,1,0.03333333333333333,0.9666666666666667
0.86,113,D_M > margin,30,0,0.0,30,1,0.03333333333333333,0.9666666666666667
0.86,114,D_M > margin,30,0,0.0,30,1,0.03333333333333333,0.9666666666666667
0.86,115,D_M > margin,30,0,0.0,30,1,0.03333333333333333,0.9666666666666667
0.86,116,D_M > margin,30,0,0.0,30,0,0.0,1.0
0.86,117,D_M > margin,30,0,0.0,30,0,0.0,1.0
0.86,118,D_M > margin,30,0,0.0,30,0,0.0,1.0
0.86,119,D_M > margin,30,0,0.0,30,0,0.0,1.0
0.86,120,D_M > margin,30,0,0.0,30,0,0.0,1.0
0.86,121,D_M > margin,30,0,0.0,30,0,0.0,1.0
0.86,122,D_M > margin,30,0,0.0,30,0,0.0,1.0
0.86,123,D_M > margin,30,0,0.0,30,0,0.0,1.0
0.86,124,D_M > margin,30,0,0.0,30,0,0.0,1.0
0.86,125,D_M > margin,30,0,0.0,30,0,0.0,1.0
0.86,126,D_M > margin,30,0,0.0,30,0,0.0,1.0
0.86,127,D_M > margin,30,0,0.0,30,0,0.0,1.0
0.86,128,D_M > margin,30,0,0.0,30,0,0.0,1.0
0.86,129,D_M > margin,30,0,0.0,30,0,0.0,1.0
0.86,130,D_M > margin,30,0,0.0,30,0,0.0,1.0
0.86,131,D_M > margin,30,0,0.0,30,0,0.0,1.0
0.86,132,D_M > margin,30,0,0.0,30,0,0.0,1.0
0.86,133,D_M > margin,30,0,0.0,30,0,0.0,1.0
0.86,134,D_M > margin,30,0,0.0,30,0,0.0,1.0
0.86,135,D_M > margin,30,0,0.0,30,0,0.0,1.0
0.86,136,D_M > margin,30,0,0.0,30,0,0.0,1.0
0.86,137,D_M > margin,30,0,0.0,30,0,0.0,1.0
0.86,138,D_M > margin,30,0,0.0,30,0,0.0,1.0
0.86,139,D_M > margin,30,0,0.0,30,0,0.0,1.0
0.86,140,D_M > margin,30,0,0.0,30,0,0.0,1.0
0.86,141,D_M > margin,30,0,0.0,30,0,0.0,1.0
0.86,142,D_M > margin,30,0,0.0,30,0,0.0,1.0
0.86,143,D_M > margin,30,0,0.0,30,0,0.0,1.0
0.86,144,D_M > margin,30,0,0.0,30,0,0.0,1.0
0.86,145,D_M > margin,30,0,0.0,30,0,0.0,1.0
0.86,146,D_M > margin,30,0,0.0,30,0,0.0,1.0
0.86,147,D_M > margin,30,0,0.0,30,0,0.0,1.0
0.86,148,D_M > margin,30,0,0.0,30,0,0.0,1.0
0.86,149,D_M > margin,30,0,0.0,30,0,0.0,1.0
0.86,150,D_M > margin,30,0,0.0,30,0,0.0,1.0
0.86,151,D_M > margin,30,0,0.0,30,0,0.0,1.0
0.86,152,D_M > margin,30,0,0.0,30,0,0.0,1.0
0.86,153,D_M > margin,30,0,0.0,30,0,0.0,1.0
0.86,154,D_M > margin,30,0,0.0,30,0,0.0,1.0
0.86,155,D_M > margin,30,0,0.0,30,0,0.0,1.0
0.86,156,D_M > margin,30,0,0.0,30,0,0.0,1.0
0.86,157,D_M > margin,30,0,0.0,30,0,0.0,1.0
0.86,158,D_M > margin,30,0,0.0,30,0,0.0,1.0
0.86,159,D_M > margin,30,0,0.0,30,0,0.0,1.0
0.86,160,D_M > margin,30,0,0.0,30,0,0.0,1.0
0.86,161,D_M > margin,30,0,0.0,30,0,0.0,1.0
0.86,162,D_M > margin,30,0,0.0,30,0,0.0,1.0
0.86,163,D_M > margin,30,0,0.0,30,0,0.0,1.0
0.86,164,D_M > margin,30,0,0.0,30,0,0.0,1.0
0.86,165,D_M > margin,30,0,0.0,30,0,0.0,1.0
0.86,166,D_M > margin,30,0,0.0,30,0,0.0,1.0
0.86,167,D_M > margin,30,0,0.0,30,0,0.0,1.0
0.86,168,D_M > margin,30,0,0.0,30,0,0.0,1.0
0.86,169,D_M > margin,30,0,0.0,30,0,0.0,1.0
0.86,170,D_M > margin,30,0,0.0,30,0,0.0,1.0
0.86,171,D_M > margin,30,0,0.0,30,0,0.0,1.0
0.86,172,D_M > margin,30,0,0.0,30,0,0.0,1.0
0.86,173,D_M > margin,30,0,0.0,30,0,0.0,1.0
0.86,174,D_M > margin,30,0,0.0,30,0,0.0,1.0
0.86,175,D_M > margin,30,0,0.0,30,0,0.0,1.0
0.86,176,D_M > margin,30,0,0.0,30,0,0.0,1.0
0.86,177,D_M > margin,30,0,0.0,30,0,0.0,1.0
0.86,178,D_M > margin,30,0,0.0,30,0,0.0,1.0
0.86,179,D_M > margin,30,0,0.0,30,0,0.0,1.0
0.86,180,D_M > margin,30,0,0.0,30,0,0.0,1.0
0.86,181,D_M > margin,30,0,0.0,30,0,0.0,1.0
0.86,182,D_M > margin,30,0,0.0,30,0,0.0,1.0
0.86,183,D_M > margin,30,0,0.0,30,0,0.0,1.0
0.86,184,D_M > margin,30,0,0.0,30,0,0.0,1.0
0.86,185,D_M > margin,30,0,0.0,30,0,0.0,1.0
0.86,186,D_M > margin,30,0,0.0,30,0,0.0,1.0
0.86,187,D_M > margin,30,0,0.0,30,0,0.0,1.0
0.86,188,D_M > margin,30,0,0.0,30,0,0.0,1.0
0.86,189,D_M > margin,30,0,0.0,30,0,0.0,1.0
0.86,190,D_M > margin,30,0,0.0,30,0,0.0,1.0
0.86,191,D_M > margin,30,0,0.0,30,0,0.0,1.0
0.86,192,D_M > margin,30,0,0.0,30,0,0.0,1.0
0.86,193,D_M > margin,30,0,0.0,30,0,0.0,1.0
0.86,194,D_M > margin,30,0,0.0,30,0,0.0,1.0
0.86,195,D_M > margin,30,0,0.0,30,0,0.0,1.0
0.86,196,D_M > margin,30,0,0.0,30,0,0.0,1.0
0.86,197,D_M > margin,30,0,0.0,30,0,0.0,1.0
0.86,198,D_M > margin,30,0,0.0,30,0,0.0,1.0
0.86,199,D_M > margin,30,0,0.0,30,0,0.0,1.0
0.86,200,D_M > margin,30,0,0.0,30,0,0.0,1.0
0.86,201,D_M > margin,30,0,0.0,30,0,0.0,1.0
0.86,202,D_M > margin,30,0,0.0,30,0,0.0,1.0
0.86,203,D_M > margin,30,0,0.0,30,0,0.0,1.0
0.86,204,D_M > margin,30,0,0.0,30,0,0.0,1.0
0.86,205,D_M > margin,30,0,0.0,30,0,0.0,1.0
0.86,206,D_M > margin,30,0,0.0,30,0,0.0,1.0
0.86,207,D_M > margin,30,0,0.0,30,0,0.0,1.0
0.86,208,D_M > margin,30,0,0.0,30,0,0.0,1.0
0.86,209,D_M > margin,30,0,0.0,30,0,0.0,1.0
0.86,210,D_M > margin,30,0,0.0,30,0,0.0,1.0
0.86,211,D_M > margin,30,0,0.0,30,0,0.0,1.0
0.86,212,D_M > margin,30,0,0.0,30,0,0.0,1.0
0.86,213,D_M > margin,30,0,0.0,30,0,0.0,1.0
0.86,214,D_M > margin,30,0,0.0,30,0,0.0,1.0
0.86,215,D_M > margin,30,0,0.0,30,0,0.0,1.0
0.86,216,D_M > margin,30,0,0.0,30,0,0.0,1.0
0.86,217,D_M > margin,30,0,0.0,30,0,0.0,1.0
0.86,218,D_M > margin,30,0,0.0,30,0,0.0,1.0
0.86,219,D_M > margin,30,0,0.0,30,0,0.0,1.0
0.86,220,D_M > margin,30,0,0.0,30,0,0.0,1.0
0.86,221,D_M > margin,30,0,0.0,30,0,0.0,1.0
0.86,222,D_M > margin,30,0,0.0,30,0,0.0,1.0
0.86,223,D_M > margin,30,0,0.0,30,0,0.0,1.0
0.86,224,D_M > margin,30,0,0.0,30,0,0.0,1.0
0.86,225,D_M > margin,30,0,0.0,30,0,0.0,1.0
0.86,226,D_M > margin,30,0,0.0,30,0,0.0,1.0
0.86,227,D_M > margin,30,0,0.0,30,0,0.0,1.0
0.86,228,D_M > margin,30,0,0.0,30,0,0.0,1.0
0.86,229,D_M > margin,30,0,0.0,30,0,0.0,1.0
0.86,230,D_M > margin,30,0,0.0,30,0,0.0,1.0
0.86,231,D_M > margin,30,0,0.0,30,0,0.0,1.0
0.86,232,D_M > margin,30,0,0.0,30,0,0.0,1.0
0.86,233,D_M > margin,30,0,0.0,30,0,0.0,1.0
0.86,234,D_M > margin,30,0,0.0,30,0,0.0,1.0
0.86,235,D_M > margin,30,0,0.0,30,0,0.0,1.0
0.86,236,D_M > margin,30,0,0.0,30,0,0.0,1.0
0.86,237,D_M > margin,30,0,0.0,30,0,0.0,1.0
0.86,238,D_M > margin,30,0,0.0,30,0,0.0,1.0
0.86,239,D_M > margin,30,0,0.0,30,0,0.0,1.0
0.86,240,D_M > margin,30,0,0.0,30,0,0.0,1.0
0.86,241,D_M > margin,30,0,0.0,30,0,0.0,1.0
0.86,242,D_M > margin,30,0,0.0,30,0,0.0,1.0
0.86,243,D_M > margin,30,0,0.0,30,0,0.0,1.0
0.86,244,D_M > margin,30,0,0.0,30,0,0.0,1.0
0.86,245,D_M > margin,30,0,0.0,30,0,0.0,1.0
0.86,246,D_M > margin,30,0,0.0,30,0,0.0,1.0
0.86,247,D_M > margin,30,0,0.0,30,0,0.0,1.0
0.86,248,D_M > margin,30,0,0.0,30,0,0.0,1.0
0.86,249,D_M > margin,30,0,0.0,30,0,0.0,1.0
0.86,250,D_M > margin,30,0,0.0,30,0,0.0,1.0
0.86,251,D_M > margin,30,0,0.0,30,0,0.0,1.0
0.86,252,D_M > margin,30,0,0.0,30,0,0.0,1.0
0.86,253,D_M > margin,30,0,0.0,30,0,0.0,1.0
0.86,254,D_M > margin,30,0,0.0,30,0,0.0,1.0
0.86,255,D_M > margin,30,0,0.0,30,0,0.0,1.0
0.86,256,D_M > margin,30,0,0.0,30,0,0.0,1.0
0.86,257,D_M > margin,30,0,0.0,30,0,0.0,1.0
0.86,258,D_M > margin,30,0,0.0,30,0,0.0,1.0
0.86,259,D_M > margin,30,0,0.0,30,0,0.0,1.0
0.86,260,D_M > margin,30,0,0.0,30,0,0.0,1.0
0.86,261,D_M > margin,30,0,0.0,30,0,0.0,1.0
0.86,262,D_M > margin,30,0,0.0,30,0,0.0,1.0
0.86,263,D_M > margin,30,0,0.0,30,0,0.0,1.0
0.86,264,D_M > margin,30,0,0.0,30,0,0.0,1.0
0.86,265,D_M > margin,30,0,0.0,30,0,0.0,1.0
0.86,266,D_M > margin,30,0,0.0,30,0,0.0,1.0
0.86,267,D_M > margin,30,0,0.0,30,0,0.0,1.0
0.86,268,D_M > margin,30,0,0.0,30,0,0.0,1.0
0.86,269,D_M > margin,30,0,0.0,30,0,0.0,1.0
0.86,270,D_M > margin,30,0,0.0,30,0,0.0,1.0
0.86,271,D_M > margin,30,0,0.0,30,0,0.0,1.0
0.86,272,D_M > margin,30,0,0.0,30,0,0.0,1.0
0.86,273,D_M > margin,30,0,0.0,30,0,0.0,1.0
0.86,274,D_M > margin,30,0,0.0,30,0,0.0,1.0
0.86,275,D_M > margin,30,0,0.0,30,0,0.0,1.0
0.86,276,D_M > margin,30,0,0.0,30,0,0.0,1.0
0.86,277,D_M > margin,30,0,0.0,30,0,0.0,1.0
0.86,278,D_M > margin,30,0,0.0,30,0,0.0,1.0
0.86,279,D_M > margin,30,0,0.0,30,0,0.0,1.0
0.86,280,D_M > margin,30,0,0.0,30,0,0.0,1.0
0.86,281,D_M > margin,30,0,0.0,30,0,0.0,1.0
0.86,282,D_M > margin,30,0,0.0,30,0,0.0,1.0
0.86,283,D_M > margin,30,0,0.0,30,0,0.0,1.0
0.86,284,D_M > margin,30,0,0.0,30,0,0.0,1.0
0.86,285,D_M > margin,30,0,0.0,30,0,0.0,1.0
0.86,286,D_M > margin,30,0,0.0,30,0,0.0,1.0
0.86,287,D_M > margin,30,0,0.0,30,0,0.0,1.0
0.86,288,D_M > margin,30,0,0.0,30,0,0.0,1.0
0.86,289,D_M > margin,30,0,0.0,30,0,0.0,1.0
0.86,290,D_M > margin,30,0,0.0,30,0,0.0,1.0
0.86,291,D_M > margin,30,0,0.0,30,0,0.0,1.0
0.86,292,D_M > margin,30,0,0.0,30,0,0.0,1.0
0.86,293,D_M > margin,30,0,0.0,30,0,0.0,1.0
0.86,294,D_M > margin,30,0,0.0,30,0,0.0,1.0
0.86,295,D_M > margin,30,0,0.0,30,0,0.0,1.0
0.86,296,D_M > margin,30,0,0.0,30,0,0.0,1.0
0.86,297,D_M > margin,30,0,0.0,30,0,0.0,1.0
0.86,298,D_M > margin,30,0,0.0,30,0,0.0,1.0
0.86,299,D_M > margin,30,0,0.0,30,0,0.0,1.0
0.86,300,D_M > margin,30,0,0.0,30,0,0.0,1.0
0.86,301,D_M > margin,30,0,0.0,30,0,0.0,1.0
0.86,302,D_M > margin,30,0,0.0,30,0,0.0,1.0
0.86,303,D_M > margin,30,0,0.0,30,0,0.0,1.0
0.86,304,D_M > margin,30,0,0.0,30,0,0.0,1.0
0.86,305,D_M > margin,30,0,0.0,30,0,0.0,1.0
0.86,306,D_M > margin,30,0,0.0,30,0,0.0,1.0
0.86,307,D_M > margin,30,0,0.0,30,0,0.0,1.0
0.86,308,D_M > margin,30,0,0.0,30,0,0.0,1.0
0.86,309,D_M > margin,30,0,0.0,30,0,0.0,1.0
0.86,310,D_M > margin,30,0,0.0,30,0,0.0,1.0
0.86,311,D_M > margin,30,0,0.0,30,0,0.0,1.0
0.86,312,D_M > margin,30,0,0.0,30,0,0.0,1.0
0.86,313,D_M > margin,30,0,0.0,30,0,0.0,1.0
0.86,314,D_M > margin,30,0,0.0,30,0,0.0,1.0
0.86,315,D_M > margin,30,0,0.0,30,0,0.0,1.0
0.86,316,D_M > margin,30,0,0.0,30,0,0.0,1.0
0.86,317,D_M > margin,30,0,0.0,30,0,0.0,1.0
0.86,318,D_M > margin,30,0,0.0,30,0,0.0,1.0
0.86,319,D_M > margin,30,0,0.0,30,0,0.0,1.0
0.86,320,D_M > margin,30,0,0.0,30,0,0.0,1.0
0.86,321,D_M > margin,30,0,0.0,30,0,0.0,1.0
0.86,322,D_M > margin,30,0,0.0,30,0,0.0,1.0
0.86,323,D_M > margin,30,0,0.0,30,0,0.0,1.0
0.86,324,D_M > margin,30,0,0.0,30,0,0.0,1.0
0.86,325,D_M > margin,30,0,0.0,30,0,0.0,1.0
0.86,326,D_M > margin,30,0,0.0,30,0,0.0,1.0
0.86,327,D_M > margin,30,0,0.0,30,0,0.0,1.0
0.86,328,D_M > margin,30,0,0.0,30,0,0.0,1.0
0.86,329,D_M > margin,30,0,0.0,30,0,0.0,1.0
0.86,330,D_M > margin,30,0,0.0,30,0,0.0,1.0
0.86,331,D_M > margin,30,0,0.0,30,0,0.0,1.0
0.86,332,D_M > margin,30,0,0.0,30,0,0.0,1.0
0.86,333,D_M > margin,30,0,0.0,30,0,0.0,1.0
0.86,334,D_M > margin,30,0,0.0,30,0,0.0,1.0
0.86,335,D_M > margin,30,0,0.0,30,0,0.0,1.0
0.86,336,D_M > margin,30,0,0.0,30,0,0.0,1.0
0.86,337,D_M > margin,30,0,0.0,30,0,0.0,1.0
0.86,338,D_M > margin,30,0,0.0,30,0,0.0,1.0
0.86,339,D_M > margin,30,0,0.0,30,0,0.0,1.0
0.86,340,D_M > margin,30,0,0.0,30,0,0.0,1.0
0.86,341,D_M > margin,30,0,0.0,30,0,0.0,1.0
0.86,342,D_M > margin,30,0,0.0,30,0,0.0,1.0
0.86,343,D_M > margin,30,0,0.0,30,0,0.0,1.0
0.86,344,D_M > margin,30,0,0.0,30,0,0.0,1.0
0.86,345,D_M > margin,30,0,0.0,30,0,0.0,1.0
0.86,346,D_M > margin,30,0,0.0,30,0,0.0,1.0
0.86,347,D_M > margin,30,0,0.0,30,0,0.0,1.0
0.86,348,D_M > margin,30,0,0.0,30,0,0.0,1.0
0.86,349,D_M > margin,30,0,0.0,30,0,0.0,1.0
0.86,350,D_M > margin,30,0,0.0,30,0,0.0,1.0
0.86,351,D_M > margin,30,0,0.0,30,0,0.0,1.0
0.86,352,D_M > margin,30,0,0.0,30,0,0.0,1.0
0.86,353,D_M > margin,30,0,0.0,30,0,0.0,1.0
0.86,354,D_M > margin,30,0,0.0,30,0,0.0,1.0
0.86,355,D_M > margin,30,0,0.0,30,0,0.0,1.0
0.86,356,D_M > margin,30,0,0.0,30,0,0.0,1.0
0.86,357,D_M > margin,30,0,0.0,30,0,0.0,1.0
0.86,358,D_M > margin,30,0,0.0,30,0,0.0,1.0
0.86,359,D_M > margin,30,0,0.0,30,0,0.0,1.0
0.86,360,D_M > margin,30,0,0.0,30,0,0.0,1.0
0.86,361,D_M > margin,30,0,0.0,30,0,0.0,1.0
0.86,362,D_M > margin,30,0,0.0,30,0,0.0,1.0
0.86,363,D_M > margin,30,0,0.0,30,0,0.0,1.0
0.86,364,D_M > margin,30,0,0.0,30,0,0.0,1.0
0.86,365,D_M > margin,30,0,0.0,30,0,0.0,1.0
0.86,366,D_M > margin,30,0,0.0,30,0,0.0,1.0
0.86,367,D_M > margin,30,0,0.0,30,0,0.0,1.0
0.86,368,D_M > margin,30,0,0.0,30,0,0.0,1.0
0.86,369,D_M > margin,30,0,0.0,30,0,0.0,1.0
0.86,370,D_M > margin,30,0,0.0,30,0,0.0,1.0
0.86,371,D_M > margin,30,0,0.0,30,0,0.0,1.0
0.86,372,D_M > margin,30,0,0.0,30,0,0.0,1.0
0.86,373,D_M > margin,30,0,0.0,30,0,0.0,1.0
0.86,374,D_M > margin,30,0,0.0,30,0,0.0,1.0
0.86,375,D_M > margin,30,0,0.0,30,0,0.0,1.0
0.86,376,D_M > margin,30,0,0.0,30,0,0.0,1.0
0.86,377,D_M > margin,30,0,0.0,30,0,0.0,1.0
0.86,378,D_M > margin,30,0,0.0,30,0,0.0,1.0
0.86,379,D_M > margin,30,0,0.0,30,0,0.0,1.0
0.86,380,D_M > margin,30,0,0.0,30,0,0.0,1.0
0.86,381,D_M > margin,30,0,0.0,30,0,0.0,1.0
0.86,382,D_M > margin,30,0,0.0,30,0,0.0,1.0
0.86,383,D_M > margin,30,0,0.0,30,0,0.0,1.0
0.86,384,D_M > margin,30,0,0.0,30,0,0.0,1.0
0.86,385,D_M > margin,30,0,0.0,30,0,0.0,1.0
0.86,386,D_M > margin,30,0,0.0,30,0,0.0,1.0
0.86,387,D_M > margin,30,0,0.0,30,0,0.0,1.0
0.86,388,D_M > margin,30,0,0.0,30,0,0.0,1.0
0.86,389,D_M > margin,30,0,0.0,30,0,0.0,1.0
0.86,390,D_M > margin,30,0,0.0,30,0,0.0,1.0
0.86,391,D_M > margin,30,0,0.0,30,0,0.0,1.0
0.86,392,D_M > margin,30,0,0.0,30,0,0.0,1.0
0.86,393,D_M > margin,30,0,0.0,30,0,0.0,1.0
0.86,394,D_M > margin,30,0,0.0,30,0,0.0,1.0
0.86,395,D_M > margin,30,0,0.0,30,0,0.0,1.0
0.86,396,D_M > margin,30,0,0.0,30,0,0.0,1.0
0.86,397,D_M > margin,30,0,0.0,30,0,0.0,1.0
0.86,398,D_M > margin,30,0,0.0,30,0,0.0,1.0
0.86,399,D_M > margin,30,0,0.0,30,0,0.0,1.0
0.86,400,D_M > margin,30,0,0.0,30,0,0.0,1.0
0.86,401,D_M > margin,30,0,0.0,30,0,0.0,1.0
0.86,402,D_M > margin,30,0,0.0,30,0,0.0,1.0
0.86,403,D_M > margin,30,0,0.0,30,0,0.0,1.0
0.86,404,D_M > margin,30,0,0.0,30,0,0.0,1.0
0.86,405,D_M > margin,30,0,0.0,30,0,0.0,1.0
0.86,406,D_M > margin,30,0,0.0,30,0,0.0,1.0
0.86,407,D_M > margin,30,0,0.0,30,0,0.0,1.0
0.86,408,D_M > margin,30,0,0.0,30,0,0.0,1.0
0.86,409,D_M > margin,30,0,0.0,30,0,0.0,1.0
0.86,410,D_M > margin,30,0,0.0,30,0,0.0,1.0
0.86,411,D_M > margin,30,0,0.0,30,0,0.0,1.0
0.86,412,D_M > margin,30,0,0.0,30,0,0.0,1.0
0.86,413,D_M > margin,30,0,0.0,30,0,0.0,1.0
0.86,414,D_M > margin,30,0,0.0,30,0,0.0,1.0
0.86,415,D_M > margin,30,0,0.0,30,0,0.0,1.0
0.86,416,D_M > margin,30,0,0.0,30,0,0.0,1.0
0.86,417,D_M > margin,30,0,0.0,30,0,0.0,1.0
0.86,418,D_M > margin,30,0,0.0,30,0,0.0,1.0
0.86,419,D_M > margin,30,0,0.0,30,0,0.0,1.0
0.86,420,D_M > margin,30,0,0.0,30,0,0.0,1.0
0.86,421,D_M > margin,30,0,0.0,30,0,0.0,1.0
0.86,422,D_M > margin,30,0,0.0,30,0,0.0,1.0
0.86,423,D_M > margin,30,0,0.0,30,0,0.0,1.0
0.86,424,D_M > margin,30,0,0.0,30,0,0.0,1.0
0.86,425,D_M > margin,30,0,0.0,30,0,0.0,1.0
0.86,426,D_M > margin,30,0,0.0,30,0,0.0,1.0
0.86,427,D_M > margin,30,0,0.0,30,0,0.0,1.0
0.86,428,D_M > margin,30,0,0.0,30,0,0.0,1.0
0.86,429,D_M > margin,30,0,0.0,30,0,0.0,1.0
0.86,430,D_M > margin,30,0,0.0,30,0,0.0,1.0
0.86,431,D_M > margin,30,0,0.0,30,0,0.0,1.0
0.86,432,D_M > margin,30,0,0.0,30,0,0.0,1.0
0.86,433,D_M > margin,30,0,0.0,30,0,0.0,1.0
0.86,434,D_M > margin,30,0,0.0,30,0,0.0,1.0
0.86,435,D_M > margin,30,0,0.0,30,0,0.0,1.0
