episode_id,kind,condition,predecessor_M,M,F,reset_release_s,reset_arm_s,timeline_pad_s,launch_time_s,q_read_time_s,measured_reset_release50_s,measured_sclk_launch50_s,measured_reset_arm_s,q_read_v,q_read_late_v,Q_logic,Q_late_logic,xor_rise50_s,medium_rise50_s,ck_rise50_s,D_medium_ps,D_fine_ps,D_total_ps,W_xor_ps,hold_margin_ps,active_window_start_s,active_window_end_s,extra_ck_edge,valid,reason
E00,predecessor,pred7_arm_0p0ns_pad_0p0ns_pre,7,7,0,1.57e-09,4.9e-10,0.0,2.06e-09,4.36e-09,1.57e-09,2.06e-09,4.9e-10,0.8000033322,0.8005396747,1,1,2.862235189e-09,3.418212033e-09,3.546079876e-09,555.9768440000001,127.86784299999981,683.8446869999999,784.0284450000003,100.18375800000035,2.06e-09,4.56e-09,False,1,
E00,target,pred7_arm_0p0ns_pad_0p0ns,7,8,0,9.270000000000001e-09,0.0,0.0,9.270000000000001e-09,1.157e-08,9.27e-09,9.27e-09,0.0,0.79999973,0.8004683768,1,1,1.007272707e-08,1.069569905e-08,1.082354751e-08,622.9719799999997,127.84845999999989,750.8204399999996,784.7157700000009,33.89533000000131,9.270000000000001e-09,1.177e-08,False,1,
E01,predecessor,pred9_arm_0p0ns_pad_0p0ns_pre,9,9,0,2.1640000000000024e-08,4.9e-10,0.0,2.2130000000000023e-08,2.4430000000000024e-08,2.164e-08,2.213e-08,4.899999999999998e-10,1.652431323e-07,0.0003491564011,0,0,2.293193952e-08,2.362124426e-08,2.374890906e-08,689.3047400000025,127.66479999999858,816.9695400000012,785.3452300000021,-31.624309999999127,2.2130000000000023e-08,2.4630000000000023e-08,False,1,
E01,target,pred9_arm_0p0ns_pad_0p0ns,9,8,0,2.9340000000000026e-08,0.0,0.0,2.9340000000000026e-08,3.1640000000000024e-08,2.934e-08,2.934e-08,0.0,0.7905551709,0.8004316842,1,1,3.014259222e-08,3.076519444e-08,3.08929753e-08,622.6022199999969,127.7808599999982,750.3830799999952,784.139629999995,33.756549999999834,2.9340000000000026e-08,3.1840000000000026e-08,False,1,
E02,predecessor,pred8_arm_0p0ns_pad_0p0ns_pre,8,8,0,4.169999999999999e-08,4.9e-10,0.0,4.218999999999999e-08,4.448999999999999e-08,4.17e-08,4.219e-08,4.899999999999998e-10,0.8000001491,0.8004120409,1,1,4.299195732e-08,4.361445989e-08,4.374224685e-08,622.5025699999942,127.7869600000018,750.2895299999959,784.7337299999941,34.444199999998204,4.218999999999999e-08,4.468999999999999e-08,False,1,
E02,target,pred8_arm_0p0ns_pad_0p0ns,8,8,0,4.938999999999999e-08,0.0,0.0,4.938999999999999e-08,5.168999999999999e-08,4.939e-08,4.939e-08,0.0,0.7999999802,0.8004772046,1,1,5.019306662e-08,5.081596682e-08,5.094356353e-08,622.900200000003,127.59670999999987,750.4969100000028,784.2465700000035,33.749660000000745,4.938999999999999e-08,5.188999999999999e-08,False,1,
E03,predecessor,pred7_arm_0p48999999999999994ns_pad_0p0ns_pre,7,7,0,6.173999999999996e-08,4.9e-10,0.0,6.222999999999996e-08,6.452999999999996e-08,6.174e-08,6.223e-08,4.899999999999998e-10,0.8000046525,0.8002919634,1,1,6.303206075e-08,6.358780968e-08,6.371569259e-08,555.748930000004,127.88290999999515,683.6318399999991,783.6350300000029,100.00319000000377,6.222999999999996e-08,6.472999999999996e-08,False,1,
E03,target,pred7_arm_0p48999999999999994ns_pad_0p0ns,7,8,0,6.943999999999995e-08,4.9e-10,0.0,6.992999999999995e-08,7.222999999999995e-08,6.944e-08,6.993e-08,4.899999999999998e-10,0.7999999124,0.800438215,1,1,7.073205601e-08,7.135534148e-08,7.148311356e-08,623.2854700000072,127.77207999999176,751.0575499999989,785.0921000000013,34.03455000000247,6.992999999999995e-08,7.242999999999995e-08,False,1,
E04,predecessor,pred9_arm_0p48999999999999994ns_pad_0p0ns_pre,9,9,0,8.229999999999991e-08,4.9e-10,0.0,8.278999999999991e-08,8.508999999999991e-08,8.23e-08,8.279e-08,4.899999999999998e-10,1.538686772e-07,0.0004427290732,0,0,8.359204351e-08,8.428165611e-08,8.440949186e-08,689.6125999999939,127.83574999999931,817.4483499999932,784.9338999999939,-32.51444999999933,8.278999999999991e-08,8.528999999999991e-08,False,1,
E04,target,pred9_arm_0p48999999999999994ns_pad_0p0ns,9,8,0,8.99999999999999e-08,4.9e-10,0.0,9.04899999999999e-08,9.27899999999999e-08,9e-08,9.049e-08,4.899999999999998e-10,0.7999998613,0.8004233753,1,1,9.129219815e-08,9.191455196e-08,9.204241677e-08,622.3538099999923,127.86481000000097,750.2186199999934,784.7563899999938,34.537770000000364,9.04899999999999e-08,9.298999999999991e-08,False,1,
E05,predecessor,pred8_arm_0p48999999999999994ns_pad_0p0ns_pre,8,8,0,1.0284999999999987e-07,4.9e-10,0.0,1.0333999999999987e-07,1.0563999999999987e-07,1.0285e-07,1.0334e-07,4.899999999999998e-10,0.7999976864,0.8004092748,1,1,1.041420197e-07,1.047644588e-07,1.048923157e-07,622.4391000000032,127.85689999998868,750.2959999999919,784.2357999999947,33.93980000000283,1.0333999999999987e-07,1.0583999999999987e-07,False,1,
E05,target,pred8_arm_0p48999999999999994ns_pad_0p0ns,8,8,0,1.1053999999999986e-07,4.9e-10,0.0,1.1102999999999986e-07,1.1332999999999986e-07,1.1054e-07,1.1103e-07,4.899999999999998e-10,0.7999997087,0.8003951591,1,1,1.118323573e-07,1.124549603e-07,1.125827626e-07,622.6029999999943,127.80230000000768,750.405300000002,785.4061999999972,35.00089999999523,1.1102999999999986e-07,1.1352999999999987e-07,False,1,
E06,predecessor,pred7_arm_1p0ns_pad_0p0ns_pre,7,7,0,1.2337999999999993e-07,4.9e-10,0.0,1.2386999999999993e-07,1.2616999999999992e-07,1.2338e-07,1.2387e-07,4.899999999999998e-10,0.8000031239,0.8005944579,1,1,1.246723497e-07,1.252274429e-07,1.25355375e-07,555.0932000000039,127.93209999999942,683.0253000000033,784.1082999999954,101.08299999999213,1.2386999999999993e-07,1.263699999999999e-07,False,1,
E06,target,pred7_arm_1p0ns_pad_0p0ns,7,8,0,1.3107999999999993e-07,1e-09,0.0,1.3207999999999992e-07,1.343799999999999e-07,1.3108e-07,1.3208e-07,9.999999999999957e-10,0.0001910528154,0.0004096939756,0,0,1.328826897e-07,1.335059556e-07,1.336338147e-07,623.2659000000086,127.85909999999932,751.125000000008,784.411000000024,33.28600000001609,1.3207999999999992e-07,1.345799999999999e-07,False,1,
E07,predecessor,pred9_arm_1p0ns_pad_0p0ns_pre,9,9,0,1.444500000000001e-07,4.9e-10,0.0,1.449400000000001e-07,1.472400000000001e-07,1.4445e-07,1.4494e-07,4.899999999999998e-10,1.652418313e-07,0.0003491615459,0,0,1.457419396e-07,1.464312443e-07,1.465589141e-07,689.3046999999966,127.66980000001672,816.9745000000133,785.3450999999926,-31.629400000020723,1.449400000000001e-07,1.4744000000000008e-07,False,1,
E07,target,pred9_arm_1p0ns_pad_0p0ns,9,8,0,1.521500000000001e-07,1e-09,0.0,1.531500000000001e-07,1.5545000000000009e-07,1.5215e-07,1.5315e-07,9.999999999999957e-10,0.7999987595,0.8004253959,1,1,1.539524306e-07,1.545751179e-07,1.547029809e-07,622.6873000000062,127.86299999999228,750.5502999999985,784.1001999999978,33.5498999999993,1.531500000000001e-07,1.5565000000000007e-07,False,1,
E08,predecessor,pred8_arm_1p0ns_pad_0p0ns_pre,8,8,0,1.6551000000000027e-07,4.9e-10,0.0,1.6600000000000027e-07,1.6830000000000026e-07,1.6551e-07,1.66e-07,4.899999999999998e-10,0.7999998785,0.8004721502,1,1,1.668020197e-07,1.674246473e-07,1.675524233e-07,622.627600000012,127.77599999999433,750.4036000000063,784.6366000000166,34.23300000001029,1.6600000000000027e-07,1.6850000000000024e-07,False,1,
E08,target,pred8_arm_1p0ns_pad_0p0ns,8,8,0,1.7320000000000025e-07,1e-09,0.0,1.7420000000000025e-07,1.7650000000000024e-07,1.732e-07,1.742e-07,1.0000000000000222e-09,0.7999912458,0.8004660777,1,1,1.750025233e-07,1.756257627e-07,1.757536212e-07,623.239399999992,127.85850000000242,751.0978999999944,784.7850000000043,33.68710000000988,1.7420000000000025e-07,1.7670000000000023e-07,False,1,
E09,predecessor,pred7_arm_0p0ns_pad_0p51ns_pre,7,7,0,1.865500000000004e-07,4.9e-10,0.0,1.870400000000004e-07,1.893400000000004e-07,1.8655e-07,1.8704e-07,4.899999999999998e-10,0.8000024105,0.8003131825,1,1,1.878420324e-07,1.883979081e-07,1.885257674e-07,555.8756999999837,127.85930000001592,683.7349999999996,785.1254999999954,101.39049999999588,1.870400000000004e-07,1.8954000000000039e-07,False,1,
E09,target,pred7_arm_0p0ns_pad_0p51ns,7,8,0,1.947600000000004e-07,0.0,5.1e-10,1.947600000000004e-07,1.970600000000004e-07,1.9476e-07,1.9476e-07,0.0,0.7999999463,0.8006019413,1,1,1.955623765e-07,1.961850639e-07,1.963128539e-07,622.6874000000013,127.78999999999218,750.4773999999935,785.4441000000077,34.96670000001416,1.947600000000004e-07,1.9726000000000038e-07,False,1,
E10,predecessor,pred9_arm_0p0ns_pad_0p51ns_pre,9,9,0,2.0713000000000058e-07,4.9e-10,0.0,2.0762000000000058e-07,2.0992000000000057e-07,2.0713e-07,2.0762e-07,4.899999999999998e-10,1.652064015e-07,0.0003972683575,0,0,2.08421918e-07,2.091120511e-07,2.092399803e-07,690.1330999999893,127.92920000001007,818.0622999999995,785.4743999999957,-32.58790000000374,2.0762000000000058e-07,2.1012000000000056e-07,False,1,
E10,target,pred9_arm_0p0ns_pad_0p51ns,9,8,0,2.1534000000000058e-07,0.0,5.1e-10,2.1534000000000058e-07,2.1764000000000056e-07,2.1534e-07,2.1534e-07,0.0,-7.107662214e-05,0.001210281783,0,0,2.161425893e-07,2.167656118e-07,2.168932084e-07,623.022499999994,127.59660000000001,750.619099999994,783.9163999999822,33.29729999998824,2.1534000000000058e-07,2.1784000000000055e-07,False,1,
E11,predecessor,pred8_arm_0p0ns_pad_0p51ns_pre,8,8,0,2.2770000000000075e-07,4.9e-10,0.0,2.2819000000000075e-07,2.3049000000000074e-07,2.277e-07,2.2819e-07,4.899999999999998e-10,0.7999994157,0.8003815909,1,1,2.289920197e-07,2.29614845e-07,2.297426885e-07,622.8253000000038,127.84350000000096,750.6688000000048,784.6911000000025,34.0222999999977,2.2819000000000075e-07,2.3069000000000072e-07,False,1,
E11,target,pred8_arm_0p0ns_pad_0p51ns,8,8,0,2.3590000000000073e-07,0.0,5.1e-10,2.3590000000000073e-07,2.3820000000000072e-07,2.359e-07,2.359e-07,0.0,0.7998472341,0.8004812868,1,1,2.367030079e-07,2.373260237e-07,2.374538859e-07,623.0158000000067,127.8621999999788,750.8779999999855,784.5883999999846,33.71039999999914,2.3590000000000073e-07,2.384000000000007e-07,False,1,
E12,predecessor,pred7_arm_0p48999999999999994ns_pad_0p51ns_pre,7,7,0,2.482500000000009e-07,4.9e-10,0.0,2.4874000000000094e-07,2.5104000000000096e-07,2.4825e-07,2.4874e-07,4.899999999999733e-10,0.8000043345,0.800292722,1,1,2.495420324e-07,2.500982191e-07,2.502261012e-07,556.1867000000266,127.88210000000333,684.0688000000299,785.4887000000318,101.41990000000192,2.4874000000000094e-07,2.5124000000000097e-07,False,1,
E12,target,pred7_arm_0p48999999999999994ns_pad_0p51ns,7,8,0,2.5646000000000096e-07,4.9e-10,5.1e-10,2.56950000000001e-07,2.59250000000001e-07,2.5646e-07,2.5695e-07,4.899999999999733e-10,5.561717071e-06,0.000399696223,0,0,2.577524094e-07,2.583754506e-07,2.585032691e-07,623.0411999999718,127.81850000001614,750.8596999999879,784.3697999999646,33.51009999997666,2.56950000000001e-07,2.59450000000001e-07,False,1,
E13,predecessor,pred9_arm_0p48999999999999994ns_pad_0p51ns_pre,9,9,0,2.693200000000012e-07,4.9e-10,0.0,2.698100000000012e-07,2.7211000000000124e-07,2.6932e-07,2.6981e-07,4.900000000000262e-10,1.638276473e-07,0.0004523047641,0,0,2.706122497e-07,2.71301949e-07,2.714298516e-07,689.6992999999669,127.90260000002476,817.6018999999917,784.6154999999983,-32.98639999999341,2.698100000000012e-07,2.7231000000000125e-07,False,1,
E13,target,pred9_arm_0p48999999999999994ns_pad_0p51ns,9,8,0,2.7753000000000124e-07,4.9e-10,5.1e-10,2.7802000000000127e-07,2.803200000000013e-07,2.7753e-07,2.7802e-07,4.899999999999733e-10,0.799999947,0.8003522192,1,1,2.788221029e-07,2.794455032e-07,2.795732596e-07,623.400300000025,127.75639999998147,751.1567000000065,785.057600000035,33.900900000028514,2.7802000000000127e-07,2.805200000000013e-07,False,1,
E14,predecessor,pred8_arm_0p48999999999999994ns_pad_0p51ns_pre,8,8,0,2.9038000000000147e-07,4.9e-10,0.0,2.908700000000015e-07,2.931700000000015e-07,2.9038e-07,2.9087e-07,4.900000000000262e-10,0.8000001223,0.8004150469,1,1,2.916720197e-07,2.922949368e-07,2.924227509e-07,622.9171000000298,127.81410000002136,750.7312000000512,785.0885000000201,34.35729999996886,2.908700000000015e-07,2.933700000000015e-07,False,1,
E14,target,pred8_arm_0p48999999999999994ns_pad_0p51ns,8,8,0,2.985800000000015e-07,4.9e-10,5.1e-10,2.990700000000015e-07,3.0137000000000154e-07,2.9858e-07,2.9907e-07,4.899999999999733e-10,0.7949785867,0.8004697448,1,1,2.99872694e-07,3.004959283e-07,3.006237864e-07,623.2343000000052,127.85810000002215,751.0924000000274,784.6994000000168,33.6069999999894,2.990700000000015e-07,3.0157000000000155e-07,False,1,
E15,predecessor,pred7_arm_1p0ns_pad_0p51ns_pre,7,7,0,3.114200000000017e-07,4.9e-10,0.0,3.1191000000000174e-07,3.1421000000000175e-07,3.1142e-07,3.1191e-07,4.899999999999733e-10,0.8000034364,0.8002941714,1,1,3.127120324e-07,3.132681139e-07,3.133958138e-07,556.0815000000262,127.69989999998826,683.7814000000144,784.9305000000292,101.14910000001476,3.1191000000000174e-07,3.1441000000000177e-07,False,1,
E15,target,pred7_arm_1p0ns_pad_0p51ns,7,8,0,3.1963000000000176e-07,1e-09,5.1e-10,3.206300000000018e-07,3.229300000000018e-07,3.1963e-07,3.2063e-07,9.999999999999692e-10,0.8000001343,0.800400384,1,1,3.214320142e-07,3.220545734e-07,3.221823684e-07,622.5592000000233,127.79499999998384,750.3542000000072,784.8197000000403,34.4655000000331,3.206300000000018e-07,3.231300000000018e-07,False,1,
E16,predecessor,pred9_arm_1p0ns_pad_0p51ns_pre,9,9,0,3.33000000000002e-07,4.9e-10,0.0,3.33490000000002e-07,3.3579000000000203e-07,3.33e-07,3.3349e-07,4.900000000000262e-10,1.656946852e-07,0.0004003612207,0,0,3.342920465e-07,3.349816391e-07,3.351093618e-07,689.5925999999611,127.72270000002862,817.3152999999896,785.3498999999941,-31.965399999995498,3.33490000000002e-07,3.3599000000000204e-07,False,1,
E16,target,pred9_arm_1p0ns_pad_0p51ns,9,8,0,3.4121000000000203e-07,1e-09,5.1e-10,3.4221000000000206e-07,3.4451000000000207e-07,3.4121e-07,3.4221e-07,9.999999999999692e-10,0.8000001208,0.800435763,1,1,3.430125502e-07,3.436353863e-07,3.437630007e-07,622.8361000000007,127.61440000004869,750.4505000000494,784.4839000000292,34.03339999997979,3.4221000000000206e-07,3.447100000000021e-07,False,1,
E17,predecessor,pred8_arm_1p0ns_pad_0p51ns_pre,8,8,0,3.5457000000000225e-07,4.9e-10,0.0,3.550600000000023e-07,3.573600000000023e-07,3.5457e-07,3.5506e-07,4.900000000000262e-10,0.8000000215,0.800526545,1,1,3.558618301e-07,3.564841345e-07,3.5661202e-07,622.3043999999884,127.8854999999945,750.1898999999829,785.2588000000131,35.068900000030226,3.550600000000023e-07,3.575600000000023e-07,False,1,
E17,target,pred8_arm_1p0ns_pad_0p51ns,8,8,0,3.627700000000023e-07,1e-09,5.1e-10,3.637700000000023e-07,3.660700000000023e-07,3.6277e-07,3.6377e-07,9.999999999999692e-10,0.7999997228,0.8006974247,1,1,3.645724931e-07,3.651952019e-07,3.653229313e-07,622.7088000000048,127.7293999999894,750.4381999999943,784.47570000001,34.03750000001571,3.637700000000023e-07,3.6627000000000234e-07,False,1,
E18,predecessor,pred9_arm_1p0ns_pad_0p51ns_pre,9,9,0,3.761400000000025e-07,4.9e-10,0.0,3.7663000000000255e-07,3.7893000000000256e-07,3.7614e-07,3.7663e-07,4.900000000000262e-10,1.652418192e-07,0.0003491575288,0,0,3.774319395e-07,3.781212443e-07,3.782489136e-07,689.3048000000182,127.66929999996196,816.9740999999801,785.3451999999877,-31.628899999992427,3.7663000000000255e-07,3.791300000000026e-07,False,1,
E18,target,pred9_arm_1p0ns_pad_0p51ns,9,8,0,3.8435000000000256e-07,1e-09,5.1e-10,3.853500000000026e-07,3.876500000000026e-07,3.8435e-07,3.8535e-07,9.999999999999692e-10,-0.0003641079017,0.8007168595,0,1,3.861523073e-07,3.867755345e-07,3.86903278e-07,623.2271999999583,127.74350000000878,750.9706999999671,784.2548999999925,33.28420000002541,3.853500000000026e-07,3.878500000000026e-07,False,1,q_read_unstable
E19,predecessor,pred7_arm_1p0ns_pad_0p51ns_pre,7,7,0,3.977000000000028e-07,4.9e-10,0.0,3.981900000000028e-07,4.004900000000028e-07,3.977e-07,3.9819e-07,4.899999999999733e-10,0.8000043147,0.8003288777,1,1,3.989919009e-07,3.995477396e-07,3.99675683e-07,555.8386999999818,127.94340000002452,683.7821000000064,784.9511000000192,101.16900000001283,3.981900000000028e-07,4.0069000000000283e-07,False,1,
E19,target,pred7_arm_1p0ns_pad_0p51ns,7,8,0,4.059100000000028e-07,1e-09,5.1e-10,4.0691000000000284e-07,4.0921000000000285e-07,4.0591e-07,4.0691e-07,9.999999999999692e-10,0.7999999748,0.8004434752,1,1,4.077123813e-07,4.083353735e-07,4.08463179e-07,622.9922000000058,127.80549999996899,750.7976999999748,785.173199999999,34.3755000000242,4.0691000000000284e-07,4.0941000000000287e-07,False,1,
E20,predecessor,pred9_arm_0p48999999999999994ns_pad_0p51ns_pre,9,9,0,4.1928000000000305e-07,4.9e-10,0.0,4.197700000000031e-07,4.220700000000031e-07,4.1928e-07,4.1977e-07,4.900000000000262e-10,1.663945088e-07,0.0003959092739,0,0,4.205722497e-07,4.212619691e-07,4.213899489e-07,689.719400000008,127.97979999997658,817.6991999999847,784.5549999999906,-33.14419999999404,4.197700000000031e-07,4.222700000000031e-07,False,1,
E20,target,pred9_arm_0p48999999999999994ns_pad_0p51ns,9,8,0,4.274900000000031e-07,4.9e-10,5.1e-10,4.279800000000031e-07,4.3028000000000314e-07,4.2749e-07,4.2798e-07,4.899999999999733e-10,-0.0001310159304,0.001670301269,0,0,4.287823004e-07,4.2940534e-07,4.295330637e-07,623.0395999999978,127.72369999997932,750.7632999999771,784.1254999999678,33.36219999999071,4.279800000000031e-07,4.3048000000000315e-07,False,1,
E21,predecessor,pred7_arm_0p48999999999999994ns_pad_0p51ns_pre,7,7,0,4.403300000000033e-07,4.9e-10,0.0,4.4082000000000333e-07,4.4312000000000335e-07,4.4033e-07,4.4082e-07,4.899999999999733e-10,0.8000024107,0.8003131817,1,1,4.416220323e-07,4.42177908e-07,4.423057673e-07,555.8757000000102,127.85930000001592,683.735000000026,785.1256000000169,101.39059999999085,4.4082000000000333e-07,4.4332000000000336e-07,False,1,
E21,target,pred7_arm_0p48999999999999994ns_pad_0p51ns,7,8,0,4.4854000000000335e-07,4.9e-10,5.1e-10,4.490300000000034e-07,4.513300000000034e-07,4.4854e-07,4.4903e-07,4.899999999999733e-10,0.799999712,0.8006056295,1,1,4.498325686e-07,4.504553679e-07,4.505832083e-07,622.7992999999625,127.84040000002148,750.639699999984,784.4842999999564,33.84459999997239,4.490300000000034e-07,4.515300000000034e-07,False,1,
E22,predecessor,pred9_arm_0p0ns_pad_0p51ns_pre,9,9,0,4.614000000000036e-07,4.9e-10,0.0,4.618900000000036e-07,4.6419000000000363e-07,4.614e-07,4.6189e-07,4.900000000000262e-10,1.663633936e-07,0.0004424538555,0,0,4.626920435e-07,4.633816279e-07,4.635094551e-07,689.5843999999948,127.82719999998417,817.411599999979,785.1060999999992,-32.305499999979816,4.618900000000036e-07,4.6439000000000364e-07,False,1,
E22,target,pred9_arm_0p0ns_pad_0p51ns,9,8,0,4.6961000000000363e-07,0.0,5.1e-10,4.6961000000000363e-07,4.7191000000000365e-07,4.6961e-07,4.6961e-07,0.0,0.7999998424,0.8005050352,1,1,4.704125153e-07,4.710347863e-07,4.711627023e-07,622.2709999999943,127.91599999999926,750.1869999999935,784.8857999999835,34.69879999999,4.6961000000000363e-07,4.7211000000000366e-07,False,1,
E23,predecessor,pred7_arm_0p0ns_pad_0p51ns_pre,7,7,0,4.819600000000035e-07,4.9e-10,0.0,4.824500000000034e-07,4.847500000000034e-07,4.8196e-07,4.8245e-07,4.900000000000792e-10,0.8000024104,0.8003131837,1,1,4.832520324e-07,4.838079081e-07,4.839357677e-07,555.8756999999572,127.85959999997465,683.7352999999318,785.1254999999425,101.39020000001062,4.824500000000034e-07,4.849500000000034e-07,False,1,
E23,target,pred7_arm_0p0ns_pad_0p51ns,7,8,0,4.901700000000034e-07,0.0,5.1e-10,4.901700000000034e-07,4.924700000000034e-07,4.9017e-07,4.9017e-07,0.0,0.7999999506,0.8005906043,1,1,4.909723765e-07,4.915950639e-07,4.91722854e-07,622.6873999999483,127.79009999998725,750.4774999999356,785.4442999999978,34.96680000006222,4.901700000000034e-07,4.926700000000034e-07,False,1,
E24,predecessor,pred9_arm_1p0ns_pad_0p0ns_pre,9,9,0,5.025400000000028e-07,4.9e-10,0.0,5.030300000000027e-07,5.053300000000027e-07,5.0254e-07,5.0303e-07,4.899999999999733e-10,1.651268931e-07,0.0003983850845,0,0,5.03831918e-07,5.04522206e-07,5.046501527e-07,690.2879999999742,127.94670000004709,818.2347000000213,785.5885000000338,-32.646199999987516,5.030300000000027e-07,5.055300000000027e-07,False,1,
E24,target,pred9_arm_1p0ns_pad_0p0ns,9,8,0,5.102400000000027e-07,1e-09,0.0,5.112400000000027e-07,5.135400000000026e-07,5.1024e-07,5.1124e-07,9.999999999999692e-10,0.8000000539,0.8004455503,1,1,5.120420067e-07,5.126644595e-07,5.1279229e-07,622.4527999999232,127.83050000000674,750.2832999999299,784.7201999999439,34.43690000001402,5.112400000000027e-07,5.137400000000026e-07,False,1,
E25,predecessor,pred7_arm_1p0ns_pad_0p0ns_pre,7,7,0,5.235900000000021e-07,4.9e-10,0.0,5.240800000000021e-07,5.26380000000002e-07,5.2359e-07,5.2408e-07,4.899999999999733e-10,0.8000045297,0.8003141312,1,1,5.248820117e-07,5.254377282e-07,5.255654437e-07,555.7164999999726,127.7155000000131,683.4319999999857,784.4145000000103,100.98250000002463,5.240800000000021e-07,5.265800000000021e-07,False,1,
E25,target,pred7_arm_1p0ns_pad_0p0ns,7,8,0,5.31290000000002e-07,1e-09,0.0,5.32290000000002e-07,5.34590000000002e-07,5.3129e-07,5.3229e-07,9.999999999999692e-10,0.7999972426,0.8004532316,1,1,5.330923517e-07,5.337153256e-07,5.338431975e-07,622.9738999999818,127.87190000002987,750.8458000000116,784.7605999999635,33.91479999995181,5.32290000000002e-07,5.34790000000002e-07,False,1,
E26,predecessor,pred9_arm_0p48999999999999994ns_pad_0p0ns_pre,9,9,0,5.446600000000014e-07,4.9e-10,0.0,5.451500000000014e-07,5.474500000000013e-07,5.4466e-07,5.4515e-07,4.899999999999733e-10,1.659951102e-07,0.0003834277557,0,0,5.459522497e-07,5.466416785e-07,5.467695014e-07,689.4287999999915,127.822899999958,817.2516999999496,784.7737999999479,-32.47790000000168,5.451500000000014e-07,5.476500000000013e-07,False,1,
E26,target,pred9_arm_0p48999999999999994ns_pad_0p0ns,9,8,0,5.523600000000013e-07,4.9e-10,0.0,5.528500000000013e-07,5.551500000000013e-07,5.5236e-07,5.5285e-07,4.900000000000792e-10,0.7999999927,0.8003709223,1,1,5.536518535e-07,5.542746328e-07,5.544025676e-07,622.7792999999958,127.93479999997216,750.714099999968,785.4028000000061,34.688700000038125,5.528500000000013e-07,5.553500000000013e-07,False,1,
E27,predecessor,pred7_arm_0p48999999999999994ns_pad_0p0ns_pre,7,7,0,5.652000000000007e-07,4.9e-10,0.0,5.656900000000007e-07,5.679900000000007e-07,5.652e-07,5.6569e-07,4.899999999999733e-10,0.8000029452,0.8003767243,1,1,5.664921412e-07,5.670478556e-07,5.671756832e-07,555.7143999999968,127.82759999996445,683.5419999999613,784.7335000000028,101.19150000004151,5.656900000000007e-07,5.681900000000007e-07,False,1,
E27,target,pred7_arm_0p48999999999999994ns_pad_0p0ns,7,8,0,5.729000000000007e-07,4.9e-10,0.0,5.733900000000007e-07,5.756900000000006e-07,5.729e-07,5.7339e-07,4.900000000000792e-10,0.1012182458,0.800666773,,1,5.741923127e-07,5.74815202e-07,5.749430391e-07,622.8892999999714,127.83710000005185,750.7264000000232,784.4779000000074,33.75149999998416,5.733900000000007e-07,5.758900000000006e-07,False,0,q_read_unstable
E28,predecessor,pred9_arm_0p0ns_pad_0p0ns_pre,9,9,0,5.8576e-07,4.9e-10,0.0,5.8625e-07,5.8855e-07,5.8576e-07,5.8625e-07,4.899999999999733e-10,1.662757376e-07,0.0003837549342,0,0,5.870523033e-07,5.877425614e-07,5.878705065e-07,690.2581000000457,127.9451000000201,818.2032000000659,784.3002000000087,-33.903000000057204,5.8625e-07,5.8875e-07,False,1,
E28,target,pred9_arm_0p0ns_pad_0p0ns,9,8,0,5.9346e-07,0.0,0.0,5.9346e-07,5.957599999999999e-07,5.9346e-07,5.9346e-07,0.0,0.8000000536,0.8004668386,1,1,5.942623313e-07,5.948848213e-07,5.95012653e-07,622.4899999999947,127.83169999994756,750.3216999999422,784.7667999999225,34.44509999998024,5.9346e-07,5.959599999999999e-07,False,1,
E29,predecessor,pred7_arm_0p0ns_pad_0p0ns_pre,7,7,0,6.058099999999994e-07,4.9e-10,0.0,6.062999999999994e-07,6.085999999999993e-07,6.0581e-07,6.063e-07,4.899999999999733e-10,0.8000029014,0.8005567625,1,1,6.071019009e-07,6.076577396e-07,6.077856841e-07,555.8386999999288,127.94449999999675,683.7831999999256,784.9510999999663,101.16790000004073,6.062999999999994e-07,6.087999999999994e-07,False,1,
E29,target,pred7_arm_0p0ns_pad_0p0ns,7,8,0,6.135099999999994e-07,0.0,0.0,6.135099999999994e-07,6.158099999999993e-07,6.1351e-07,6.1351e-07,0.0,0.7999997022,0.8005975064,1,1,6.143129425e-07,6.149352243e-07,6.150629725e-07,622.2818000000441,127.74820000001525,750.0300000000593,783.9981000000033,33.968099999944,6.135099999999994e-07,6.160099999999993e-07,False,1,
