episode_id,transition_index,old_M,new_M,update_time_s,quiet_window_start_s,quiet_window_end_s,quiet_xor_v,quiet_medium_v,quiet_ck_v,configuration_ck_edge_count,status,reason
E00,0,0,1,0.0,1e-11,1.56e-09,2.489105489e-05,0.0002839145156,5.043282853e-06,0,PASS,
E00,1,1,2,1e-11,2e-11,1.56e-09,1.590207943e-05,0.0002839145156,5.043282853e-06,0,PASS,
E00,2,2,3,2e-11,3e-11,1.56e-09,1.070528516e-06,0.0002649715227,2.04904669e-06,0,PASS,
E00,3,3,4,3e-11,4e-11,1.56e-09,1.070528516e-06,0.0001195685585,1.39451164e-06,0,PASS,
E00,4,4,5,4e-11,4.9999999999999995e-11,1.56e-09,1.070528516e-06,5.637048511e-05,1.39451164e-06,0,PASS,
E00,5,5,6,4.9999999999999995e-11,6e-11,1.56e-09,9.731323697e-07,2.700353172e-05,1.39451164e-06,0,PASS,
E00,6,6,7,6e-11,7e-11,1.56e-09,9.129472456e-07,1.314271407e-05,1.39451164e-06,0,PASS,
E00,7,7,8,7.760000000000001e-09,7.770000000000001e-09,9.260000000000002e-09,-2.028043921e-06,8.953266466e-07,1.107613525e-06,0,PASS,
E00,8,8,7,1.497e-08,1.4980000000000002e-08,2.1630000000000022e-08,3.194565901e-05,0.003580738154,8.025945897e-06,0,PASS,
E00,9,7,6,1.4980000000000002e-08,1.4990000000000004e-08,2.1630000000000022e-08,3.194565901e-05,0.003580738154,8.025945897e-06,0,PASS,
E00,10,6,5,1.4990000000000004e-08,1.5000000000000005e-08,2.1630000000000022e-08,3.194565901e-05,0.003580738154,8.025945897e-06,0,PASS,
E00,11,5,4,1.5000000000000005e-08,1.5010000000000007e-08,2.1630000000000022e-08,3.194565901e-05,0.003580738154,8.025945897e-06,0,PASS,
E00,12,4,3,1.5010000000000007e-08,1.5020000000000008e-08,2.1630000000000022e-08,3.194565901e-05,0.003580738154,8.025945897e-06,0,PASS,
E00,13,3,2,1.5020000000000008e-08,1.503000000000001e-08,2.1630000000000022e-08,3.194565901e-05,0.003580738154,8.025945897e-06,0,PASS,
E00,14,2,1,1.503000000000001e-08,1.504000000000001e-08,2.1630000000000022e-08,3.194565901e-05,0.003580738154,8.025945897e-06,0,PASS,
E00,15,1,0,1.504000000000001e-08,1.5050000000000012e-08,2.1630000000000022e-08,3.194565901e-05,0.003580738154,8.025945897e-06,0,PASS,
E01,16,0,1,2.005000000000001e-08,2.0060000000000012e-08,2.1630000000000022e-08,2.266356299e-05,0.0002830484003,4.325254543e-06,0,PASS,
E01,17,1,2,2.0060000000000012e-08,2.0070000000000014e-08,2.1630000000000022e-08,1.398121292e-05,0.0002830484003,4.325254543e-06,0,PASS,
E01,18,2,3,2.0070000000000014e-08,2.0080000000000015e-08,2.1630000000000022e-08,8.27657783e-07,0.0002590950492,1.189493246e-06,0,PASS,
E01,19,3,4,2.0080000000000015e-08,2.0090000000000016e-08,2.1630000000000022e-08,8.27657783e-07,0.000118850978,6.054926636e-07,0,PASS,
E01,20,4,5,2.0090000000000016e-08,2.0100000000000018e-08,2.1630000000000022e-08,8.27657783e-07,5.621564474e-05,6.054926636e-07,0,PASS,
E01,21,5,6,2.0100000000000018e-08,2.011000000000002e-08,2.1630000000000022e-08,8.27657783e-07,2.707364514e-05,6.054926636e-07,0,PASS,
E01,22,6,7,2.011000000000002e-08,2.012000000000002e-08,2.1630000000000022e-08,8.27657783e-07,1.321848444e-05,6.054926636e-07,0,PASS,
E01,23,7,8,2.012000000000002e-08,2.0130000000000022e-08,2.1630000000000022e-08,8.27657783e-07,6.665597199e-06,6.054926636e-07,0,PASS,
E01,24,8,9,2.0130000000000022e-08,2.0140000000000024e-08,2.1630000000000022e-08,8.27657783e-07,3.56159469e-06,6.054926636e-07,0,PASS,
E01,25,9,8,2.7830000000000025e-08,2.7840000000000026e-08,2.9330000000000025e-08,3.398743311e-06,8.110244371e-07,1.614691921e-07,0,PASS,
E01,26,8,7,3.504000000000002e-08,3.505000000000002e-08,4.168999999999999e-08,3.194513216e-05,0.003580738059,7.567345412e-06,0,PASS,
E01,27,7,6,3.505000000000002e-08,3.506000000000002e-08,4.168999999999999e-08,3.194513216e-05,0.003580738059,7.567345412e-06,0,PASS,
E01,28,6,5,3.506000000000002e-08,3.5070000000000016e-08,4.168999999999999e-08,3.194513216e-05,0.003580738059,7.567345412e-06,0,PASS,
E01,29,5,4,3.5070000000000016e-08,3.5080000000000014e-08,4.168999999999999e-08,3.194513216e-05,0.003580738059,7.567345412e-06,0,PASS,
E01,30,4,3,3.5080000000000014e-08,3.509000000000001e-08,4.168999999999999e-08,3.194513216e-05,0.003580738059,7.567345412e-06,0,PASS,
E01,31,3,2,3.509000000000001e-08,3.510000000000001e-08,4.168999999999999e-08,3.194513216e-05,0.003580738059,7.567345412e-06,0,PASS,
E01,32,2,1,3.510000000000001e-08,3.511000000000001e-08,4.168999999999999e-08,3.194513216e-05,0.003580738059,7.567345412e-06,0,PASS,
E01,33,1,0,3.511000000000001e-08,3.5120000000000006e-08,4.168999999999999e-08,3.194513216e-05,0.003580738059,7.567345412e-06,0,PASS,
E02,34,0,1,4.0120000000000005e-08,4.013e-08,4.168999999999999e-08,2.26603504e-05,0.0002830483189,3.987150106e-06,0,PASS,
E02,35,1,2,4.013e-08,4.014e-08,4.168999999999999e-08,1.397809579e-05,0.0002830483189,3.987150106e-06,0,PASS,
E02,36,2,3,4.014e-08,4.015e-08,4.168999999999999e-08,8.245770834e-07,0.0002590949939,8.557341198e-07,0,PASS,
E02,37,3,4,4.015e-08,4.016e-08,4.168999999999999e-08,8.245770834e-07,0.0001188508502,3.128702845e-07,0,PASS,
E02,38,4,5,4.016e-08,4.0169999999999995e-08,4.168999999999999e-08,8.245770834e-07,5.621541854e-05,3.128702845e-07,0,PASS,
E02,39,5,6,4.0169999999999995e-08,4.017999999999999e-08,4.168999999999999e-08,8.245770834e-07,2.707353532e-05,3.128702845e-07,0,PASS,
E02,40,6,7,4.017999999999999e-08,4.018999999999999e-08,4.168999999999999e-08,8.245770834e-07,1.321846537e-05,3.128702845e-07,0,PASS,
E02,41,7,8,4.018999999999999e-08,4.019999999999999e-08,4.168999999999999e-08,8.245770834e-07,6.665593068e-06,3.128702845e-07,0,PASS,
E02,42,8,7,5.5089999999999986e-08,5.5099999999999984e-08,6.172999999999996e-08,3.102893539e-05,0.003580606165,6.458958032e-06,0,PASS,
E02,43,7,6,5.5099999999999984e-08,5.510999999999998e-08,6.172999999999996e-08,3.102893539e-05,0.003580606165,6.458958032e-06,0,PASS,
E02,44,6,5,5.510999999999998e-08,5.511999999999998e-08,6.172999999999996e-08,3.102893539e-05,0.003580606165,6.458958032e-06,0,PASS,
E02,45,5,4,5.511999999999998e-08,5.512999999999998e-08,6.172999999999996e-08,3.102893539e-05,0.003580606165,6.458958032e-06,0,PASS,
E02,46,4,3,5.512999999999998e-08,5.5139999999999976e-08,6.172999999999996e-08,3.102893539e-05,0.003580606165,6.458958032e-06,0,PASS,
E02,47,3,2,5.5139999999999976e-08,5.5149999999999974e-08,6.172999999999996e-08,3.102893539e-05,0.003580606165,6.458958032e-06,0,PASS,
E02,48,2,1,5.5149999999999974e-08,5.515999999999997e-08,6.172999999999996e-08,3.102893539e-05,0.003580606165,6.458958032e-06,0,PASS,
E02,49,1,0,5.515999999999997e-08,5.516999999999997e-08,6.172999999999996e-08,3.102893539e-05,0.003580606165,6.458958032e-06,0,PASS,
E03,50,0,1,6.016999999999998e-08,6.017999999999997e-08,6.172999999999996e-08,2.360434589e-05,0.0002830481935,3.976168662e-06,0,PASS,
E03,51,1,2,6.017999999999997e-08,6.018999999999997e-08,6.172999999999996e-08,1.473231876e-05,0.0002830481935,3.976168662e-06,0,PASS,
E03,52,2,3,6.018999999999997e-08,6.019999999999997e-08,6.172999999999996e-08,8.18259076e-07,0.0002590949261,8.141669174e-07,0,PASS,
E03,53,3,4,6.019999999999997e-08,6.020999999999997e-08,6.172999999999996e-08,8.18259076e-07,0.0001188510882,2.133722916e-07,0,PASS,
E03,54,4,5,6.020999999999997e-08,6.021999999999997e-08,6.172999999999996e-08,8.18259076e-07,5.621551106e-05,2.133722916e-07,0,PASS,
E03,55,5,6,6.021999999999997e-08,6.022999999999996e-08,6.172999999999996e-08,8.18259076e-07,2.70735527e-05,2.133722916e-07,0,PASS,
E03,56,6,7,6.022999999999996e-08,6.023999999999996e-08,6.172999999999996e-08,8.18259076e-07,1.32184769e-05,2.133722916e-07,0,PASS,
E03,57,7,8,6.792999999999996e-08,6.793999999999996e-08,6.942999999999995e-08,-1.192723179e-06,8.4741261e-07,3.497770694e-06,0,PASS,
E03,58,8,7,7.562999999999996e-08,7.563999999999995e-08,8.228999999999991e-08,3.095776038e-05,0.00358060054,6.172833571e-06,0,PASS,
E03,59,7,6,7.563999999999995e-08,7.564999999999995e-08,8.228999999999991e-08,3.095776038e-05,0.00358060054,6.172833571e-06,0,PASS,
E03,60,6,5,7.564999999999995e-08,7.565999999999995e-08,8.228999999999991e-08,3.095776038e-05,0.00358060054,6.172833571e-06,0,PASS,
E03,61,5,4,7.565999999999995e-08,7.566999999999995e-08,8.228999999999991e-08,3.095776038e-05,0.00358060054,6.172833571e-06,0,PASS,
E03,62,4,3,7.566999999999995e-08,7.567999999999995e-08,8.228999999999991e-08,3.095776038e-05,0.00358060054,6.172833571e-06,0,PASS,
E03,63,3,2,7.567999999999995e-08,7.568999999999995e-08,8.228999999999991e-08,3.095776038e-05,0.00358060054,6.172833571e-06,0,PASS,
E03,64,2,1,7.568999999999995e-08,7.569999999999994e-08,8.228999999999991e-08,3.095776038e-05,0.00358060054,6.172833571e-06,0,PASS,
E03,65,1,0,7.569999999999994e-08,7.570999999999994e-08,8.228999999999991e-08,3.095776038e-05,0.00358060054,6.172833571e-06,0,PASS,
E04,66,0,1,8.070999999999993e-08,8.071999999999993e-08,8.228999999999991e-08,2.347436919e-05,0.0002830481524,3.952443913e-06,0,PASS,
E04,67,1,2,8.071999999999993e-08,8.072999999999993e-08,8.228999999999991e-08,1.46437151e-05,0.0002830481524,3.952443913e-06,0,PASS,
E04,68,2,3,8.072999999999993e-08,8.073999999999993e-08,8.228999999999991e-08,8.287090002e-07,0.0002590948966,7.943758781e-07,0,PASS,
E04,69,3,4,8.073999999999993e-08,8.074999999999993e-08,8.228999999999991e-08,8.287090002e-07,0.0001188510829,2.051756957e-07,0,PASS,
E04,70,4,5,8.074999999999993e-08,8.075999999999992e-08,8.228999999999991e-08,8.287090002e-07,5.621552131e-05,2.051756957e-07,0,PASS,
E04,71,5,6,8.075999999999992e-08,8.076999999999992e-08,8.228999999999991e-08,8.287090002e-07,2.707355563e-05,2.051756957e-07,0,PASS,
E04,72,6,7,8.076999999999992e-08,8.077999999999992e-08,8.228999999999991e-08,8.287090002e-07,1.321847641e-05,2.051756957e-07,0,PASS,
E04,73,7,8,8.077999999999992e-08,8.078999999999992e-08,8.228999999999991e-08,8.287090002e-07,6.665599865e-06,2.051756957e-07,0,PASS,
E04,74,8,9,8.078999999999992e-08,8.079999999999992e-08,8.228999999999991e-08,8.287090002e-07,3.561598055e-06,2.051756957e-07,0,PASS,
E04,75,9,8,8.848999999999991e-08,8.849999999999991e-08,8.998999999999991e-08,-4.243625413e-06,7.77580318e-07,7.311300891e-07,0,PASS,
E04,76,8,7,9.618999999999991e-08,9.619999999999991e-08,1.0283999999999987e-07,3.050120495e-05,0.003580599386,6.49655228e-06,0,PASS,
E04,77,7,6,9.619999999999991e-08,9.62099999999999e-08,1.0283999999999987e-07,3.050120495e-05,0.003580599386,6.49655228e-06,0,PASS,
E04,78,6,5,9.62099999999999e-08,9.62199999999999e-08,1.0283999999999987e-07,3.050120495e-05,0.003580599386,6.49655228e-06,0,PASS,
E04,79,5,4,9.62199999999999e-08,9.62299999999999e-08,1.0283999999999987e-07,3.050120495e-05,0.003580599386,6.49655228e-06,0,PASS,
E04,80,4,3,9.62299999999999e-08,9.62399999999999e-08,1.0283999999999987e-07,3.050120495e-05,0.003580599386,6.49655228e-06,0,PASS,
E04,81,3,2,9.62399999999999e-08,9.62499999999999e-08,1.0283999999999987e-07,3.050120495e-05,0.003580599386,6.49655228e-06,0,PASS,
E04,82,2,1,9.62499999999999e-08,9.62599999999999e-08,1.0283999999999987e-07,3.050120495e-05,0.003580599386,6.49655228e-06,0,PASS,
E04,83,1,0,9.62599999999999e-08,9.62699999999999e-08,1.0283999999999987e-07,3.050120495e-05,0.003580599386,6.49655228e-06,0,PASS,
E05,84,0,1,1.0126999999999989e-07,1.0127999999999989e-07,1.0283999999999987e-07,2.612784639e-05,0.0002830481969,3.919763313e-06,0,PASS,
E05,85,1,2,1.0127999999999989e-07,1.0128999999999988e-07,1.0283999999999987e-07,1.680144002e-05,0.0002830481969,3.919763313e-06,0,PASS,
E05,86,2,3,1.0128999999999988e-07,1.0129999999999988e-07,1.0283999999999987e-07,8.440373159e-07,0.0002590949209,7.687569655e-07,0,PASS,
E05,87,3,4,1.0129999999999988e-07,1.0130999999999988e-07,1.0283999999999987e-07,8.440373159e-07,0.00011885097,1.938663489e-07,0,PASS,
E05,88,4,5,1.0130999999999988e-07,1.0131999999999988e-07,1.0283999999999987e-07,8.440373159e-07,5.621560375e-05,1.938663489e-07,0,PASS,
E05,89,5,6,1.0131999999999988e-07,1.0132999999999988e-07,1.0283999999999987e-07,8.440373159e-07,2.70736275e-05,1.938663489e-07,0,PASS,
E05,90,6,7,1.0132999999999988e-07,1.0133999999999987e-07,1.0283999999999987e-07,8.412704749e-07,1.321847263e-05,1.938663489e-07,0,PASS,
E05,91,7,8,1.0133999999999987e-07,1.0134999999999987e-07,1.0283999999999987e-07,8.358332581e-07,6.665598081e-06,1.938663489e-07,0,PASS,
E05,92,8,7,1.1672999999999987e-07,1.1673999999999987e-07,1.2336999999999992e-07,2.988735693e-05,0.003580837409,6.324096338e-06,0,PASS,
E05,93,7,6,1.1673999999999987e-07,1.1674999999999986e-07,1.2336999999999992e-07,2.988735693e-05,0.003580837409,6.324096338e-06,0,PASS,
E05,94,6,5,1.1674999999999986e-07,1.1675999999999986e-07,1.2336999999999992e-07,2.988735693e-05,0.003580837409,6.324096338e-06,0,PASS,
E05,95,5,4,1.1675999999999986e-07,1.1676999999999986e-07,1.2336999999999992e-07,2.988735693e-05,0.003580837409,6.324096338e-06,0,PASS,
E05,96,4,3,1.1676999999999986e-07,1.1677999999999986e-07,1.2336999999999992e-07,2.988735693e-05,0.003580837409,6.324096338e-06,0,PASS,
E05,97,3,2,1.1677999999999986e-07,1.1678999999999986e-07,1.2336999999999992e-07,2.988735693e-05,0.003580837409,6.324096338e-06,0,PASS,
E05,98,2,1,1.1678999999999986e-07,1.1679999999999985e-07,1.2336999999999992e-07,2.988735693e-05,0.003580837409,6.324096338e-06,0,PASS,
E05,99,1,0,1.1679999999999985e-07,1.1680999999999985e-07,1.2336999999999992e-07,2.988735693e-05,0.003580837409,6.324096338e-06,0,PASS,
E06,100,0,1,1.2180999999999984e-07,1.2181999999999986e-07,1.2336999999999992e-07,2.552309808e-05,0.0002830485697,3.726654843e-06,0,PASS,
E06,101,1,2,1.2181999999999986e-07,1.2182999999999987e-07,1.2336999999999992e-07,1.630651079e-05,0.0002830485697,3.726654843e-06,0,PASS,
E06,102,2,3,1.2182999999999987e-07,1.2183999999999988e-07,1.2336999999999992e-07,8.314867902e-07,0.0002590951432,6.335595713e-07,0,PASS,
E06,103,3,4,1.2183999999999988e-07,1.218499999999999e-07,1.2336999999999992e-07,8.314867902e-07,0.0001188509754,1.918948313e-07,0,PASS,
E06,104,4,5,1.218499999999999e-07,1.218599999999999e-07,1.2336999999999992e-07,8.314867902e-07,5.621566564e-05,1.918948313e-07,0,PASS,
E06,105,5,6,1.218599999999999e-07,1.218699999999999e-07,1.2336999999999992e-07,8.314867902e-07,2.707361883e-05,1.918948313e-07,0,PASS,
E06,106,6,7,1.218699999999999e-07,1.2187999999999992e-07,1.2336999999999992e-07,8.314867902e-07,1.321842273e-05,1.918948313e-07,0,PASS,
E06,107,7,8,1.295699999999999e-07,1.2957999999999992e-07,1.3106999999999992e-07,-4.15160456e-06,7.510935812e-07,2.055131826e-06,0,PASS,
E06,108,8,7,1.377799999999999e-07,1.377899999999999e-07,1.444400000000001e-07,3.064729339e-05,0.003598161249,6.449301515e-06,0,PASS,
E06,109,7,6,1.377899999999999e-07,1.3779999999999992e-07,1.444400000000001e-07,3.064729339e-05,0.003598161249,6.449301515e-06,0,PASS,
E06,110,6,5,1.3779999999999992e-07,1.3780999999999994e-07,1.444400000000001e-07,3.064729339e-05,0.003598161249,6.449301515e-06,0,PASS,
E06,111,5,4,1.3780999999999994e-07,1.3781999999999995e-07,1.444400000000001e-07,3.064729339e-05,0.003598161249,6.449301515e-06,0,PASS,
E06,112,4,3,1.3781999999999995e-07,1.3782999999999996e-07,1.444400000000001e-07,3.064729339e-05,0.003598161249,6.449301515e-06,0,PASS,
E06,113,3,2,1.3782999999999996e-07,1.3783999999999997e-07,1.444400000000001e-07,3.064729339e-05,0.003598161249,6.449301515e-06,0,PASS,
E06,114,2,1,1.3783999999999997e-07,1.3784999999999998e-07,1.444400000000001e-07,3.064729339e-05,0.003598161249,6.449301515e-06,0,PASS,
E06,115,1,0,1.3784999999999998e-07,1.3786e-07,1.444400000000001e-07,3.064729339e-05,0.003598161249,6.449301515e-06,0,PASS,
E07,116,0,1,1.4286e-07,1.4287e-07,1.444400000000001e-07,2.382769283e-05,0.0002830480355,4.003606613e-06,0,PASS,
E07,117,1,2,1.4287e-07,1.4288000000000002e-07,1.444400000000001e-07,1.493262967e-05,0.0002830480355,4.003606613e-06,0,PASS,
E07,118,2,3,1.4288000000000002e-07,1.4289000000000003e-07,1.444400000000001e-07,8.306531287e-07,0.0002590947803,8.354092358e-07,0,PASS,
E07,119,3,4,1.4289000000000003e-07,1.4290000000000004e-07,1.444400000000001e-07,8.306531287e-07,0.0001188508178,2.219644871e-07,0,PASS,
E07,120,4,5,1.4290000000000004e-07,1.4291000000000005e-07,1.444400000000001e-07,8.306531287e-07,5.621545019e-05,2.219644871e-07,0,PASS,
E07,121,5,6,1.4291000000000005e-07,1.4292000000000006e-07,1.444400000000001e-07,8.306531287e-07,2.707353263e-05,2.219644871e-07,0,PASS,
E07,122,6,7,1.4292000000000006e-07,1.4293000000000008e-07,1.444400000000001e-07,8.306531287e-07,1.321846994e-05,2.219644871e-07,0,PASS,
E07,123,7,8,1.4293000000000008e-07,1.429400000000001e-07,1.444400000000001e-07,8.306531287e-07,6.665597932e-06,2.219644871e-07,0,PASS,
E07,124,8,9,1.429400000000001e-07,1.429500000000001e-07,1.444400000000001e-07,8.306531287e-07,3.561597573e-06,2.219644871e-07,0,PASS,
E07,125,9,8,1.5064000000000008e-07,1.506500000000001e-07,1.521400000000001e-07,3.39830748e-06,8.110152462e-07,-1.157383843e-07,0,PASS,
E07,126,8,7,1.5885000000000008e-07,1.588600000000001e-07,1.6550000000000026e-07,3.044519239e-05,0.003580587989,5.508878297e-06,0,PASS,
E07,127,7,6,1.588600000000001e-07,1.588700000000001e-07,1.6550000000000026e-07,3.044519239e-05,0.003580587989,5.508878297e-06,0,PASS,
E07,128,6,5,1.588700000000001e-07,1.588800000000001e-07,1.6550000000000026e-07,3.044519239e-05,0.003580587989,5.508878297e-06,0,PASS,
E07,129,5,4,1.588800000000001e-07,1.5889000000000012e-07,1.6550000000000026e-07,3.044519239e-05,0.003580587989,5.508878297e-06,0,PASS,
E07,130,4,3,1.5889000000000012e-07,1.5890000000000013e-07,1.6550000000000026e-07,3.044519239e-05,0.003580587989,5.508878297e-06,0,PASS,
E07,131,3,2,1.5890000000000013e-07,1.5891000000000014e-07,1.6550000000000026e-07,3.044519239e-05,0.003580587989,5.508878297e-06,0,PASS,
E07,132,2,1,1.5891000000000014e-07,1.5892000000000016e-07,1.6550000000000026e-07,3.044519239e-05,0.003580587989,5.508878297e-06,0,PASS,
E07,133,1,0,1.5892000000000016e-07,1.5893000000000017e-07,1.6550000000000026e-07,3.044519239e-05,0.003580587989,5.508878297e-06,0,PASS,
E08,134,0,1,1.6393000000000017e-07,1.6394000000000018e-07,1.6550000000000026e-07,2.435328649e-05,0.0002830482402,3.947261541e-06,0,PASS,
E08,135,1,2,1.6394000000000018e-07,1.639500000000002e-07,1.6550000000000026e-07,1.536409333e-05,0.0002830482402,3.947261541e-06,0,PASS,
E08,136,2,3,1.639500000000002e-07,1.639600000000002e-07,1.6550000000000026e-07,8.287988416e-07,0.0002590949492,7.975613481e-07,0,PASS,
E08,137,3,4,1.639600000000002e-07,1.6397000000000022e-07,1.6550000000000026e-07,8.287988416e-07,0.0001188510865,2.236987315e-07,0,PASS,
E08,138,4,5,1.6397000000000022e-07,1.6398000000000023e-07,1.6550000000000026e-07,8.287988416e-07,5.621551148e-05,2.236987315e-07,0,PASS,
E08,139,5,6,1.6398000000000023e-07,1.6399000000000024e-07,1.6550000000000026e-07,8.287988416e-07,2.707354673e-05,2.236987315e-07,0,PASS,
E08,140,6,7,1.6399000000000024e-07,1.6400000000000025e-07,1.6550000000000026e-07,8.287988416e-07,1.321847249e-05,2.236987315e-07,0,PASS,
E08,141,7,8,1.6400000000000025e-07,1.6401000000000026e-07,1.6550000000000026e-07,8.287988416e-07,6.665597636e-06,2.236987315e-07,0,PASS,
E08,142,8,7,1.7990000000000023e-07,1.7991000000000024e-07,1.865400000000004e-07,3.050176529e-05,0.003580599426,6.550035385e-06,0,PASS,
E08,143,7,6,1.7991000000000024e-07,1.7992000000000025e-07,1.865400000000004e-07,3.050176529e-05,0.003580599426,6.550035385e-06,0,PASS,
E08,144,6,5,1.7992000000000025e-07,1.7993000000000026e-07,1.865400000000004e-07,3.050176529e-05,0.003580599426,6.550035385e-06,0,PASS,
E08,145,5,4,1.7993000000000026e-07,1.7994000000000027e-07,1.865400000000004e-07,3.050176529e-05,0.003580599426,6.550035385e-06,0,PASS,
E08,146,4,3,1.7994000000000027e-07,1.7995000000000028e-07,1.865400000000004e-07,3.050176529e-05,0.003580599426,6.550035385e-06,0,PASS,
E08,147,3,2,1.7995000000000028e-07,1.799600000000003e-07,1.865400000000004e-07,3.050176529e-05,0.003580599426,6.550035385e-06,0,PASS,
E08,148,2,1,1.799600000000003e-07,1.799700000000003e-07,1.865400000000004e-07,3.050176529e-05,0.003580599426,6.550035385e-06,0,PASS,
E08,149,1,0,1.799700000000003e-07,1.7998000000000032e-07,1.865400000000004e-07,3.050176529e-05,0.003580599426,6.550035385e-06,0,PASS,
E09,150,0,1,1.8498000000000032e-07,1.8499000000000033e-07,1.865400000000004e-07,2.612252756e-05,0.0002830482028,3.956150005e-06,0,PASS,
E09,151,1,2,1.8499000000000033e-07,1.8500000000000035e-07,1.865400000000004e-07,1.679743872e-05,0.0002830482028,3.956150005e-06,0,PASS,
E09,152,2,3,1.8500000000000035e-07,1.8501000000000036e-07,1.865400000000004e-07,8.438714716e-07,0.0002590949248,8.049594335e-07,0,PASS,
E09,153,3,4,1.8501000000000036e-07,1.8502000000000037e-07,1.865400000000004e-07,8.438714716e-07,0.000118851084,2.252813724e-07,0,PASS,
E09,154,4,5,1.8502000000000037e-07,1.8503000000000038e-07,1.865400000000004e-07,8.438714716e-07,5.621550733e-05,2.252813724e-07,0,PASS,
E09,155,5,6,1.8503000000000038e-07,1.850400000000004e-07,1.865400000000004e-07,8.438714716e-07,2.707354676e-05,2.252813724e-07,0,PASS,
E09,156,6,7,1.850400000000004e-07,1.850500000000004e-07,1.865400000000004e-07,8.411437835e-07,1.321847313e-05,2.252813724e-07,0,PASS,
E09,157,7,8,1.927400000000004e-07,1.927500000000004e-07,1.947500000000004e-07,-6.3728815e-07,5.497077074e-07,2.038160188e-07,0,PASS,
E09,158,8,7,2.0046000000000038e-07,2.004700000000004e-07,2.0712000000000057e-07,2.933186444e-05,0.003580621441,1.507185191e-05,0,PASS,
E09,159,7,6,2.004700000000004e-07,2.004800000000004e-07,2.0712000000000057e-07,2.933186444e-05,0.003580621441,1.032594495e-05,0,PASS,
E09,160,6,5,2.004800000000004e-07,2.0049000000000041e-07,2.0712000000000057e-07,2.933186444e-05,0.003580621441,7.837386421e-06,0,PASS,
E09,161,5,4,2.0049000000000041e-07,2.0050000000000043e-07,2.0712000000000057e-07,2.933186444e-05,0.003580621441,7.837386421e-06,0,PASS,
E09,162,4,3,2.0050000000000043e-07,2.0051000000000044e-07,2.0712000000000057e-07,2.933186444e-05,0.003580621441,7.837386421e-06,0,PASS,
E09,163,3,2,2.0051000000000044e-07,2.0052000000000045e-07,2.0712000000000057e-07,2.933186444e-05,0.003580621441,7.837386421e-06,0,PASS,
E09,164,2,1,2.0052000000000045e-07,2.0053000000000046e-07,2.0712000000000057e-07,2.933186444e-05,0.003580621441,7.837386421e-06,0,PASS,
E09,165,1,0,2.0053000000000046e-07,2.0054000000000047e-07,2.0712000000000057e-07,2.933186444e-05,0.003580621441,7.837386421e-06,0,PASS,
E10,166,0,1,2.0554000000000048e-07,2.055500000000005e-07,2.0712000000000057e-07,2.405434566e-05,0.0002830485183,3.925081676e-06,0,PASS,
E10,167,1,2,2.055500000000005e-07,2.055600000000005e-07,2.0712000000000057e-07,1.511903598e-05,0.0002830485183,3.925081676e-06,0,PASS,
E10,168,2,3,2.055600000000005e-07,2.055700000000005e-07,2.0712000000000057e-07,8.308461772e-07,0.000259095135,7.786252059e-07,0,PASS,
E10,169,3,4,2.055700000000005e-07,2.0558000000000052e-07,2.0712000000000057e-07,8.308461772e-07,0.0001188511135,2.124859182e-07,0,PASS,
E10,170,4,5,2.0558000000000052e-07,2.0559000000000053e-07,2.0712000000000057e-07,8.308461772e-07,5.621552979e-05,2.124859182e-07,0,PASS,
E10,171,5,6,2.0559000000000053e-07,2.0560000000000054e-07,2.0712000000000057e-07,8.308461772e-07,2.70735515e-05,2.124859182e-07,0,PASS,
E10,172,6,7,2.0560000000000054e-07,2.0561000000000056e-07,2.0712000000000057e-07,8.308461772e-07,1.321847313e-05,2.124859182e-07,0,PASS,
E10,173,7,8,2.0561000000000056e-07,2.0562000000000057e-07,2.0712000000000057e-07,8.308461772e-07,6.665597448e-06,2.124859182e-07,0,PASS,
E10,174,8,9,2.0562000000000057e-07,2.0563000000000058e-07,2.0712000000000057e-07,8.308461772e-07,3.561596345e-06,2.124859182e-07,0,PASS,
E10,175,9,8,2.1332000000000056e-07,2.1333000000000057e-07,2.1533000000000057e-07,-6.367298136e-07,9.011702678e-07,2.402927755e-06,0,PASS,
E10,176,8,7,2.2104000000000056e-07,2.2105000000000057e-07,2.2769000000000074e-07,2.967126694e-05,0.003580661998,6.631395402e-06,0,PASS,
E10,177,7,6,2.2105000000000057e-07,2.2106000000000058e-07,2.2769000000000074e-07,2.967126694e-05,0.003580661998,6.631395402e-06,0,PASS,
E10,178,6,5,2.2106000000000058e-07,2.210700000000006e-07,2.2769000000000074e-07,2.967126694e-05,0.003580661998,6.631395402e-06,0,PASS,
E10,179,5,4,2.210700000000006e-07,2.210800000000006e-07,2.2769000000000074e-07,2.967126694e-05,0.003580661998,6.631395402e-06,0,PASS,
E10,180,4,3,2.210800000000006e-07,2.210900000000006e-07,2.2769000000000074e-07,2.967126694e-05,0.003580661998,6.631395402e-06,0,PASS,
E10,181,3,2,2.210900000000006e-07,2.2110000000000062e-07,2.2769000000000074e-07,2.967126694e-05,0.003580661998,6.631395402e-06,0,PASS,
E10,182,2,1,2.2110000000000062e-07,2.2111000000000063e-07,2.2769000000000074e-07,2.967126694e-05,0.003580661998,6.631395402e-06,0,PASS,
E10,183,1,0,2.2111000000000063e-07,2.2112000000000065e-07,2.2769000000000074e-07,2.967126694e-05,0.003580661998,6.631395402e-06,0,PASS,
E11,184,0,1,2.2612000000000065e-07,2.2613000000000066e-07,2.2769000000000074e-07,2.428622624e-05,0.0002830481383,3.933626362e-06,0,PASS,
E11,185,1,2,2.2613000000000066e-07,2.2614000000000067e-07,2.2769000000000074e-07,1.53108219e-05,0.0002830481383,3.933626362e-06,0,PASS,
E11,186,2,3,2.2614000000000067e-07,2.2615000000000069e-07,2.2769000000000074e-07,8.308642155e-07,0.0002590948824,7.793263694e-07,0,PASS,
E11,187,3,4,2.2615000000000069e-07,2.261600000000007e-07,2.2769000000000074e-07,8.308642155e-07,0.0001188510764,1.989262941e-07,0,PASS,
E11,188,4,5,2.261600000000007e-07,2.261700000000007e-07,2.2769000000000074e-07,8.308642155e-07,5.621552625e-05,1.989262941e-07,0,PASS,
E11,189,5,6,2.261700000000007e-07,2.2618000000000072e-07,2.2769000000000074e-07,8.308642155e-07,2.707356335e-05,1.989262941e-07,0,PASS,
E11,190,6,7,2.2618000000000072e-07,2.2619000000000073e-07,2.2769000000000074e-07,8.308642155e-07,1.321846834e-05,1.989262941e-07,0,PASS,
E11,191,7,8,2.2619000000000073e-07,2.2620000000000074e-07,2.2769000000000074e-07,8.308642155e-07,6.665597504e-06,1.989262941e-07,0,PASS,
E11,192,8,7,2.4160000000000073e-07,2.4161000000000075e-07,2.482400000000009e-07,3.050354154e-05,0.003580599401,6.50367391e-06,0,PASS,
E11,193,7,6,2.4161000000000075e-07,2.4162000000000076e-07,2.482400000000009e-07,3.050354154e-05,0.003580599401,6.50367391e-06,0,PASS,
E11,194,6,5,2.4162000000000076e-07,2.4163000000000077e-07,2.482400000000009e-07,3.050354154e-05,0.003580599401,6.50367391e-06,0,PASS,
E11,195,5,4,2.4163000000000077e-07,2.416400000000008e-07,2.482400000000009e-07,3.050354154e-05,0.003580599401,6.50367391e-06,0,PASS,
E11,196,4,3,2.416400000000008e-07,2.416500000000008e-07,2.482400000000009e-07,3.050354154e-05,0.003580599401,6.50367391e-06,0,PASS,
E11,197,3,2,2.416500000000008e-07,2.416600000000008e-07,2.482400000000009e-07,3.050354154e-05,0.003580599401,6.50367391e-06,0,PASS,
E11,198,2,1,2.416600000000008e-07,2.416700000000008e-07,2.482400000000009e-07,3.050354154e-05,0.003580599401,6.50367391e-06,0,PASS,
E11,199,1,0,2.416700000000008e-07,2.416800000000008e-07,2.482400000000009e-07,3.050354154e-05,0.003580599401,6.50367391e-06,0,PASS,
E12,200,0,1,2.4668000000000083e-07,2.4669000000000084e-07,2.482400000000009e-07,2.612288303e-05,0.0002830481974,3.922048875e-06,0,PASS,
E12,201,1,2,2.4669000000000084e-07,2.4670000000000085e-07,2.482400000000009e-07,1.679773822e-05,0.0002830481974,3.922048875e-06,0,PASS,
E12,202,2,3,2.4670000000000085e-07,2.4671000000000086e-07,2.482400000000009e-07,8.438815723e-07,0.0002590949212,7.71032087e-07,0,PASS,
E12,203,3,4,2.4671000000000086e-07,2.467200000000009e-07,2.482400000000009e-07,8.438815723e-07,0.0001188510835,1.95040021e-07,0,PASS,
E12,204,4,5,2.467200000000009e-07,2.467300000000009e-07,2.482400000000009e-07,8.438815723e-07,5.621553282e-05,1.95040021e-07,0,PASS,
E12,205,5,6,2.467300000000009e-07,2.467400000000009e-07,2.482400000000009e-07,8.438815723e-07,2.707358656e-05,1.95040021e-07,0,PASS,
E12,206,6,7,2.467400000000009e-07,2.467500000000009e-07,2.482400000000009e-07,8.411491106e-07,1.321846577e-05,1.95040021e-07,0,PASS,
E12,207,7,8,2.5444000000000095e-07,2.5445000000000096e-07,2.5645000000000095e-07,-1.350284983e-06,9.109256467e-07,-2.728519982e-08,0,PASS,
E12,208,8,7,2.62650000000001e-07,2.62660000000001e-07,2.693100000000012e-07,3.076670717e-05,0.003580725203,5.656481426e-06,0,PASS,
E12,209,7,6,2.62660000000001e-07,2.62670000000001e-07,2.693100000000012e-07,3.076670717e-05,0.003580725203,5.656481426e-06,0,PASS,
E12,210,6,5,2.62670000000001e-07,2.62680000000001e-07,2.693100000000012e-07,3.076670717e-05,0.003580725203,5.656481426e-06,0,PASS,
E12,211,5,4,2.62680000000001e-07,2.6269000000000104e-07,2.693100000000012e-07,3.076670717e-05,0.003580725203,5.656481426e-06,0,PASS,
E12,212,4,3,2.6269000000000104e-07,2.6270000000000105e-07,2.693100000000012e-07,3.076670717e-05,0.003580725203,5.656481426e-06,0,PASS,
E12,213,3,2,2.6270000000000105e-07,2.6271000000000106e-07,2.693100000000012e-07,3.076670717e-05,0.003580725203,5.656481426e-06,0,PASS,
E12,214,2,1,2.6271000000000106e-07,2.6272000000000107e-07,2.693100000000012e-07,3.076670717e-05,0.003580725203,5.656481426e-06,0,PASS,
E12,215,1,0,2.6272000000000107e-07,2.627300000000011e-07,2.693100000000012e-07,3.076670717e-05,0.003580725203,5.656481426e-06,0,PASS,
E13,216,0,1,2.677300000000011e-07,2.677400000000011e-07,2.693100000000012e-07,2.510032668e-05,0.0002830481472,3.518354936e-06,0,PASS,
E13,217,1,2,2.677400000000011e-07,2.677500000000011e-07,2.693100000000012e-07,1.595806241e-05,0.0002830481472,3.518354936e-06,0,PASS,
E13,218,2,3,2.677500000000011e-07,2.677600000000011e-07,2.693100000000012e-07,8.30505381e-07,0.0002590948234,5.005179671e-07,0,PASS,
E13,219,3,4,2.677600000000011e-07,2.6777000000000113e-07,2.693100000000012e-07,8.30505381e-07,0.000118850913,2.211489558e-07,0,PASS,
E13,220,4,5,2.6777000000000113e-07,2.6778000000000114e-07,2.693100000000012e-07,8.30505381e-07,5.621558191e-05,2.211489558e-07,0,PASS,
E13,221,5,6,2.6778000000000114e-07,2.6779000000000116e-07,2.693100000000012e-07,8.30505381e-07,2.707361003e-05,2.211489558e-07,0,PASS,
E13,222,6,7,2.6779000000000116e-07,2.6780000000000117e-07,2.693100000000012e-07,8.30505381e-07,1.321842751e-05,2.211489558e-07,0,PASS,
E13,223,7,8,2.6780000000000117e-07,2.678100000000012e-07,2.693100000000012e-07,8.30505381e-07,6.665551871e-06,2.211489558e-07,0,PASS,
E13,224,8,9,2.678100000000012e-07,2.678200000000012e-07,2.693100000000012e-07,8.30505381e-07,3.561572116e-06,2.211489558e-07,0,PASS,
E13,225,9,8,2.7551000000000123e-07,2.7552000000000124e-07,2.7752000000000123e-07,3.527393089e-06,2.650235734e-06,8.06382781e-06,0,PASS,
E13,226,8,7,2.8372000000000127e-07,2.837300000000013e-07,2.9037000000000145e-07,2.991015884e-05,0.003580837229,6.384625343e-06,0,PASS,
E13,227,7,6,2.837300000000013e-07,2.837400000000013e-07,2.9037000000000145e-07,2.991015884e-05,0.003580837229,6.384625343e-06,0,PASS,
E13,228,6,5,2.837400000000013e-07,2.837500000000013e-07,2.9037000000000145e-07,2.991015884e-05,0.003580837229,6.384625343e-06,0,PASS,
E13,229,5,4,2.837500000000013e-07,2.837600000000013e-07,2.9037000000000145e-07,2.991015884e-05,0.003580837229,6.384625343e-06,0,PASS,
E13,230,4,3,2.837600000000013e-07,2.8377000000000133e-07,2.9037000000000145e-07,2.991015884e-05,0.003580837229,6.384625343e-06,0,PASS,
E13,231,3,2,2.8377000000000133e-07,2.8378000000000134e-07,2.9037000000000145e-07,2.991015884e-05,0.003580837229,6.384625343e-06,0,PASS,
E13,232,2,1,2.8378000000000134e-07,2.8379000000000135e-07,2.9037000000000145e-07,2.991015884e-05,0.003580837229,6.384625343e-06,0,PASS,
E13,233,1,0,2.8379000000000135e-07,2.8380000000000136e-07,2.9037000000000145e-07,2.991015884e-05,0.003580837229,6.384625343e-06,0,PASS,
E14,234,0,1,2.8880000000000137e-07,2.888100000000014e-07,2.9037000000000145e-07,2.550904273e-05,0.0002830485762,3.756489556e-06,0,PASS,
E14,235,1,2,2.888100000000014e-07,2.888200000000014e-07,2.9037000000000145e-07,1.62953954e-05,0.0002830485762,3.756489556e-06,0,PASS,
E14,236,2,3,2.888200000000014e-07,2.888300000000014e-07,2.9037000000000145e-07,8.312165656e-07,0.000259095147,6.644750436e-07,0,PASS,
E14,237,3,4,2.888300000000014e-07,2.888400000000014e-07,2.9037000000000145e-07,8.312165656e-07,0.0001188509756,2.228754817e-07,0,PASS,
E14,238,4,5,2.888400000000014e-07,2.888500000000014e-07,2.9037000000000145e-07,8.312165656e-07,5.621564126e-05,2.228754817e-07,0,PASS,
E14,239,5,6,2.888500000000014e-07,2.8886000000000144e-07,2.9037000000000145e-07,8.312165656e-07,2.70736115e-05,2.228754817e-07,0,PASS,
E14,240,6,7,2.8886000000000144e-07,2.8887000000000145e-07,2.9037000000000145e-07,8.312165656e-07,1.321843842e-05,2.228754817e-07,0,PASS,
E14,241,7,8,2.8887000000000145e-07,2.8888000000000146e-07,2.9037000000000145e-07,8.302181844e-07,6.665581018e-06,2.228754817e-07,0,PASS,
E14,242,8,7,3.0477000000000153e-07,3.0478000000000154e-07,3.114100000000017e-07,2.66368584e-05,0.003580672392,6.907300176e-06,0,PASS,
E14,243,7,6,3.0478000000000154e-07,3.0479000000000155e-07,3.114100000000017e-07,2.66368584e-05,0.003580672392,6.907300176e-06,0,PASS,
E14,244,6,5,3.0479000000000155e-07,3.0480000000000156e-07,3.114100000000017e-07,2.66368584e-05,0.003580672392,6.907300176e-06,0,PASS,
E14,245,5,4,3.0480000000000156e-07,3.048100000000016e-07,3.114100000000017e-07,2.66368584e-05,0.003580672392,6.907300176e-06,0,PASS,
E14,246,4,3,3.048100000000016e-07,3.048200000000016e-07,3.114100000000017e-07,2.66368584e-05,0.003580672392,6.907300176e-06,0,PASS,
E14,247,3,2,3.048200000000016e-07,3.048300000000016e-07,3.114100000000017e-07,2.66368584e-05,0.003580672392,6.907300176e-06,0,PASS,
E14,248,2,1,3.048300000000016e-07,3.048400000000016e-07,3.114100000000017e-07,2.66368584e-05,0.003580672392,6.907300176e-06,0,PASS,
E14,249,1,0,3.048400000000016e-07,3.048500000000016e-07,3.114100000000017e-07,2.66368584e-05,0.003580672392,6.907300176e-06,0,PASS,
E15,250,0,1,3.098500000000016e-07,3.0986000000000164e-07,3.114100000000017e-07,2.471901205e-05,0.0002830481545,3.860164054e-06,0,PASS,
E15,251,1,2,3.0986000000000164e-07,3.0987000000000165e-07,3.114100000000017e-07,1.564859051e-05,0.0002830481545,3.860164054e-06,0,PASS,
E15,252,2,3,3.0987000000000165e-07,3.0988000000000166e-07,3.114100000000017e-07,8.38288388e-07,0.000259094877,7.387284408e-07,0,PASS,
E15,253,3,4,3.0988000000000166e-07,3.0989000000000167e-07,3.114100000000017e-07,8.38288388e-07,0.0001188509421,2.272539355e-07,0,PASS,
E15,254,4,5,3.0989000000000167e-07,3.099000000000017e-07,3.114100000000017e-07,8.38288388e-07,5.621560495e-05,2.272539355e-07,0,PASS,
E15,255,5,6,3.099000000000017e-07,3.099100000000017e-07,3.114100000000017e-07,8.38288388e-07,2.70735793e-05,2.272539355e-07,0,PASS,
E15,256,6,7,3.099100000000017e-07,3.099200000000017e-07,3.114100000000017e-07,8.38288388e-07,1.321846991e-05,2.272539355e-07,0,PASS,
E15,257,7,8,3.1761000000000174e-07,3.1762000000000175e-07,3.1962000000000175e-07,3.126005153e-06,1.12196183e-06,-2.258428998e-08,0,PASS,
E15,258,8,7,3.263300000000018e-07,3.263400000000018e-07,3.32990000000002e-07,3.064265303e-05,0.003598119235,6.500317526e-06,0,PASS,
E15,259,7,6,3.263400000000018e-07,3.263500000000018e-07,3.32990000000002e-07,3.064265303e-05,0.003598119235,6.500317526e-06,0,PASS,
E15,260,6,5,3.263500000000018e-07,3.263600000000018e-07,3.32990000000002e-07,3.064265303e-05,0.003598119235,6.500317526e-06,0,PASS,
E15,261,5,4,3.263600000000018e-07,3.2637000000000183e-07,3.32990000000002e-07,3.064265303e-05,0.003598119235,6.500317526e-06,0,PASS,
E15,262,4,3,3.2637000000000183e-07,3.2638000000000184e-07,3.32990000000002e-07,3.064265303e-05,0.003598119235,6.500317526e-06,0,PASS,
E15,263,3,2,3.2638000000000184e-07,3.2639000000000185e-07,3.32990000000002e-07,3.064265303e-05,0.003598119235,6.500317526e-06,0,PASS,
E15,264,2,1,3.2639000000000185e-07,3.2640000000000186e-07,3.32990000000002e-07,3.064265303e-05,0.003598119235,6.500317526e-06,0,PASS,
E15,265,1,0,3.2640000000000186e-07,3.264100000000019e-07,3.32990000000002e-07,3.064265303e-05,0.003598119235,6.500317526e-06,0,PASS,
E16,266,0,1,3.314100000000019e-07,3.314200000000019e-07,3.32990000000002e-07,2.377658319e-05,0.0002830480545,4.039824834e-06,0,PASS,
E16,267,1,2,3.314200000000019e-07,3.314300000000019e-07,3.32990000000002e-07,1.489105254e-05,0.0002830480545,4.039824834e-06,0,PASS,
E16,268,2,3,3.314300000000019e-07,3.314400000000019e-07,3.32990000000002e-07,8.300278531e-07,0.0002590947951,8.716764938e-07,0,PASS,
E16,269,3,4,3.314400000000019e-07,3.314500000000019e-07,3.32990000000002e-07,8.300278531e-07,0.000118850823,2.545371581e-07,0,PASS,
E16,270,4,5,3.314500000000019e-07,3.3146000000000194e-07,3.32990000000002e-07,8.300278531e-07,5.621541859e-05,2.545371581e-07,0,PASS,
E16,271,5,6,3.3146000000000194e-07,3.3147000000000195e-07,3.32990000000002e-07,8.300278531e-07,2.707354042e-05,2.545371581e-07,0,PASS,
E16,272,6,7,3.3147000000000195e-07,3.3148000000000196e-07,3.32990000000002e-07,8.300278531e-07,1.321847145e-05,2.545371581e-07,0,PASS,
E16,273,7,8,3.3148000000000196e-07,3.3149000000000197e-07,3.32990000000002e-07,8.300278531e-07,6.665598321e-06,2.545371581e-07,0,PASS,
E16,274,8,9,3.3149000000000197e-07,3.31500000000002e-07,3.32990000000002e-07,8.300278531e-07,3.561597709e-06,2.545371581e-07,0,PASS,
E16,275,9,8,3.39190000000002e-07,3.3920000000000203e-07,3.41200000000002e-07,3.078573951e-06,5.118770181e-07,-7.060094104e-08,0,PASS,
E16,276,8,7,3.4791000000000206e-07,3.4792000000000207e-07,3.5456000000000224e-07,3.102901883e-05,0.003580605879,6.524908129e-06,0,PASS,
E16,277,7,6,3.4792000000000207e-07,3.479300000000021e-07,3.5456000000000224e-07,3.102901883e-05,0.003580605879,6.524908129e-06,0,PASS,
E16,278,6,5,3.479300000000021e-07,3.479400000000021e-07,3.5456000000000224e-07,3.102901883e-05,0.003580605879,6.524908129e-06,0,PASS,
E16,279,5,4,3.479400000000021e-07,3.479500000000021e-07,3.5456000000000224e-07,3.102901883e-05,0.003580605879,6.524908129e-06,0,PASS,
E16,280,4,3,3.479500000000021e-07,3.479600000000021e-07,3.5456000000000224e-07,3.102901883e-05,0.003580605879,6.524908129e-06,0,PASS,
E16,281,3,2,3.479600000000021e-07,3.4797000000000213e-07,3.5456000000000224e-07,3.102901883e-05,0.003580605879,6.524908129e-06,0,PASS,
E16,282,2,1,3.4797000000000213e-07,3.4798000000000214e-07,3.5456000000000224e-07,3.102901883e-05,0.003580605879,6.524908129e-06,0,PASS,
E16,283,1,0,3.4798000000000214e-07,3.4799000000000215e-07,3.5456000000000224e-07,3.102901883e-05,0.003580605879,6.524908129e-06,0,PASS,
E17,284,0,1,3.5299000000000216e-07,3.5300000000000217e-07,3.5456000000000224e-07,2.360440998e-05,0.0002830482052,4.022326303e-06,0,PASS,
E17,285,1,2,3.5300000000000217e-07,3.530100000000022e-07,3.5456000000000224e-07,1.473237113e-05,0.0002830482052,4.022326303e-06,0,PASS,
E17,286,2,3,3.530100000000022e-07,3.530200000000022e-07,3.5456000000000224e-07,8.182505333e-07,0.0002590949338,8.603029917e-07,0,PASS,
E17,287,3,4,3.530200000000022e-07,3.530300000000022e-07,3.5456000000000224e-07,8.182505333e-07,0.000118850849,2.557486779e-07,0,PASS,
E17,288,4,5,3.530300000000022e-07,3.530400000000022e-07,3.5456000000000224e-07,8.182505333e-07,5.621543136e-05,2.557486779e-07,0,PASS,
E17,289,5,6,3.530400000000022e-07,3.530500000000022e-07,3.5456000000000224e-07,8.182505333e-07,2.707354879e-05,2.557486779e-07,0,PASS,
E17,290,6,7,3.530500000000022e-07,3.5306000000000224e-07,3.5456000000000224e-07,8.182505333e-07,1.321847589e-05,2.557486779e-07,0,PASS,
E17,291,7,8,3.5306000000000224e-07,3.5307000000000225e-07,3.5456000000000224e-07,8.182505333e-07,6.665600518e-06,2.557486779e-07,0,PASS,
E17,292,8,7,3.694700000000023e-07,3.6948000000000233e-07,3.761300000000025e-07,3.299907789e-05,0.003580723674,6.318436312e-06,0,PASS,
E17,293,7,6,3.6948000000000233e-07,3.6949000000000234e-07,3.761300000000025e-07,3.299907789e-05,0.003580723674,6.318436312e-06,0,PASS,
E17,294,6,5,3.6949000000000234e-07,3.6950000000000235e-07,3.761300000000025e-07,3.299907789e-05,0.003580723674,6.318436312e-06,0,PASS,
E17,295,5,4,3.6950000000000235e-07,3.6951000000000236e-07,3.761300000000025e-07,3.299907789e-05,0.003580723674,6.318436312e-06,0,PASS,
E17,296,4,3,3.6951000000000236e-07,3.6952000000000237e-07,3.761300000000025e-07,3.299907789e-05,0.003580723674,6.318436312e-06,0,PASS,
E17,297,3,2,3.6952000000000237e-07,3.695300000000024e-07,3.761300000000025e-07,3.299907789e-05,0.003580723674,6.318436312e-06,0,PASS,
E17,298,2,1,3.695300000000024e-07,3.695400000000024e-07,3.761300000000025e-07,3.299907789e-05,0.003580723674,6.318436312e-06,0,PASS,
E17,299,1,0,3.695400000000024e-07,3.695500000000024e-07,3.761300000000025e-07,3.299907789e-05,0.003580723674,6.318436312e-06,0,PASS,
E18,300,0,1,3.745500000000024e-07,3.745600000000024e-07,3.761300000000025e-07,2.365523874e-05,0.0002830480357,3.530441859e-06,0,PASS,
E18,301,1,2,3.745600000000024e-07,3.7457000000000243e-07,3.761300000000025e-07,1.479133303e-05,0.0002830480357,3.530441859e-06,0,PASS,
E18,302,2,3,3.7457000000000243e-07,3.7458000000000244e-07,3.761300000000025e-07,8.2937591e-07,0.0002590947448,5.214479281e-07,0,PASS,
E18,303,3,4,3.7458000000000244e-07,3.7459000000000246e-07,3.761300000000025e-07,8.2937591e-07,0.0001188509003,2.588538031e-07,0,PASS,
E18,304,4,5,3.7459000000000246e-07,3.7460000000000247e-07,3.761300000000025e-07,8.2937591e-07,5.621555599e-05,2.588538031e-07,0,PASS,
E18,305,5,6,3.7460000000000247e-07,3.746100000000025e-07,3.761300000000025e-07,8.2937591e-07,2.707359939e-05,2.588538031e-07,0,PASS,
E18,306,6,7,3.746100000000025e-07,3.746200000000025e-07,3.761300000000025e-07,8.2937591e-07,1.321839714e-05,2.588538031e-07,0,PASS,
E18,307,7,8,3.746200000000025e-07,3.746300000000025e-07,3.761300000000025e-07,8.2937591e-07,6.665558422e-06,2.588538031e-07,0,PASS,
E18,308,8,9,3.746300000000025e-07,3.746400000000025e-07,3.761300000000025e-07,8.2937591e-07,3.561572118e-06,2.588538031e-07,0,PASS,
E18,309,9,8,3.8233000000000255e-07,3.8234000000000256e-07,3.8434000000000255e-07,3.39843786e-06,8.110158953e-07,-4.43495546e-08,0,PASS,
E18,310,8,7,3.910500000000026e-07,3.910600000000026e-07,3.9769000000000276e-07,3.192715835e-05,0.003580737616,7.486779159e-06,0,PASS,
E18,311,7,6,3.910600000000026e-07,3.910700000000026e-07,3.9769000000000276e-07,3.192715835e-05,0.003580737616,7.486779159e-06,0,PASS,
E18,312,6,5,3.910700000000026e-07,3.910800000000026e-07,3.9769000000000276e-07,3.192715835e-05,0.003580737616,7.486779159e-06,0,PASS,
E18,313,5,4,3.910800000000026e-07,3.9109000000000264e-07,3.9769000000000276e-07,3.192715835e-05,0.003580737616,7.486779159e-06,0,PASS,
E18,314,4,3,3.9109000000000264e-07,3.9110000000000265e-07,3.9769000000000276e-07,3.192715835e-05,0.003580737616,7.486779159e-06,0,PASS,
E18,315,3,2,3.9110000000000265e-07,3.9111000000000266e-07,3.9769000000000276e-07,3.192715835e-05,0.003580737616,7.486779159e-06,0,PASS,
E18,316,2,1,3.9111000000000266e-07,3.9112000000000267e-07,3.9769000000000276e-07,3.192715835e-05,0.003580737616,7.486779159e-06,0,PASS,
E18,317,1,0,3.9112000000000267e-07,3.911300000000027e-07,3.9769000000000276e-07,3.192715835e-05,0.003580737616,7.486779159e-06,0,PASS,
E19,318,0,1,3.961300000000027e-07,3.961400000000027e-07,3.9769000000000276e-07,2.266418847e-05,0.0002830483018,3.92977185e-06,0,PASS,
E19,319,1,2,3.961400000000027e-07,3.961500000000027e-07,3.9769000000000276e-07,1.398012476e-05,0.0002830483018,3.92977185e-06,0,PASS,
E19,320,2,3,3.961500000000027e-07,3.961600000000027e-07,3.9769000000000276e-07,8.246366306e-07,0.0002590949831,7.969806217e-07,0,PASS,
E19,321,3,4,3.961600000000027e-07,3.9617000000000273e-07,3.9769000000000276e-07,8.246366306e-07,0.0001188510875,2.563041985e-07,0,PASS,
E19,322,4,5,3.9617000000000273e-07,3.9618000000000274e-07,3.9769000000000276e-07,8.246366306e-07,5.621549714e-05,2.563041985e-07,0,PASS,
E19,323,5,6,3.9618000000000274e-07,3.9619000000000276e-07,3.9769000000000276e-07,8.246366306e-07,2.70735444e-05,2.563041985e-07,0,PASS,
E19,324,6,7,3.9619000000000276e-07,3.9620000000000277e-07,3.9769000000000276e-07,8.246366306e-07,1.32184674e-05,2.563041985e-07,0,PASS,
E19,325,7,8,4.038900000000028e-07,4.039000000000028e-07,4.059000000000028e-07,-2.869616919e-06,8.047942818e-07,2.044374637e-05,0,PASS,
E19,326,8,7,4.1261000000000285e-07,4.1262000000000286e-07,4.1927000000000304e-07,3.034705795e-05,0.003603576696,6.296785809e-06,0,PASS,
E19,327,7,6,4.1262000000000286e-07,4.1263000000000287e-07,4.1927000000000304e-07,3.034705795e-05,0.003603576696,6.296785809e-06,0,PASS,
E19,328,6,5,4.1263000000000287e-07,4.126400000000029e-07,4.1927000000000304e-07,3.034705795e-05,0.003603576696,6.296785809e-06,0,PASS,
E19,329,5,4,4.126400000000029e-07,4.126500000000029e-07,4.1927000000000304e-07,3.034705795e-05,0.003603576696,6.296785809e-06,0,PASS,
E19,330,4,3,4.126500000000029e-07,4.126600000000029e-07,4.1927000000000304e-07,3.034705795e-05,0.003603576696,6.296785809e-06,0,PASS,
E19,331,3,2,4.126600000000029e-07,4.126700000000029e-07,4.1927000000000304e-07,3.034705795e-05,0.003603576696,6.296785809e-06,0,PASS,
E19,332,2,1,4.126700000000029e-07,4.126800000000029e-07,4.1927000000000304e-07,3.034705795e-05,0.003603576696,6.296785809e-06,0,PASS,
E19,333,1,0,4.126800000000029e-07,4.1269000000000294e-07,4.1927000000000304e-07,3.034705795e-05,0.003603576696,6.296785809e-06,0,PASS,
E20,334,0,1,4.1769000000000294e-07,4.1770000000000295e-07,4.1927000000000304e-07,2.370625916e-05,0.0002830462018,4.018764708e-06,0,PASS,
E20,335,1,2,4.1770000000000295e-07,4.1771000000000296e-07,4.1927000000000304e-07,1.481350785e-05,0.0002830462018,4.018764708e-06,0,PASS,
E20,336,2,3,4.1771000000000296e-07,4.17720000000003e-07,4.1927000000000304e-07,8.132455469e-07,0.0002590932182,8.59611798e-07,0,PASS,
E20,337,3,4,4.17720000000003e-07,4.17730000000003e-07,4.1927000000000304e-07,8.132455469e-07,0.000118850101,2.615389968e-07,0,PASS,
E20,338,4,5,4.17730000000003e-07,4.17740000000003e-07,4.1927000000000304e-07,8.132455469e-07,5.621507919e-05,2.615389968e-07,0,PASS,
E20,339,5,6,4.17740000000003e-07,4.17750000000003e-07,4.1927000000000304e-07,8.132455469e-07,2.70733793e-05,2.615389968e-07,0,PASS,
E20,340,6,7,4.17750000000003e-07,4.17760000000003e-07,4.1927000000000304e-07,8.132455469e-07,1.321839437e-05,2.615389968e-07,0,PASS,
E20,341,7,8,4.17760000000003e-07,4.1777000000000303e-07,4.1927000000000304e-07,8.132455469e-07,6.665561274e-06,2.615389968e-07,0,PASS,
E20,342,8,9,4.1777000000000303e-07,4.1778000000000304e-07,4.1927000000000304e-07,8.132455469e-07,3.561579771e-06,2.615389968e-07,0,PASS,
E20,343,9,8,4.254700000000031e-07,4.254800000000031e-07,4.274800000000031e-07,-1.545601292e-07,7.17618823e-07,1.296246765e-07,0,PASS,
E20,344,8,7,4.336800000000031e-07,4.3369000000000314e-07,4.403200000000033e-07,2.954125152e-05,0.003580626766,5.717387132e-06,0,PASS,
E20,345,7,6,4.3369000000000314e-07,4.3370000000000315e-07,4.403200000000033e-07,2.954125152e-05,0.003580626766,5.717387132e-06,0,PASS,
E20,346,6,5,4.3370000000000315e-07,4.3371000000000316e-07,4.403200000000033e-07,2.954125152e-05,0.003580626766,5.717387132e-06,0,PASS,
E20,347,5,4,4.3371000000000316e-07,4.3372000000000317e-07,4.403200000000033e-07,2.954125152e-05,0.003580626766,5.717387132e-06,0,PASS,
E20,348,4,3,4.3372000000000317e-07,4.337300000000032e-07,4.403200000000033e-07,2.954125152e-05,0.003580626766,5.717387132e-06,0,PASS,
E20,349,3,2,4.337300000000032e-07,4.337400000000032e-07,4.403200000000033e-07,2.954125152e-05,0.003580626766,5.717387132e-06,0,PASS,
E20,350,2,1,4.337400000000032e-07,4.337500000000032e-07,4.403200000000033e-07,2.954125152e-05,0.003580626766,5.717387132e-06,0,PASS,
E20,351,1,0,4.337500000000032e-07,4.337600000000032e-07,4.403200000000033e-07,2.954125152e-05,0.003580626766,5.717387132e-06,0,PASS,
E21,352,0,1,4.387600000000032e-07,4.3877000000000323e-07,4.403200000000033e-07,2.502331235e-05,0.0002830483588,3.926958971e-06,0,PASS,
E21,353,1,2,4.3877000000000323e-07,4.3878000000000324e-07,4.403200000000033e-07,1.589497644e-05,0.0002830483588,3.926958971e-06,0,PASS,
E21,354,2,3,4.3878000000000324e-07,4.3879000000000326e-07,4.403200000000033e-07,8.315219571e-07,0.0002590950236,7.880939698e-07,0,PASS,
E21,355,3,4,4.3879000000000326e-07,4.3880000000000327e-07,4.403200000000033e-07,8.315219571e-07,0.0001188510951,2.35116613e-07,0,PASS,
E21,356,4,5,4.3880000000000327e-07,4.388100000000033e-07,4.403200000000033e-07,8.315219571e-07,5.621551128e-05,2.35116613e-07,0,PASS,
E21,357,5,6,4.388100000000033e-07,4.388200000000033e-07,4.403200000000033e-07,8.315219571e-07,2.707354148e-05,2.35116613e-07,0,PASS,
E21,358,6,7,4.388200000000033e-07,4.388300000000033e-07,4.403200000000033e-07,8.315219571e-07,1.321846902e-05,2.35116613e-07,0,PASS,
E21,359,7,8,4.4652000000000334e-07,4.4653000000000335e-07,4.4853000000000334e-07,7.62611793e-07,-2.165150865e-06,2.081088989e-07,0,PASS,
E21,360,8,7,4.547300000000034e-07,4.547400000000034e-07,4.613900000000036e-07,3.104338293e-05,0.003580604511,6.71879015e-06,0,PASS,
E21,361,7,6,4.547400000000034e-07,4.547500000000034e-07,4.613900000000036e-07,3.104338293e-05,0.003580604511,6.71879015e-06,0,PASS,
E21,362,6,5,4.547500000000034e-07,4.547600000000034e-07,4.613900000000036e-07,3.104338293e-05,0.003580604511,6.71879015e-06,0,PASS,
E21,363,5,4,4.547600000000034e-07,4.5477000000000343e-07,4.613900000000036e-07,3.104338293e-05,0.003580604511,6.71879015e-06,0,PASS,
E21,364,4,3,4.5477000000000343e-07,4.5478000000000344e-07,4.613900000000036e-07,3.104338293e-05,0.003580604511,6.71879015e-06,0,PASS,
E21,365,3,2,4.5478000000000344e-07,4.5479000000000345e-07,4.613900000000036e-07,3.104338293e-05,0.003580604511,6.71879015e-06,0,PASS,
E21,366,2,1,4.5479000000000345e-07,4.5480000000000346e-07,4.613900000000036e-07,3.104338293e-05,0.003580604511,6.71879015e-06,0,PASS,
E21,367,1,0,4.5480000000000346e-07,4.548100000000035e-07,4.613900000000036e-07,3.104338293e-05,0.003580604511,6.71879015e-06,0,PASS,
E22,368,0,1,4.598100000000035e-07,4.598200000000035e-07,4.613900000000036e-07,2.371347042e-05,0.000283048191,3.991792644e-06,0,PASS,
E22,369,1,2,4.598200000000035e-07,4.598300000000035e-07,4.613900000000036e-07,1.483942459e-05,0.000283048191,3.991792644e-06,0,PASS,
E22,370,2,3,4.598300000000035e-07,4.598400000000035e-07,4.613900000000036e-07,8.277776133e-07,0.0002590949228,8.325520304e-07,0,PASS,
E22,371,3,4,4.598400000000035e-07,4.598500000000035e-07,4.613900000000036e-07,8.277776133e-07,0.0001188508467,2.370450687e-07,0,PASS,
E22,372,4,5,4.598500000000035e-07,4.5986000000000354e-07,4.613900000000036e-07,8.277776133e-07,5.621545194e-05,2.370450687e-07,0,PASS,
E22,373,5,6,4.5986000000000354e-07,4.5987000000000355e-07,4.613900000000036e-07,8.277776133e-07,2.70735442e-05,2.370450687e-07,0,PASS,
E22,374,6,7,4.5987000000000355e-07,4.5988000000000356e-07,4.613900000000036e-07,8.277776133e-07,1.32184743e-05,2.370450687e-07,0,PASS,
E22,375,7,8,4.5988000000000356e-07,4.5989000000000357e-07,4.613900000000036e-07,8.277776133e-07,6.665599729e-06,2.370450687e-07,0,PASS,
E22,376,8,9,4.5989000000000357e-07,4.599000000000036e-07,4.613900000000036e-07,8.277776133e-07,3.561598205e-06,2.370450687e-07,0,PASS,
E22,377,9,8,4.675900000000036e-07,4.6760000000000363e-07,4.696000000000036e-07,-6.809693374e-07,7.430271954e-07,6.03112527e-06,0,PASS,
E22,378,8,7,4.7531000000000364e-07,4.7532000000000365e-07,4.819500000000035e-07,2.657330444e-05,0.003580675933,6.859758478e-06,0,PASS,
E22,379,7,6,4.7532000000000365e-07,4.7533000000000366e-07,4.819500000000035e-07,2.657330444e-05,0.003580675933,6.859758478e-06,0,PASS,
E22,380,6,5,4.7533000000000366e-07,4.7534000000000367e-07,4.819500000000035e-07,2.657330444e-05,0.003580675933,6.859758478e-06,0,PASS,
E22,381,5,4,4.7534000000000367e-07,4.753500000000037e-07,4.819500000000035e-07,2.657330444e-05,0.003580675933,6.859758478e-06,0,PASS,
E22,382,4,3,4.753500000000037e-07,4.753600000000037e-07,4.819500000000035e-07,2.657330444e-05,0.003580675933,6.859758478e-06,0,PASS,
E22,383,3,2,4.753600000000037e-07,4.753700000000037e-07,4.819500000000035e-07,2.657330444e-05,0.003580675933,6.859758478e-06,0,PASS,
E22,384,2,1,4.753700000000037e-07,4.753800000000037e-07,4.819500000000035e-07,2.657330444e-05,0.003580675933,6.859758478e-06,0,PASS,
E22,385,1,0,4.753800000000037e-07,4.7539000000000373e-07,4.819500000000035e-07,2.657330444e-05,0.003580675933,6.859758478e-06,0,PASS,
E23,386,0,1,4.803900000000037e-07,4.804000000000037e-07,4.819500000000035e-07,2.476870406e-05,0.0002830481447,3.829630842e-06,0,PASS,
E23,387,1,2,4.804000000000037e-07,4.804100000000037e-07,4.819500000000035e-07,1.569079514e-05,0.0002830481447,3.829630842e-06,0,PASS,
E23,388,2,3,4.804100000000037e-07,4.804200000000036e-07,4.819500000000035e-07,8.386893834e-07,0.0002590948696,7.099227484e-07,0,PASS,
E23,389,3,4,4.804200000000036e-07,4.804300000000036e-07,4.819500000000035e-07,8.386893834e-07,0.0001188509408,2.04747177e-07,0,PASS,
E23,390,4,5,4.804300000000036e-07,4.804400000000035e-07,4.819500000000035e-07,8.386893834e-07,5.6215625e-05,2.04747177e-07,0,PASS,
E23,391,5,6,4.804400000000035e-07,4.804500000000035e-07,4.819500000000035e-07,8.386893834e-07,2.707361906e-05,2.04747177e-07,0,PASS,
E23,392,6,7,4.804500000000035e-07,4.804600000000034e-07,4.819500000000035e-07,8.386893834e-07,1.321845675e-05,2.04747177e-07,0,PASS,
E23,393,7,8,4.881500000000034e-07,4.881600000000034e-07,4.901600000000034e-07,-6.372095802e-07,5.496161077e-07,1.904447415e-07,0,PASS,
E23,394,8,7,4.958700000000034e-07,4.958800000000034e-07,5.025300000000028e-07,2.903775097e-05,0.00358063513,6.902414965e-06,0,PASS,
E23,395,7,6,4.958800000000034e-07,4.958900000000033e-07,5.025300000000028e-07,2.903775097e-05,0.00358063513,6.902414965e-06,0,PASS,
E23,396,6,5,4.958900000000033e-07,4.959000000000033e-07,5.025300000000028e-07,2.903775097e-05,0.00358063513,6.902414965e-06,0,PASS,
E23,397,5,4,4.959000000000033e-07,4.959100000000032e-07,5.025300000000028e-07,2.903775097e-05,0.00358063513,6.902414965e-06,0,PASS,
E23,398,4,3,4.959100000000032e-07,4.959200000000032e-07,5.025300000000028e-07,2.903775097e-05,0.00358063513,6.902414965e-06,0,PASS,
E23,399,3,2,4.959200000000032e-07,4.959300000000031e-07,5.025300000000028e-07,2.903775097e-05,0.00358063513,6.902414965e-06,0,PASS,
E23,400,2,1,4.959300000000031e-07,4.959400000000031e-07,5.025300000000028e-07,2.903775097e-05,0.00358063513,6.902414965e-06,0,PASS,
E23,401,1,0,4.959400000000031e-07,4.959500000000031e-07,5.025300000000028e-07,2.903775097e-05,0.00358063513,6.902414965e-06,0,PASS,
E24,402,0,1,5.009500000000031e-07,5.009600000000031e-07,5.025300000000028e-07,2.386330565e-05,0.0002830483108,3.913381232e-06,0,PASS,
E24,403,1,2,5.009600000000031e-07,5.00970000000003e-07,5.025300000000028e-07,1.496047275e-05,0.0002830483108,3.913381232e-06,0,PASS,
E24,404,2,3,5.00970000000003e-07,5.00980000000003e-07,5.025300000000028e-07,8.31412027e-07,0.0002590949942,7.681206701e-07,0,PASS,
E24,405,3,4,5.00980000000003e-07,5.00990000000003e-07,5.025300000000028e-07,8.31412027e-07,0.0001188510919,2.047630921e-07,0,PASS,
E24,406,4,5,5.00990000000003e-07,5.010000000000029e-07,5.025300000000028e-07,8.31412027e-07,5.621553176e-05,2.047630921e-07,0,PASS,
E24,407,5,6,5.010000000000029e-07,5.010100000000029e-07,5.025300000000028e-07,8.31412027e-07,2.70735621e-05,2.047630921e-07,0,PASS,
E24,408,6,7,5.010100000000029e-07,5.010200000000028e-07,5.025300000000028e-07,8.31412027e-07,1.321846597e-05,2.047630921e-07,0,PASS,
E24,409,7,8,5.010200000000028e-07,5.010300000000028e-07,5.025300000000028e-07,8.31412027e-07,6.665595917e-06,2.047630921e-07,0,PASS,
E24,410,8,9,5.010300000000028e-07,5.010400000000027e-07,5.025300000000028e-07,8.31412027e-07,3.561595948e-06,2.047630921e-07,0,PASS,
E24,411,9,8,5.087300000000027e-07,5.087400000000027e-07,5.102300000000027e-07,3.161553844e-06,9.891797266e-07,-8.738296687e-08,0,PASS,
E24,412,8,7,5.169400000000027e-07,5.169500000000026e-07,5.235800000000022e-07,3.194496628e-05,0.00358073802,7.417445812e-06,0,PASS,
E24,413,7,6,5.169500000000026e-07,5.169600000000026e-07,5.235800000000022e-07,3.194496628e-05,0.00358073802,7.417445812e-06,0,PASS,
E24,414,6,5,5.169600000000026e-07,5.169700000000025e-07,5.235800000000022e-07,3.194496628e-05,0.00358073802,7.417445812e-06,0,PASS,
E24,415,5,4,5.169700000000025e-07,5.169800000000025e-07,5.235800000000022e-07,3.194496628e-05,0.00358073802,7.417445812e-06,0,PASS,
E24,416,4,3,5.169800000000025e-07,5.169900000000025e-07,5.235800000000022e-07,3.194496628e-05,0.00358073802,7.417445812e-06,0,PASS,
E24,417,3,2,5.169900000000025e-07,5.170000000000024e-07,5.235800000000022e-07,3.194496628e-05,0.00358073802,7.417445812e-06,0,PASS,
E24,418,2,1,5.170000000000024e-07,5.170100000000024e-07,5.235800000000022e-07,3.194496628e-05,0.00358073802,7.417445812e-06,0,PASS,
E24,419,1,0,5.170100000000024e-07,5.170200000000023e-07,5.235800000000022e-07,3.194496628e-05,0.00358073802,7.417445812e-06,0,PASS,
E25,420,0,1,5.220200000000024e-07,5.220300000000024e-07,5.235800000000022e-07,2.266029713e-05,0.0002830482958,3.8820088e-06,0,PASS,
E25,421,1,2,5.220300000000024e-07,5.220400000000023e-07,5.235800000000022e-07,1.397805207e-05,0.0002830482958,3.8820088e-06,0,PASS,
E25,422,2,3,5.220400000000023e-07,5.220500000000023e-07,5.235800000000022e-07,8.24583726e-07,0.0002590949785,7.507760533e-07,0,PASS,
E25,423,3,4,5.220500000000023e-07,5.220600000000022e-07,5.235800000000022e-07,8.24583726e-07,0.0001188509597,2.177682933e-07,0,PASS,
E25,424,4,5,5.220600000000022e-07,5.220700000000022e-07,5.235800000000022e-07,8.24583726e-07,5.621560929e-05,2.177682933e-07,0,PASS,
E25,425,5,6,5.220700000000022e-07,5.220800000000021e-07,5.235800000000022e-07,8.24583726e-07,2.707359725e-05,2.177682933e-07,0,PASS,
E25,426,6,7,5.220800000000021e-07,5.220900000000021e-07,5.235800000000022e-07,8.24583726e-07,1.321846628e-05,2.177682933e-07,0,PASS,
E25,427,7,8,5.297800000000021e-07,5.29790000000002e-07,5.312800000000021e-07,-4.706091791e-06,8.897666703e-07,4.998821227e-06,0,PASS,
E25,428,8,7,5.37990000000002e-07,5.38000000000002e-07,5.446500000000014e-07,2.795476248e-05,0.003580650578,6.737154398e-06,0,PASS,
E25,429,7,6,5.38000000000002e-07,5.380100000000019e-07,5.446500000000014e-07,2.795476248e-05,0.003580650578,6.737154398e-06,0,PASS,
E25,430,6,5,5.380100000000019e-07,5.380200000000019e-07,5.446500000000014e-07,2.795476248e-05,0.003580650578,6.737154398e-06,0,PASS,
E25,431,5,4,5.380200000000019e-07,5.380300000000019e-07,5.446500000000014e-07,2.795476248e-05,0.003580650578,6.737154398e-06,0,PASS,
E25,432,4,3,5.380300000000019e-07,5.380400000000018e-07,5.446500000000014e-07,2.795476248e-05,0.003580650578,6.737154398e-06,0,PASS,
E25,433,3,2,5.380400000000018e-07,5.380500000000018e-07,5.446500000000014e-07,2.795476248e-05,0.003580650578,6.737154398e-06,0,PASS,
E25,434,2,1,5.380500000000018e-07,5.380600000000017e-07,5.446500000000014e-07,2.795476248e-05,0.003580650578,6.737154398e-06,0,PASS,
E25,435,1,0,5.380600000000017e-07,5.380700000000017e-07,5.446500000000014e-07,2.795476248e-05,0.003580650578,6.737154398e-06,0,PASS,
E26,436,0,1,5.430700000000018e-07,5.430800000000017e-07,5.446500000000014e-07,2.486192292e-05,0.0002830482266,3.973781091e-06,0,PASS,
E26,437,1,2,5.430800000000017e-07,5.430900000000017e-07,5.446500000000014e-07,1.578502482e-05,0.0002830482266,3.973781091e-06,0,PASS,
E26,438,2,3,5.430900000000017e-07,5.431000000000016e-07,5.446500000000014e-07,8.285613942e-07,0.0002590949427,8.172285849e-07,0,PASS,
E26,439,3,4,5.431000000000016e-07,5.431100000000016e-07,5.446500000000014e-07,8.285613942e-07,0.0001188510863,2.29167769e-07,0,PASS,
E26,440,4,5,5.431100000000016e-07,5.431200000000015e-07,5.446500000000014e-07,8.285613942e-07,5.621550211e-05,2.29167769e-07,0,PASS,
E26,441,5,6,5.431200000000015e-07,5.431300000000015e-07,5.446500000000014e-07,8.285613942e-07,2.707355315e-05,2.29167769e-07,0,PASS,
E26,442,6,7,5.431300000000015e-07,5.431400000000015e-07,5.446500000000014e-07,8.285613942e-07,1.321847471e-05,2.29167769e-07,0,PASS,
E26,443,7,8,5.431400000000015e-07,5.431500000000014e-07,5.446500000000014e-07,8.285613942e-07,6.665599143e-06,2.29167769e-07,0,PASS,
E26,444,8,9,5.431500000000014e-07,5.431600000000014e-07,5.446500000000014e-07,8.285613942e-07,3.561597663e-06,2.29167769e-07,0,PASS,
E26,445,9,8,5.508500000000014e-07,5.508600000000013e-07,5.523500000000014e-07,-4.167465372e-06,7.826512824e-07,1.290039912e-07,0,PASS,
E26,446,8,7,5.585500000000013e-07,5.585600000000013e-07,5.651900000000008e-07,3.104747862e-05,0.003580607051,5.912653644e-06,0,PASS,
E26,447,7,6,5.585600000000013e-07,5.585700000000012e-07,5.651900000000008e-07,3.104747862e-05,0.003580607051,5.912653644e-06,0,PASS,
E26,448,6,5,5.585700000000012e-07,5.585800000000012e-07,5.651900000000008e-07,3.104747862e-05,0.003580607051,5.912653644e-06,0,PASS,
E26,449,5,4,5.585800000000012e-07,5.585900000000011e-07,5.651900000000008e-07,3.104747862e-05,0.003580607051,5.912653644e-06,0,PASS,
E26,450,4,3,5.585900000000011e-07,5.586000000000011e-07,5.651900000000008e-07,3.104747862e-05,0.003580607051,5.912653644e-06,0,PASS,
E26,451,3,2,5.586000000000011e-07,5.586100000000011e-07,5.651900000000008e-07,3.104747862e-05,0.003580607051,5.912653644e-06,0,PASS,
E26,452,2,1,5.586100000000011e-07,5.58620000000001e-07,5.651900000000008e-07,3.104747862e-05,0.003580607051,5.912653644e-06,0,PASS,
E26,453,1,0,5.58620000000001e-07,5.58630000000001e-07,5.651900000000008e-07,3.104747862e-05,0.003580607051,5.912653644e-06,0,PASS,
E27,454,0,1,5.63630000000001e-07,5.63640000000001e-07,5.651900000000008e-07,2.362071918e-05,0.0002830481997,3.955201987e-06,0,PASS,
E27,455,1,2,5.63640000000001e-07,5.63650000000001e-07,5.651900000000008e-07,1.474482687e-05,0.0002830481997,3.955201987e-06,0,PASS,
E27,456,2,3,5.63650000000001e-07,5.636600000000009e-07,5.651900000000008e-07,8.129552931e-07,0.0002590949283,7.95800165e-07,0,PASS,
E27,457,3,4,5.636600000000009e-07,5.636700000000009e-07,5.651900000000008e-07,8.129552931e-07,0.0001188510872,2.017696337e-07,0,PASS,
E27,458,4,5,5.636700000000009e-07,5.636800000000008e-07,5.651900000000008e-07,8.129552931e-07,5.621552227e-05,2.017696337e-07,0,PASS,
E27,459,5,6,5.636800000000008e-07,5.636900000000008e-07,5.651900000000008e-07,8.129552931e-07,2.70735564e-05,2.017696337e-07,0,PASS,
E27,460,6,7,5.636900000000008e-07,5.637000000000007e-07,5.651900000000008e-07,8.129552931e-07,1.321847696e-05,2.017696337e-07,0,PASS,
E27,461,7,8,5.713900000000007e-07,5.714000000000007e-07,5.728900000000007e-07,1.4767465e-06,4.438388091e-07,3.405082686e-07,0,PASS,
E27,462,8,7,5.790900000000007e-07,5.791000000000006e-07,5.857500000000001e-07,3.11406099e-05,0.003598530188,6.198330463e-06,0,PASS,
E27,463,7,6,5.791000000000006e-07,5.791100000000006e-07,5.857500000000001e-07,3.11406099e-05,0.003598530188,6.198330463e-06,0,PASS,
E27,464,6,5,5.791100000000006e-07,5.791200000000005e-07,5.857500000000001e-07,3.11406099e-05,0.003598530188,6.198330463e-06,0,PASS,
E27,465,5,4,5.791200000000005e-07,5.791300000000005e-07,5.857500000000001e-07,3.11406099e-05,0.003598530188,6.198330463e-06,0,PASS,
E27,466,4,3,5.791300000000005e-07,5.791400000000005e-07,5.857500000000001e-07,3.11406099e-05,0.003598530188,6.198330463e-06,0,PASS,
E27,467,3,2,5.791400000000005e-07,5.791500000000004e-07,5.857500000000001e-07,3.11406099e-05,0.003598530188,6.198330463e-06,0,PASS,
E27,468,2,1,5.791500000000004e-07,5.791600000000004e-07,5.857500000000001e-07,3.11406099e-05,0.003598530188,6.198330463e-06,0,PASS,
E27,469,1,0,5.791600000000004e-07,5.791700000000003e-07,5.857500000000001e-07,3.11406099e-05,0.003598530188,6.198330463e-06,0,PASS,
E28,470,0,1,5.841700000000004e-07,5.841800000000004e-07,5.857500000000001e-07,2.340786606e-05,0.0002830479553,3.979772227e-06,0,PASS,
E28,471,1,2,5.841800000000004e-07,5.841900000000003e-07,5.857500000000001e-07,1.457038697e-05,0.0002830479553,3.979772227e-06,0,PASS,
E28,472,2,3,5.841900000000003e-07,5.842000000000003e-07,5.857500000000001e-07,8.096607772e-07,0.0002590947079,8.122531068e-07,0,PASS,
E28,473,3,4,5.842000000000003e-07,5.842100000000002e-07,5.857500000000001e-07,8.096607772e-07,0.0001188510197,2.018743282e-07,0,PASS,
E28,474,4,5,5.842100000000002e-07,5.842200000000002e-07,5.857500000000001e-07,8.096607772e-07,5.621548062e-05,2.018743282e-07,0,PASS,
E28,475,5,6,5.842200000000002e-07,5.842300000000001e-07,5.857500000000001e-07,8.096607772e-07,2.707353225e-05,2.018743282e-07,0,PASS,
E28,476,6,7,5.842300000000001e-07,5.842400000000001e-07,5.857500000000001e-07,8.096607772e-07,1.321846683e-05,2.018743282e-07,0,PASS,
E28,477,7,8,5.842400000000001e-07,5.842500000000001e-07,5.857500000000001e-07,8.096607772e-07,6.665596091e-06,2.018743282e-07,0,PASS,
E28,478,8,9,5.842500000000001e-07,5.8426e-07,5.857500000000001e-07,8.096607772e-07,3.561596633e-06,2.018743282e-07,0,PASS,
E28,479,9,8,5.9195e-07,5.9196e-07,5.9345e-07,3.404421695e-06,8.110506025e-07,-1.299283237e-07,0,PASS,
E28,480,8,7,5.9916e-07,5.991699999999999e-07,6.057999999999995e-07,3.194527445e-05,0.003580738011,7.344219414e-06,0,PASS,
E28,481,7,6,5.991699999999999e-07,5.991799999999999e-07,6.057999999999995e-07,3.194527445e-05,0.003580738011,7.344219414e-06,0,PASS,
E28,482,6,5,5.991799999999999e-07,5.991899999999998e-07,6.057999999999995e-07,3.194527445e-05,0.003580738011,7.344219414e-06,0,PASS,
E28,483,5,4,5.991899999999998e-07,5.991999999999998e-07,6.057999999999995e-07,3.194527445e-05,0.003580738011,7.344219414e-06,0,PASS,
E28,484,4,3,5.991999999999998e-07,5.992099999999998e-07,6.057999999999995e-07,3.194527445e-05,0.003580738011,7.344219414e-06,0,PASS,
E28,485,3,2,5.992099999999998e-07,5.992199999999997e-07,6.057999999999995e-07,3.194527445e-05,0.003580738011,7.344219414e-06,0,PASS,
E28,486,2,1,5.992199999999997e-07,5.992299999999997e-07,6.057999999999995e-07,3.194527445e-05,0.003580738011,7.344219414e-06,0,PASS,
E28,487,1,0,5.992299999999997e-07,5.992399999999996e-07,6.057999999999995e-07,3.194527445e-05,0.003580738011,7.344219414e-06,0,PASS,
E29,488,0,1,6.042399999999997e-07,6.042499999999997e-07,6.057999999999995e-07,2.266029131e-05,0.0002830482713,3.831232503e-06,0,PASS,
E29,489,1,2,6.042499999999997e-07,6.042599999999996e-07,6.057999999999995e-07,1.397804761e-05,0.0002830482713,3.831232503e-06,0,PASS,
E29,490,2,3,6.042599999999996e-07,6.042699999999996e-07,6.057999999999995e-07,8.245823676e-07,0.0002590949627,6.998737832e-07,0,PASS,
E29,491,3,4,6.042699999999996e-07,6.042799999999995e-07,6.057999999999995e-07,8.245823676e-07,0.0001188509585,1.716521911e-07,0,PASS,
E29,492,4,5,6.042799999999995e-07,6.042899999999995e-07,6.057999999999995e-07,8.245823676e-07,5.621564808e-05,1.716521911e-07,0,PASS,
E29,493,5,6,6.042899999999995e-07,6.042999999999994e-07,6.057999999999995e-07,8.245823676e-07,2.707362999e-05,1.716521911e-07,0,PASS,
E29,494,6,7,6.042999999999994e-07,6.043099999999994e-07,6.057999999999995e-07,8.245823676e-07,1.321844267e-05,1.716521911e-07,0,PASS,
E29,495,7,8,6.119999999999994e-07,6.120099999999994e-07,6.134999999999994e-07,-2.043373149e-06,3.750826875e-07,1.187270247e-07,0,PASS,
E29,496,8,7,6.192099999999994e-07,,,,,,,INVALID,missing_observation_window
E29,497,7,6,6.192199999999993e-07,,,,,,,INVALID,missing_observation_window
E29,498,6,5,6.192299999999993e-07,,,,,,,INVALID,missing_observation_window
E29,499,5,4,6.192399999999992e-07,,,,,,,INVALID,missing_observation_window
E29,500,4,3,6.192499999999992e-07,,,,,,,INVALID,missing_observation_window
E29,501,3,2,6.192599999999992e-07,,,,,,,INVALID,missing_observation_window
E29,502,2,1,6.192699999999991e-07,,,,,,,INVALID,missing_observation_window
E29,503,1,0,6.192799999999991e-07,,,,,,,INVALID,missing_observation_window
