time_s,noise_v,attack_depth_v,vdd_v
0.000000000000e+00,1.452528654068e-03,0.000000000000e+00,1.101452528654e+00
2.500000000000e-10,6.316641192026e-03,0.000000000000e+00,1.106316641192e+00
5.000000000000e-10,5.384475686785e-03,0.000000000000e+00,1.105384475687e+00
7.500000000000e-10,8.820924909051e-04,0.000000000000e+00,1.100882092491e+00
1.000000000000e-09,2.780238109420e-03,0.000000000000e+00,1.102780238109e+00
1.250000000000e-09,5.185950441017e-03,0.000000000000e+00,1.105185950441e+00
1.500000000000e-09,-9.937003293861e-04,0.000000000000e+00,1.099006299671e+00
1.750000000000e-09,-1.240698804077e-03,0.000000000000e+00,1.098759301196e+00
2.000000000000e-09,2.984771863562e-03,0.000000000000e+00,1.102984771864e+00
2.250000000000e-09,-1.339825028645e-03,0.000000000000e+00,1.098660174971e+00
2.500000000000e-09,-6.326212033930e-04,0.000000000000e+00,1.099367378797e+00
2.750000000000e-09,1.489910107985e-03,0.000000000000e+00,1.101489910108e+00
3.000000000000e-09,-7.558771074413e-04,0.000000000000e+00,1.099244122893e+00
3.250000000000e-09,3.167818963852e-03,0.000000000000e+00,1.103167818964e+00
3.500000000000e-09,-9.409085351853e-04,0.000000000000e+00,1.099059091465e+00
3.750000000000e-09,3.659151509272e-03,0.000000000000e+00,1.103659151509e+00
4.000000000000e-09,3.106652807149e-03,0.000000000000e+00,1.103106652807e+00
4.250000000000e-09,2.697509247081e-04,0.000000000000e+00,1.100269750925e+00
4.500000000000e-09,4.648904547390e-03,0.000000000000e+00,1.104648904547e+00
4.750000000000e-09,3.671914792949e-03,0.000000000000e+00,1.103671914793e+00
5.000000000000e-09,1.566642955573e-03,0.000000000000e+00,1.101566642956e+00
5.250000000000e-09,5.428260069234e-03,0.000000000000e+00,1.105428260069e+00
5.500000000000e-09,4.130683076204e-03,0.000000000000e+00,1.104130683076e+00
5.750000000000e-09,1.201765607702e-03,0.000000000000e+00,1.101201765608e+00
6.000000000000e-09,3.511391231969e-03,0.000000000000e+00,1.103511391232e+00
6.250000000000e-09,-3.370397887695e-04,0.000000000000e+00,1.099662960211e+00
6.500000000000e-09,-2.985417739482e-03,0.000000000000e+00,1.097014582261e+00
6.750000000000e-09,-3.367240312021e-03,0.000000000000e+00,1.096632759688e+00
7.000000000000e-09,-1.606026855064e-03,0.000000000000e+00,1.098393973145e+00
7.250000000000e-09,-4.642493919397e-03,0.000000000000e+00,1.095357506081e+00
7.500000000000e-09,-1.102685902864e-04,0.000000000000e+00,1.099889731410e+00
7.750000000000e-09,-2.215838122969e-03,0.000000000000e+00,1.097784161877e+00
8.000000000000e-09,-9.208337270979e-04,0.000000000000e+00,1.099079166273e+00
8.250000000000e-09,-6.877062477200e-04,0.000000000000e+00,1.099312293752e+00
8.500000000000e-09,-7.750461067717e-04,0.000000000000e+00,1.099224953893e+00
8.750000000000e-09,-1.412807308378e-03,0.000000000000e+00,1.098587192692e+00
9.000000000000e-09,-3.388247075342e-03,0.000000000000e+00,1.096611752925e+00
9.250000000000e-09,-1.674813380101e-03,0.000000000000e+00,1.098325186620e+00
9.500000000000e-09,-2.232979504012e-03,0.000000000000e+00,1.097767020496e+00
9.750000000000e-09,-3.297731951750e-03,0.000000000000e+00,1.096702268048e+00
1.000000000000e-08,-7.142056793733e-04,0.000000000000e+00,1.099285794321e+00
1.025000000000e-08,-4.092307094624e-03,0.000000000000e+00,1.095907692905e+00
1.050000000000e-08,-2.026325243138e-03,0.000000000000e+00,1.097973674757e+00
1.075000000000e-08,1.360750233031e-03,0.000000000000e+00,1.101360750233e+00
1.100000000000e-08,-1.842176283610e-04,0.000000000000e+00,1.099815782372e+00
1.125000000000e-08,9.239491999116e-04,0.000000000000e+00,1.100923949200e+00
1.150000000000e-08,1.942781373411e-03,0.000000000000e+00,1.101942781373e+00
1.175000000000e-08,-1.390045275581e-04,0.000000000000e+00,1.099860995472e+00
1.200000000000e-08,1.719010612335e-03,0.000000000000e+00,1.101719010612e+00
1.225000000000e-08,5.368886682719e-03,0.000000000000e+00,1.105368886683e+00
1.250000000000e-08,5.365398929992e-03,0.000000000000e+00,1.105365398930e+00
1.275000000000e-08,5.311245074689e-03,0.000000000000e+00,1.105311245075e+00
1.300000000000e-08,2.036318897514e-04,0.000000000000e+00,1.100203631890e+00
1.325000000000e-08,2.588602603228e-03,0.000000000000e+00,1.102588602603e+00
1.350000000000e-08,3.109329462785e-03,0.000000000000e+00,1.103109329463e+00
1.375000000000e-08,2.569976216348e-04,0.000000000000e+00,1.100256997622e+00
1.400000000000e-08,-7.365194869374e-04,0.000000000000e+00,1.099263480513e+00
1.425000000000e-08,5.698715657191e-04,0.000000000000e+00,1.100569871566e+00
1.450000000000e-08,-2.231644571753e-03,0.000000000000e+00,1.097768355428e+00
1.475000000000e-08,-4.645290561722e-04,0.000000000000e+00,1.099535470944e+00
1.500000000000e-08,-4.198246327076e-03,0.000000000000e+00,1.095801753673e+00
1.525000000000e-08,-2.054377135237e-03,0.000000000000e+00,1.097945622865e+00
1.550000000000e-08,-1.867936762545e-03,0.000000000000e+00,1.098132063237e+00
1.575000000000e-08,-8.566064073545e-04,0.000000000000e+00,1.099143393593e+00
1.600000000000e-08,-9.907649484051e-04,0.000000000000e+00,1.099009235052e+00
1.625000000000e-08,-4.449343777087e-03,0.000000000000e+00,1.095550656223e+00
1.650000000000e-08,-2.514249273657e-03,0.000000000000e+00,1.097485750726e+00
1.675000000000e-08,8.783724382933e-04,0.000000000000e+00,1.100878372438e+00
1.700000000000e-08,-4.388889209050e-04,0.000000000000e+00,1.099561111079e+00
1.725000000000e-08,7.039678030640e-05,0.000000000000e+00,1.100070396780e+00
1.750000000000e-08,-3.525180299714e-03,0.000000000000e+00,1.096474819700e+00
1.775000000000e-08,1.597371462191e-03,0.000000000000e+00,1.101597371462e+00
1.800000000000e-08,-3.150770272285e-03,0.000000000000e+00,1.096849229728e+00
1.825000000000e-08,1.198575957504e-03,0.000000000000e+00,1.101198575958e+00
1.850000000000e-08,-2.756067509509e-03,0.000000000000e+00,1.097243932490e+00
1.875000000000e-08,-1.957113362183e-04,0.000000000000e+00,1.099804288664e+00
1.900000000000e-08,-1.640861860101e-03,0.000000000000e+00,1.098359138140e+00
1.925000000000e-08,2.715684165900e-03,0.000000000000e+00,1.102715684166e+00
1.949000000000e-08,4.228271622484e-04,0.000000000000e+00,1.100422827162e+00
1.950000000000e-08,3.272914537629e-04,3.000000000000e-02,1.070327291454e+00
1.975000000000e-08,-3.123552653598e-04,3.000000000000e-02,1.069687644735e+00
2.000000000000e-08,-2.226980744831e-03,3.000000000000e-02,1.067773019255e+00
2.025000000000e-08,-1.402977220516e-03,3.000000000000e-02,1.068597022779e+00
2.050000000000e-08,4.509592243420e-04,3.000000000000e-02,1.070450959224e+00
2.075000000000e-08,-6.948469656491e-04,3.000000000000e-02,1.069305153034e+00
2.100000000000e-08,-3.596130470514e-03,3.000000000000e-02,1.066403869529e+00
2.125000000000e-08,7.626614172393e-04,3.000000000000e-02,1.070762661417e+00
2.150000000000e-08,-3.009354223551e-03,3.000000000000e-02,1.066990645776e+00
2.175000000000e-08,-4.993387499579e-03,3.000000000000e-02,1.065006612500e+00
2.200000000000e-08,-8.331130088650e-04,3.000000000000e-02,1.069166886991e+00
2.225000000000e-08,-6.898515919053e-03,3.000000000000e-02,1.063101484081e+00
2.250000000000e-08,-1.916187078942e-03,3.000000000000e-02,1.068083812921e+00
2.251000000000e-08,-2.093890827329e-03,0.000000000000e+00,1.097906109173e+00
2.275000000000e-08,-6.358780788617e-03,0.000000000000e+00,1.093641219211e+00
2.300000000000e-08,-5.890871790901e-03,0.000000000000e+00,1.094109128209e+00
2.325000000000e-08,-5.624804513512e-04,0.000000000000e+00,1.099437519549e+00
2.350000000000e-08,-2.313232707595e-03,0.000000000000e+00,1.097686767292e+00
2.375000000000e-08,-1.268580597198e-03,0.000000000000e+00,1.098731419403e+00
2.400000000000e-08,9.069157014231e-04,0.000000000000e+00,1.100906915701e+00
2.425000000000e-08,-1.748560018449e-04,0.000000000000e+00,1.099825143998e+00
2.450000000000e-08,1.641775697211e-03,0.000000000000e+00,1.101641775697e+00
2.475000000000e-08,4.228747546595e-03,0.000000000000e+00,1.104228747547e+00
2.500000000000e-08,-5.559317997522e-04,0.000000000000e+00,1.099444068200e+00
2.525000000000e-08,2.777720287214e-03,0.000000000000e+00,1.102777720287e+00
2.550000000000e-08,4.377424073811e-03,0.000000000000e+00,1.104377424074e+00
2.575000000000e-08,3.665264251588e-03,0.000000000000e+00,1.103665264252e+00
2.600000000000e-08,-1.077628375319e-03,0.000000000000e+00,1.098922371625e+00
2.625000000000e-08,-5.221764969391e-04,0.000000000000e+00,1.099477823503e+00
2.650000000000e-08,-1.111275412831e-03,0.000000000000e+00,1.098888724587e+00
2.675000000000e-08,7.511699893001e-04,0.000000000000e+00,1.100751169989e+00
2.700000000000e-08,1.217142649078e-03,0.000000000000e+00,1.101217142649e+00
2.725000000000e-08,2.513483174765e-03,0.000000000000e+00,1.102513483175e+00
2.750000000000e-08,9.464888727246e-04,0.000000000000e+00,1.100946488873e+00
2.775000000000e-08,8.034320191787e-04,0.000000000000e+00,1.100803432019e+00
2.800000000000e-08,-2.143013080844e-03,0.000000000000e+00,1.097856986919e+00
2.825000000000e-08,-2.260762948023e-03,0.000000000000e+00,1.097739237052e+00
2.850000000000e-08,1.305644032096e-03,0.000000000000e+00,1.101305644032e+00
2.875000000000e-08,2.709413305467e-03,0.000000000000e+00,1.102709413305e+00
2.900000000000e-08,1.204774679236e-03,0.000000000000e+00,1.101204774679e+00
2.925000000000e-08,1.730782217273e-03,0.000000000000e+00,1.101730782217e+00
2.950000000000e-08,-5.908086683232e-04,0.000000000000e+00,1.099409191332e+00
2.975000000000e-08,-1.866690398569e-03,0.000000000000e+00,1.098133309601e+00
3.000000000000e-08,-2.410512619285e-03,0.000000000000e+00,1.097589487381e+00
3.025000000000e-08,3.087977021923e-04,0.000000000000e+00,1.100308797702e+00
3.050000000000e-08,7.000047266029e-04,0.000000000000e+00,1.100700004727e+00
3.075000000000e-08,3.701051711613e-04,0.000000000000e+00,1.100370105171e+00
3.100000000000e-08,8.145447709797e-04,0.000000000000e+00,1.100814544771e+00
3.125000000000e-08,-2.047717267423e-03,0.000000000000e+00,1.097952282733e+00
3.150000000000e-08,2.079543008465e-05,0.000000000000e+00,1.100020795430e+00
3.175000000000e-08,1.331806071990e-03,0.000000000000e+00,1.101331806072e+00
3.200000000000e-08,-1.851832608441e-03,0.000000000000e+00,1.098148167392e+00
3.225000000000e-08,1.271547194005e-03,0.000000000000e+00,1.101271547194e+00
3.250000000000e-08,-4.647494022923e-04,0.000000000000e+00,1.099535250598e+00
3.275000000000e-08,-3.314729379295e-04,0.000000000000e+00,1.099668527062e+00
3.300000000000e-08,-8.764624780086e-05,0.000000000000e+00,1.099912353752e+00
3.325000000000e-08,1.429269489873e-03,0.000000000000e+00,1.101429269490e+00
3.350000000000e-08,-2.519040279414e-03,0.000000000000e+00,1.097480959721e+00
3.375000000000e-08,-1.649205432636e-03,0.000000000000e+00,1.098350794567e+00
3.400000000000e-08,-2.397962482592e-03,0.000000000000e+00,1.097602037517e+00
3.425000000000e-08,-2.247862012313e-03,0.000000000000e+00,1.097752137988e+00
3.450000000000e-08,-2.175935294772e-03,0.000000000000e+00,1.097824064705e+00
3.475000000000e-08,-9.416277136319e-04,0.000000000000e+00,1.099058372286e+00
3.500000000000e-08,1.903053809864e-03,0.000000000000e+00,1.101903053810e+00
3.525000000000e-08,1.850565951230e-03,0.000000000000e+00,1.101850565951e+00
3.550000000000e-08,8.796666382528e-04,0.000000000000e+00,1.100879666638e+00
3.575000000000e-08,-1.674827366785e-03,0.000000000000e+00,1.098325172633e+00
3.600000000000e-08,-2.113433008964e-03,0.000000000000e+00,1.097886566991e+00
3.625000000000e-08,-4.262264015626e-03,0.000000000000e+00,1.095737735984e+00
3.650000000000e-08,1.242528669990e-04,0.000000000000e+00,1.100124252867e+00
3.675000000000e-08,-4.850454448499e-03,0.000000000000e+00,1.095149545552e+00
3.700000000000e-08,-2.854998886023e-03,0.000000000000e+00,1.097145001114e+00
3.725000000000e-08,-4.286110247537e-03,0.000000000000e+00,1.095713889752e+00
3.750000000000e-08,-1.097563039802e-03,0.000000000000e+00,1.098902436960e+00
3.775000000000e-08,-5.059933448370e-03,0.000000000000e+00,1.094940066552e+00
3.800000000000e-08,-4.711817376769e-03,0.000000000000e+00,1.095288182623e+00
3.825000000000e-08,-3.892348482042e-03,0.000000000000e+00,1.096107651518e+00
3.850000000000e-08,-3.094344050367e-03,0.000000000000e+00,1.096905655950e+00
3.875000000000e-08,-4.350860345429e-03,0.000000000000e+00,1.095649139655e+00
3.900000000000e-08,-3.686868339039e-03,0.000000000000e+00,1.096313131661e+00
3.925000000000e-08,8.550619437955e-04,0.000000000000e+00,1.100855061944e+00
3.950000000000e-08,1.301440051395e-03,0.000000000000e+00,1.101301440051e+00
3.975000000000e-08,-5.689479140239e-04,0.000000000000e+00,1.099431052086e+00
4.000000000000e-08,1.188416456921e-03,0.000000000000e+00,1.101188416457e+00
4.025000000000e-08,-1.123675829214e-03,0.000000000000e+00,1.098876324171e+00
4.050000000000e-08,-6.323909165757e-04,0.000000000000e+00,1.099367609083e+00
4.075000000000e-08,2.397612371112e-03,0.000000000000e+00,1.102397612371e+00
4.100000000000e-08,-1.864632007799e-03,0.000000000000e+00,1.098135367992e+00
4.125000000000e-08,9.330460219372e-05,0.000000000000e+00,1.100093304602e+00
4.150000000000e-08,-5.040786600871e-04,0.000000000000e+00,1.099495921340e+00
4.175000000000e-08,2.778647107237e-04,0.000000000000e+00,1.100277864711e+00
4.200000000000e-08,-1.981402780664e-03,0.000000000000e+00,1.098018597219e+00
4.225000000000e-08,-2.632631125914e-03,0.000000000000e+00,1.097367368874e+00
4.250000000000e-08,-3.594909743438e-03,0.000000000000e+00,1.096405090257e+00
4.275000000000e-08,-3.494109803460e-03,0.000000000000e+00,1.096505890197e+00
4.300000000000e-08,-6.017835481880e-03,0.000000000000e+00,1.093982164518e+00
4.325000000000e-08,-6.559550569063e-03,0.000000000000e+00,1.093440449431e+00
4.350000000000e-08,-2.119963785875e-03,0.000000000000e+00,1.097880036214e+00
4.375000000000e-08,-2.424494358636e-03,0.000000000000e+00,1.097575505641e+00
4.400000000000e-08,-2.053796904741e-03,0.000000000000e+00,1.097946203095e+00
4.425000000000e-08,-1.959847906930e-03,0.000000000000e+00,1.098040152093e+00
4.450000000000e-08,-6.513419672643e-03,0.000000000000e+00,1.093486580327e+00
4.475000000000e-08,-6.119240396462e-03,0.000000000000e+00,1.093880759604e+00
4.500000000000e-08,-5.557119637589e-03,0.000000000000e+00,1.094442880362e+00
4.525000000000e-08,-9.378921924607e-04,0.000000000000e+00,1.099062107808e+00
4.550000000000e-08,-2.627832545219e-03,0.000000000000e+00,1.097372167455e+00
4.575000000000e-08,-4.217654453136e-03,0.000000000000e+00,1.095782345547e+00
4.600000000000e-08,-4.415179498046e-03,0.000000000000e+00,1.095584820502e+00
4.625000000000e-08,-5.155803345558e-04,0.000000000000e+00,1.099484419665e+00
4.650000000000e-08,-1.716271215114e-05,0.000000000000e+00,1.099982837288e+00
4.675000000000e-08,2.535147116103e-03,0.000000000000e+00,1.102535147116e+00
4.700000000000e-08,8.744780130470e-04,0.000000000000e+00,1.100874478013e+00
4.725000000000e-08,-6.698239838613e-05,0.000000000000e+00,1.099933017602e+00
4.750000000000e-08,6.200927135063e-03,0.000000000000e+00,1.106200927135e+00
4.775000000000e-08,1.842289826625e-03,0.000000000000e+00,1.101842289827e+00
4.800000000000e-08,-3.483782397696e-05,0.000000000000e+00,1.099965162176e+00
4.825000000000e-08,3.831955508449e-03,0.000000000000e+00,1.103831955508e+00
4.850000000000e-08,8.593630377965e-04,0.000000000000e+00,1.100859363038e+00
4.875000000000e-08,2.905412905387e-03,0.000000000000e+00,1.102905412905e+00
4.900000000000e-08,2.065554085770e-05,0.000000000000e+00,1.100020655541e+00
4.925000000000e-08,3.904820904381e-03,0.000000000000e+00,1.103904820904e+00
4.950000000000e-08,1.950877878458e-03,0.000000000000e+00,1.101950877878e+00
4.975000000000e-08,4.308157529842e-03,0.000000000000e+00,1.104308157530e+00
5.000000000000e-08,-3.938550065228e-04,0.000000000000e+00,1.099606144993e+00
5.025000000000e-08,-1.316693521686e-03,0.000000000000e+00,1.098683306478e+00
5.050000000000e-08,-4.231522072961e-04,0.000000000000e+00,1.099576847793e+00
5.075000000000e-08,-3.986366086741e-04,0.000000000000e+00,1.099601363391e+00
5.100000000000e-08,9.412731580778e-04,0.000000000000e+00,1.100941273158e+00
5.125000000000e-08,3.824250532870e-03,0.000000000000e+00,1.103824250533e+00
5.150000000000e-08,2.616816548164e-03,0.000000000000e+00,1.102616816548e+00
5.175000000000e-08,5.655336630267e-04,0.000000000000e+00,1.100565533663e+00
5.200000000000e-08,2.461404444335e-03,0.000000000000e+00,1.102461404444e+00
5.225000000000e-08,2.384539434782e-03,0.000000000000e+00,1.102384539435e+00
5.250000000000e-08,2.822345824550e-03,0.000000000000e+00,1.102822345825e+00
5.275000000000e-08,3.047312363551e-03,0.000000000000e+00,1.103047312364e+00
5.300000000000e-08,1.746509823227e-04,0.000000000000e+00,1.100174650982e+00
5.325000000000e-08,4.494434412025e-03,0.000000000000e+00,1.104494434412e+00
5.350000000000e-08,3.008427686215e-03,0.000000000000e+00,1.103008427686e+00
5.375000000000e-08,3.277796225337e-03,0.000000000000e+00,1.103277796225e+00
5.400000000000e-08,2.796995466797e-03,0.000000000000e+00,1.102796995467e+00
5.425000000000e-08,4.484032642307e-03,0.000000000000e+00,1.104484032642e+00
5.450000000000e-08,1.688230224857e-03,0.000000000000e+00,1.101688230225e+00
5.475000000000e-08,5.608522634166e-03,0.000000000000e+00,1.105608522634e+00
5.500000000000e-08,5.470662378138e-03,0.000000000000e+00,1.105470662378e+00
5.525000000000e-08,2.976179797370e-03,0.000000000000e+00,1.102976179797e+00
5.550000000000e-08,4.527228364529e-03,0.000000000000e+00,1.104527228365e+00
5.575000000000e-08,3.342365501867e-03,0.000000000000e+00,1.103342365502e+00
5.600000000000e-08,1.404401917161e-03,0.000000000000e+00,1.101404401917e+00
5.625000000000e-08,2.350166603049e-03,0.000000000000e+00,1.102350166603e+00
5.650000000000e-08,3.058629231601e-03,0.000000000000e+00,1.103058629232e+00
5.675000000000e-08,2.342900278355e-04,0.000000000000e+00,1.100234290028e+00
5.700000000000e-08,-6.530845112671e-05,0.000000000000e+00,1.099934691549e+00
5.725000000000e-08,1.041874665400e-03,0.000000000000e+00,1.101041874665e+00
5.750000000000e-08,3.384951286055e-03,0.000000000000e+00,1.103384951286e+00
5.775000000000e-08,3.150324598669e-03,0.000000000000e+00,1.103150324599e+00
5.800000000000e-08,1.535920011575e-03,0.000000000000e+00,1.101535920012e+00
5.825000000000e-08,7.749006077759e-04,0.000000000000e+00,1.100774900608e+00
5.850000000000e-08,1.365334529783e-03,0.000000000000e+00,1.101365334530e+00
5.875000000000e-08,8.109382486705e-04,0.000000000000e+00,1.100810938249e+00
5.900000000000e-08,-1.839274892014e-03,0.000000000000e+00,1.098160725108e+00
5.925000000000e-08,1.966115549881e-03,0.000000000000e+00,1.101966115550e+00
5.950000000000e-08,-1.195423703385e-03,0.000000000000e+00,1.098804576297e+00
5.975000000000e-08,-2.844548544490e-03,0.000000000000e+00,1.097155451456e+00
6.000000000000e-08,-1.018222526031e-04,0.000000000000e+00,1.099898177747e+00
6.025000000000e-08,1.407952283661e-05,0.000000000000e+00,1.100014079523e+00
6.050000000000e-08,-1.348299606600e-03,0.000000000000e+00,1.098651700393e+00
6.075000000000e-08,2.428483190451e-03,0.000000000000e+00,1.102428483190e+00
6.100000000000e-08,-8.261136864038e-04,0.000000000000e+00,1.099173886314e+00
6.125000000000e-08,1.382395489418e-03,0.000000000000e+00,1.101382395489e+00
6.150000000000e-08,1.463222421196e-03,0.000000000000e+00,1.101463222421e+00
6.175000000000e-08,3.273021756930e-03,0.000000000000e+00,1.103273021757e+00
6.200000000000e-08,1.223326262104e-03,0.000000000000e+00,1.101223326262e+00
6.225000000000e-08,3.337814850078e-04,0.000000000000e+00,1.100333781485e+00
6.250000000000e-08,9.921095695140e-04,0.000000000000e+00,1.100992109570e+00
6.275000000000e-08,2.946163920085e-03,0.000000000000e+00,1.102946163920e+00
6.300000000000e-08,2.307986835108e-03,0.000000000000e+00,1.102307986835e+00
6.325000000000e-08,3.851602998182e-03,0.000000000000e+00,1.103851602998e+00
6.350000000000e-08,2.196958663006e-03,0.000000000000e+00,1.102196958663e+00
6.375000000000e-08,3.072988231499e-04,0.000000000000e+00,1.100307298823e+00
6.400000000000e-08,1.775365521280e-03,0.000000000000e+00,1.101775365521e+00
6.425000000000e-08,-4.099603563983e-03,0.000000000000e+00,1.095900396436e+00
6.450000000000e-08,9.366128389633e-04,0.000000000000e+00,1.100936612839e+00
6.475000000000e-08,-2.459714814961e-03,0.000000000000e+00,1.097540285185e+00
6.500000000000e-08,-5.995541974940e-03,0.000000000000e+00,1.094004458025e+00
